stem,accession,form,concept,prefix,label,value,unit,decimals,period_type,start,end,months,period_label,n_dims,dims,n_copies
AAPL_10K_20250927,0000320193-25-000079,10-K,EntityPublicFloat,dei,Entity Public Float,3253431000000.0,usd,-6,instant,,2025-03-28,,2025-03-28,0,,1
AAPL_10K_20250927,0000320193-25-000079,10-K,EntityCommonStockSharesOutstanding,dei,"Entity Common Stock, Shares Outstanding",14776353000.0,shares,-3,instant,,2025-10-17,,2025-10-17,0,,1
AAPL_10K_20250927,0000320193-25-000079,10-K,RevenueFromContractWithCustomerExcludingAssessedTax,us-gaap,"Revenue from Contract with Customer, Excluding Assessed Tax",307003000000.0,usd,-6,duration,2024-09-29,2025-09-27,12.0,FY ended 2025-09-27,1,srt:ProductOrServiceAxis=us-gaap:ProductMember,1
AAPL_10K_20250927,0000320193-25-000079,10-K,RevenueFromContractWithCustomerExcludingAssessedTax,us-gaap,"Revenue from Contract with Customer, Excluding Assessed Tax",294866000000.0,usd,-6,duration,2023-10-01,2024-09-28,12.0,FY ended 2024-09-28,1,srt:ProductOrServiceAxis=us-gaap:ProductMember,1
AAPL_10K_20250927,0000320193-25-000079,10-K,RevenueFromContractWithCustomerExcludingAssessedTax,us-gaap,"Revenue from Contract with Customer, Excluding Assessed Tax",298085000000.0,usd,-6,duration,2022-09-25,2023-09-30,12.0,FY ended 2023-09-30,1,srt:ProductOrServiceAxis=us-gaap:ProductMember,1
AAPL_10K_20250927,0000320193-25-000079,10-K,RevenueFromContractWithCustomerExcludingAssessedTax,us-gaap,"Revenue from Contract with Customer, Excluding Assessed Tax",109158000000.0,usd,-6,duration,2024-09-29,2025-09-27,12.0,FY ended 2025-09-27,1,srt:ProductOrServiceAxis=us-gaap:ServiceMember,2
AAPL_10K_20250927,0000320193-25-000079,10-K,RevenueFromContractWithCustomerExcludingAssessedTax,us-gaap,"Revenue from Contract with Customer, Excluding Assessed Tax",96169000000.0,usd,-6,duration,2023-10-01,2024-09-28,12.0,FY ended 2024-09-28,1,srt:ProductOrServiceAxis=us-gaap:ServiceMember,2
AAPL_10K_20250927,0000320193-25-000079,10-K,RevenueFromContractWithCustomerExcludingAssessedTax,us-gaap,"Revenue from Contract with Customer, Excluding Assessed Tax",85200000000.0,usd,-6,duration,2022-09-25,2023-09-30,12.0,FY ended 2023-09-30,1,srt:ProductOrServiceAxis=us-gaap:ServiceMember,2
AAPL_10K_20250927,0000320193-25-000079,10-K,RevenueFromContractWithCustomerExcludingAssessedTax,us-gaap,"Revenue from Contract with Customer, Excluding Assessed Tax",416161000000.0,usd,-6,duration,2024-09-29,2025-09-27,12.0,FY ended 2025-09-27,0,,4
AAPL_10K_20250927,0000320193-25-000079,10-K,RevenueFromContractWithCustomerExcludingAssessedTax,us-gaap,"Revenue from Contract with Customer, Excluding Assessed Tax",391035000000.0,usd,-6,duration,2023-10-01,2024-09-28,12.0,FY ended 2024-09-28,0,,4
AAPL_10K_20250927,0000320193-25-000079,10-K,RevenueFromContractWithCustomerExcludingAssessedTax,us-gaap,"Revenue from Contract with Customer, Excluding Assessed Tax",383285000000.0,usd,-6,duration,2022-09-25,2023-09-30,12.0,FY ended 2023-09-30,0,,4
AAPL_10K_20250927,0000320193-25-000079,10-K,CostOfGoodsAndServicesSold,us-gaap,Cost of Product and Service Sold,194116000000.0,usd,-6,duration,2024-09-29,2025-09-27,12.0,FY ended 2025-09-27,1,srt:ProductOrServiceAxis=us-gaap:ProductMember,1
AAPL_10K_20250927,0000320193-25-000079,10-K,CostOfGoodsAndServicesSold,us-gaap,Cost of Product and Service Sold,185233000000.0,usd,-6,duration,2023-10-01,2024-09-28,12.0,FY ended 2024-09-28,1,srt:ProductOrServiceAxis=us-gaap:ProductMember,1
AAPL_10K_20250927,0000320193-25-000079,10-K,CostOfGoodsAndServicesSold,us-gaap,Cost of Product and Service Sold,189282000000.0,usd,-6,duration,2022-09-25,2023-09-30,12.0,FY ended 2023-09-30,1,srt:ProductOrServiceAxis=us-gaap:ProductMember,1
AAPL_10K_20250927,0000320193-25-000079,10-K,CostOfGoodsAndServicesSold,us-gaap,Cost of Product and Service Sold,26844000000.0,usd,-6,duration,2024-09-29,2025-09-27,12.0,FY ended 2025-09-27,1,srt:ProductOrServiceAxis=us-gaap:ServiceMember,1
AAPL_10K_20250927,0000320193-25-000079,10-K,CostOfGoodsAndServicesSold,us-gaap,Cost of Product and Service Sold,25119000000.0,usd,-6,duration,2023-10-01,2024-09-28,12.0,FY ended 2024-09-28,1,srt:ProductOrServiceAxis=us-gaap:ServiceMember,1
AAPL_10K_20250927,0000320193-25-000079,10-K,CostOfGoodsAndServicesSold,us-gaap,Cost of Product and Service Sold,24855000000.0,usd,-6,duration,2022-09-25,2023-09-30,12.0,FY ended 2023-09-30,1,srt:ProductOrServiceAxis=us-gaap:ServiceMember,1
AAPL_10K_20250927,0000320193-25-000079,10-K,CostOfGoodsAndServicesSold,us-gaap,Cost of Product and Service Sold,220960000000.0,usd,-6,duration,2024-09-29,2025-09-27,12.0,FY ended 2025-09-27,0,,2
AAPL_10K_20250927,0000320193-25-000079,10-K,CostOfGoodsAndServicesSold,us-gaap,Cost of Product and Service Sold,210352000000.0,usd,-6,duration,2023-10-01,2024-09-28,12.0,FY ended 2024-09-28,0,,2
AAPL_10K_20250927,0000320193-25-000079,10-K,CostOfGoodsAndServicesSold,us-gaap,Cost of Product and Service Sold,214137000000.0,usd,-6,duration,2022-09-25,2023-09-30,12.0,FY ended 2023-09-30,0,,2
AAPL_10K_20250927,0000320193-25-000079,10-K,GrossProfit,us-gaap,Gross Profit,195201000000.0,usd,-6,duration,2024-09-29,2025-09-27,12.0,FY ended 2025-09-27,0,,1
AAPL_10K_20250927,0000320193-25-000079,10-K,GrossProfit,us-gaap,Gross Profit,180683000000.0,usd,-6,duration,2023-10-01,2024-09-28,12.0,FY ended 2024-09-28,0,,1
AAPL_10K_20250927,0000320193-25-000079,10-K,GrossProfit,us-gaap,Gross Profit,169148000000.0,usd,-6,duration,2022-09-25,2023-09-30,12.0,FY ended 2023-09-30,0,,1
AAPL_10K_20250927,0000320193-25-000079,10-K,ResearchAndDevelopmentExpense,us-gaap,Research and Development Expense,34550000000.0,usd,-6,duration,2024-09-29,2025-09-27,12.0,FY ended 2025-09-27,0,,2
AAPL_10K_20250927,0000320193-25-000079,10-K,ResearchAndDevelopmentExpense,us-gaap,Research and Development Expense,31370000000.0,usd,-6,duration,2023-10-01,2024-09-28,12.0,FY ended 2024-09-28,0,,2
AAPL_10K_20250927,0000320193-25-000079,10-K,ResearchAndDevelopmentExpense,us-gaap,Research and Development Expense,29915000000.0,usd,-6,duration,2022-09-25,2023-09-30,12.0,FY ended 2023-09-30,0,,2
AAPL_10K_20250927,0000320193-25-000079,10-K,SellingGeneralAndAdministrativeExpense,us-gaap,"Selling, General and Administrative Expense",27601000000.0,usd,-6,duration,2024-09-29,2025-09-27,12.0,FY ended 2025-09-27,0,,1
AAPL_10K_20250927,0000320193-25-000079,10-K,SellingGeneralAndAdministrativeExpense,us-gaap,"Selling, General and Administrative Expense",26097000000.0,usd,-6,duration,2023-10-01,2024-09-28,12.0,FY ended 2024-09-28,0,,1
AAPL_10K_20250927,0000320193-25-000079,10-K,SellingGeneralAndAdministrativeExpense,us-gaap,"Selling, General and Administrative Expense",24932000000.0,usd,-6,duration,2022-09-25,2023-09-30,12.0,FY ended 2023-09-30,0,,1
AAPL_10K_20250927,0000320193-25-000079,10-K,OperatingExpenses,us-gaap,Operating Expenses,62151000000.0,usd,-6,duration,2024-09-29,2025-09-27,12.0,FY ended 2025-09-27,0,,1
AAPL_10K_20250927,0000320193-25-000079,10-K,OperatingExpenses,us-gaap,Operating Expenses,57467000000.0,usd,-6,duration,2023-10-01,2024-09-28,12.0,FY ended 2024-09-28,0,,1
AAPL_10K_20250927,0000320193-25-000079,10-K,OperatingExpenses,us-gaap,Operating Expenses,54847000000.0,usd,-6,duration,2022-09-25,2023-09-30,12.0,FY ended 2023-09-30,0,,1
AAPL_10K_20250927,0000320193-25-000079,10-K,OperatingIncomeLoss,us-gaap,Operating Income (Loss),133050000000.0,usd,-6,duration,2024-09-29,2025-09-27,12.0,FY ended 2025-09-27,0,,2
AAPL_10K_20250927,0000320193-25-000079,10-K,OperatingIncomeLoss,us-gaap,Operating Income (Loss),123216000000.0,usd,-6,duration,2023-10-01,2024-09-28,12.0,FY ended 2024-09-28,0,,2
AAPL_10K_20250927,0000320193-25-000079,10-K,OperatingIncomeLoss,us-gaap,Operating Income (Loss),114301000000.0,usd,-6,duration,2022-09-25,2023-09-30,12.0,FY ended 2023-09-30,0,,2
AAPL_10K_20250927,0000320193-25-000079,10-K,NonoperatingIncomeExpense,us-gaap,Nonoperating Income (Expense),-321000000.0,usd,-6,duration,2024-09-29,2025-09-27,12.0,FY ended 2025-09-27,0,,1
AAPL_10K_20250927,0000320193-25-000079,10-K,NonoperatingIncomeExpense,us-gaap,Nonoperating Income (Expense),269000000.0,usd,-6,duration,2023-10-01,2024-09-28,12.0,FY ended 2024-09-28,0,,1
AAPL_10K_20250927,0000320193-25-000079,10-K,NonoperatingIncomeExpense,us-gaap,Nonoperating Income (Expense),-565000000.0,usd,-6,duration,2022-09-25,2023-09-30,12.0,FY ended 2023-09-30,0,,1
AAPL_10K_20250927,0000320193-25-000079,10-K,IncomeLossFromContinuingOperationsBeforeIncomeTaxesExtraordinaryItemsNoncontrollingInterest,us-gaap,"Income (Loss) from Continuing Operations before Income Taxes, Noncontrolling Interest",132729000000.0,usd,-6,duration,2024-09-29,2025-09-27,12.0,FY ended 2025-09-27,0,,1
AAPL_10K_20250927,0000320193-25-000079,10-K,IncomeLossFromContinuingOperationsBeforeIncomeTaxesExtraordinaryItemsNoncontrollingInterest,us-gaap,"Income (Loss) from Continuing Operations before Income Taxes, Noncontrolling Interest",123485000000.0,usd,-6,duration,2023-10-01,2024-09-28,12.0,FY ended 2024-09-28,0,,1
AAPL_10K_20250927,0000320193-25-000079,10-K,IncomeLossFromContinuingOperationsBeforeIncomeTaxesExtraordinaryItemsNoncontrollingInterest,us-gaap,"Income (Loss) from Continuing Operations before Income Taxes, Noncontrolling Interest",113736000000.0,usd,-6,duration,2022-09-25,2023-09-30,12.0,FY ended 2023-09-30,0,,1
AAPL_10K_20250927,0000320193-25-000079,10-K,IncomeTaxExpenseBenefit,us-gaap,Income Tax Expense (Benefit),20719000000.0,usd,-6,duration,2024-09-29,2025-09-27,12.0,FY ended 2025-09-27,0,,3
AAPL_10K_20250927,0000320193-25-000079,10-K,IncomeTaxExpenseBenefit,us-gaap,Income Tax Expense (Benefit),29749000000.0,usd,-6,duration,2023-10-01,2024-09-28,12.0,FY ended 2024-09-28,0,,3
AAPL_10K_20250927,0000320193-25-000079,10-K,IncomeTaxExpenseBenefit,us-gaap,Income Tax Expense (Benefit),16741000000.0,usd,-6,duration,2022-09-25,2023-09-30,12.0,FY ended 2023-09-30,0,,3
AAPL_10K_20250927,0000320193-25-000079,10-K,NetIncomeLoss,us-gaap,Net Income (Loss) Attributable to Parent,112010000000.0,usd,-6,duration,2024-09-29,2025-09-27,12.0,FY ended 2025-09-27,0,,4
AAPL_10K_20250927,0000320193-25-000079,10-K,NetIncomeLoss,us-gaap,Net Income (Loss) Attributable to Parent,93736000000.0,usd,-6,duration,2023-10-01,2024-09-28,12.0,FY ended 2024-09-28,0,,4
AAPL_10K_20250927,0000320193-25-000079,10-K,NetIncomeLoss,us-gaap,Net Income (Loss) Attributable to Parent,96995000000.0,usd,-6,duration,2022-09-25,2023-09-30,12.0,FY ended 2023-09-30,0,,4
AAPL_10K_20250927,0000320193-25-000079,10-K,EarningsPerShareBasic,us-gaap,"Earnings Per Share, Basic",7.49,usdPerShare,2,duration,2024-09-29,2025-09-27,12.0,FY ended 2025-09-27,0,,2
AAPL_10K_20250927,0000320193-25-000079,10-K,EarningsPerShareBasic,us-gaap,"Earnings Per Share, Basic",6.11,usdPerShare,2,duration,2023-10-01,2024-09-28,12.0,FY ended 2024-09-28,0,,2
AAPL_10K_20250927,0000320193-25-000079,10-K,EarningsPerShareBasic,us-gaap,"Earnings Per Share, Basic",6.16,usdPerShare,2,duration,2022-09-25,2023-09-30,12.0,FY ended 2023-09-30,0,,2
AAPL_10K_20250927,0000320193-25-000079,10-K,EarningsPerShareDiluted,us-gaap,"Earnings Per Share, Diluted",7.46,usdPerShare,2,duration,2024-09-29,2025-09-27,12.0,FY ended 2025-09-27,0,,2
AAPL_10K_20250927,0000320193-25-000079,10-K,EarningsPerShareDiluted,us-gaap,"Earnings Per Share, Diluted",6.08,usdPerShare,2,duration,2023-10-01,2024-09-28,12.0,FY ended 2024-09-28,0,,2
AAPL_10K_20250927,0000320193-25-000079,10-K,EarningsPerShareDiluted,us-gaap,"Earnings Per Share, Diluted",6.13,usdPerShare,2,duration,2022-09-25,2023-09-30,12.0,FY ended 2023-09-30,0,,2
AAPL_10K_20250927,0000320193-25-000079,10-K,WeightedAverageNumberOfSharesOutstandingBasic,us-gaap,"Weighted Average Number of Shares Outstanding, Basic",14948500000.0,shares,-3,duration,2024-09-29,2025-09-27,12.0,FY ended 2025-09-27,0,,2
AAPL_10K_20250927,0000320193-25-000079,10-K,WeightedAverageNumberOfSharesOutstandingBasic,us-gaap,"Weighted Average Number of Shares Outstanding, Basic",15343783000.0,shares,-3,duration,2023-10-01,2024-09-28,12.0,FY ended 2024-09-28,0,,2
AAPL_10K_20250927,0000320193-25-000079,10-K,WeightedAverageNumberOfSharesOutstandingBasic,us-gaap,"Weighted Average Number of Shares Outstanding, Basic",15744231000.0,shares,-3,duration,2022-09-25,2023-09-30,12.0,FY ended 2023-09-30,0,,2
AAPL_10K_20250927,0000320193-25-000079,10-K,WeightedAverageNumberOfDilutedSharesOutstanding,us-gaap,"Weighted Average Number of Shares Outstanding, Diluted",15004697000.0,shares,-3,duration,2024-09-29,2025-09-27,12.0,FY ended 2025-09-27,0,,2
AAPL_10K_20250927,0000320193-25-000079,10-K,WeightedAverageNumberOfDilutedSharesOutstanding,us-gaap,"Weighted Average Number of Shares Outstanding, Diluted",15408095000.0,shares,-3,duration,2023-10-01,2024-09-28,12.0,FY ended 2024-09-28,0,,2
AAPL_10K_20250927,0000320193-25-000079,10-K,WeightedAverageNumberOfDilutedSharesOutstanding,us-gaap,"Weighted Average Number of Shares Outstanding, Diluted",15812547000.0,shares,-3,duration,2022-09-25,2023-09-30,12.0,FY ended 2023-09-30,0,,2
AAPL_10K_20250927,0000320193-25-000079,10-K,OtherComprehensiveIncomeLossForeignCurrencyTransactionAndTranslationAdjustmentNetOfTax,us-gaap,"Other Comprehensive Income (Loss), Foreign Currency Transaction and Translation Adjustment, Net of Tax",-267000000.0,usd,-6,duration,2024-09-29,2025-09-27,12.0,FY ended 2025-09-27,0,,1
AAPL_10K_20250927,0000320193-25-000079,10-K,OtherComprehensiveIncomeLossForeignCurrencyTransactionAndTranslationAdjustmentNetOfTax,us-gaap,"Other Comprehensive Income (Loss), Foreign Currency Transaction and Translation Adjustment, Net of Tax",395000000.0,usd,-6,duration,2023-10-01,2024-09-28,12.0,FY ended 2024-09-28,0,,1
AAPL_10K_20250927,0000320193-25-000079,10-K,OtherComprehensiveIncomeLossForeignCurrencyTransactionAndTranslationAdjustmentNetOfTax,us-gaap,"Other Comprehensive Income (Loss), Foreign Currency Transaction and Translation Adjustment, Net of Tax",-765000000.0,usd,-6,duration,2022-09-25,2023-09-30,12.0,FY ended 2023-09-30,0,,1
AAPL_10K_20250927,0000320193-25-000079,10-K,OtherComprehensiveIncomeLossCashFlowHedgeGainLossBeforeReclassificationAfterTax,us-gaap,"Other Comprehensive Income (Loss), Cash Flow Hedge, Gain (Loss), before Reclassification, after Tax",849000000.0,usd,-6,duration,2024-09-29,2025-09-27,12.0,FY ended 2025-09-27,0,,1
AAPL_10K_20250927,0000320193-25-000079,10-K,OtherComprehensiveIncomeLossDerivativeInstrumentGainLossbeforeReclassificationafterTax,aapl,"Other Comprehensive Income (Loss), Derivative Instrument, Gain (Loss), before Reclassification, after Tax",-832000000.0,usd,-6,duration,2023-10-01,2024-09-28,12.0,FY ended 2024-09-28,0,,1
AAPL_10K_20250927,0000320193-25-000079,10-K,OtherComprehensiveIncomeLossDerivativeInstrumentGainLossbeforeReclassificationafterTax,aapl,"Other Comprehensive Income (Loss), Derivative Instrument, Gain (Loss), before Reclassification, after Tax",323000000.0,usd,-6,duration,2022-09-25,2023-09-30,12.0,FY ended 2023-09-30,0,,1
AAPL_10K_20250927,0000320193-25-000079,10-K,OtherComprehensiveIncomeLossCashFlowHedgeGainLossReclassificationAfterTax,us-gaap,"Other Comprehensive Income (Loss), Cash Flow Hedge, Gain (Loss), Reclassification, after Tax",212000000.0,usd,-6,duration,2024-09-29,2025-09-27,12.0,FY ended 2025-09-27,0,,1
AAPL_10K_20250927,0000320193-25-000079,10-K,OtherComprehensiveIncomeLossDerivativeInstrumentGainLossReclassificationAfterTax,aapl,"Other Comprehensive Income (Loss), Derivative Instrument, Gain (Loss), Reclassification, after Tax",1337000000.0,usd,-6,duration,2023-10-01,2024-09-28,12.0,FY ended 2024-09-28,0,,1
AAPL_10K_20250927,0000320193-25-000079,10-K,OtherComprehensiveIncomeLossDerivativeInstrumentGainLossReclassificationAfterTax,aapl,"Other Comprehensive Income (Loss), Derivative Instrument, Gain (Loss), Reclassification, after Tax",1717000000.0,usd,-6,duration,2022-09-25,2023-09-30,12.0,FY ended 2023-09-30,0,,1
AAPL_10K_20250927,0000320193-25-000079,10-K,OtherComprehensiveIncomeLossCashFlowHedgeGainLossAfterReclassificationAndTax,us-gaap,"Other Comprehensive Income (Loss), Cash Flow Hedge, Gain (Loss), after Reclassification and Tax",637000000.0,usd,-6,duration,2024-09-29,2025-09-27,12.0,FY ended 2025-09-27,0,,1
AAPL_10K_20250927,0000320193-25-000079,10-K,OtherComprehensiveIncomeLossDerivativeInstrumentGainLossafterReclassificationandTax,aapl,"Other Comprehensive Income (Loss), Derivative Instrument, Gain (Loss), after Reclassification and Tax",-2169000000.0,usd,-6,duration,2023-10-01,2024-09-28,12.0,FY ended 2024-09-28,0,,1
AAPL_10K_20250927,0000320193-25-000079,10-K,OtherComprehensiveIncomeLossDerivativeInstrumentGainLossafterReclassificationandTax,aapl,"Other Comprehensive Income (Loss), Derivative Instrument, Gain (Loss), after Reclassification and Tax",-1394000000.0,usd,-6,duration,2022-09-25,2023-09-30,12.0,FY ended 2023-09-30,0,,1
AAPL_10K_20250927,0000320193-25-000079,10-K,OtherComprehensiveIncomeUnrealizedHoldingGainLossOnSecuritiesArisingDuringPeriodNetOfTax,us-gaap,"OCI, Debt Securities, Available-for-Sale, Unrealized Holding Gain (Loss), before Adjustment, after Tax",817000000.0,usd,-6,duration,2024-09-29,2025-09-27,12.0,FY ended 2025-09-27,0,,1
AAPL_10K_20250927,0000320193-25-000079,10-K,OtherComprehensiveIncomeUnrealizedHoldingGainLossOnSecuritiesArisingDuringPeriodNetOfTax,us-gaap,"OCI, Debt Securities, Available-for-Sale, Unrealized Holding Gain (Loss), before Adjustment, after Tax",5850000000.0,usd,-6,duration,2023-10-01,2024-09-28,12.0,FY ended 2024-09-28,0,,1
AAPL_10K_20250927,0000320193-25-000079,10-K,OtherComprehensiveIncomeUnrealizedHoldingGainLossOnSecuritiesArisingDuringPeriodNetOfTax,us-gaap,"OCI, Debt Securities, Available-for-Sale, Unrealized Holding Gain (Loss), before Adjustment, after Tax",1563000000.0,usd,-6,duration,2022-09-25,2023-09-30,12.0,FY ended 2023-09-30,0,,1
AAPL_10K_20250927,0000320193-25-000079,10-K,OtherComprehensiveIncomeLossReclassificationAdjustmentFromAOCIForSaleOfSecuritiesNetOfTax,us-gaap,"Other Comprehensive Income (Loss), Reclassification Adjustment from AOCI for Sale of Securities, Net of Tax",-414000000.0,usd,-6,duration,2024-09-29,2025-09-27,12.0,FY ended 2025-09-27,0,,1
AAPL_10K_20250927,0000320193-25-000079,10-K,OtherComprehensiveIncomeLossReclassificationAdjustmentFromAOCIForSaleOfSecuritiesNetOfTax,us-gaap,"Other Comprehensive Income (Loss), Reclassification Adjustment from AOCI for Sale of Securities, Net of Tax",-204000000.0,usd,-6,duration,2023-10-01,2024-09-28,12.0,FY ended 2024-09-28,0,,1
AAPL_10K_20250927,0000320193-25-000079,10-K,OtherComprehensiveIncomeLossReclassificationAdjustmentFromAOCIForSaleOfSecuritiesNetOfTax,us-gaap,"Other Comprehensive Income (Loss), Reclassification Adjustment from AOCI for Sale of Securities, Net of Tax",-253000000.0,usd,-6,duration,2022-09-25,2023-09-30,12.0,FY ended 2023-09-30,0,,1
AAPL_10K_20250927,0000320193-25-000079,10-K,OtherComprehensiveIncomeLossAvailableForSaleSecuritiesAdjustmentNetOfTax,us-gaap,"OCI, Debt Securities, Available-for-Sale, Gain (Loss), after Adjustment and Tax",1231000000.0,usd,-6,duration,2024-09-29,2025-09-27,12.0,FY ended 2025-09-27,0,,1
AAPL_10K_20250927,0000320193-25-000079,10-K,OtherComprehensiveIncomeLossAvailableForSaleSecuritiesAdjustmentNetOfTax,us-gaap,"OCI, Debt Securities, Available-for-Sale, Gain (Loss), after Adjustment and Tax",6054000000.0,usd,-6,duration,2023-10-01,2024-09-28,12.0,FY ended 2024-09-28,0,,1
AAPL_10K_20250927,0000320193-25-000079,10-K,OtherComprehensiveIncomeLossAvailableForSaleSecuritiesAdjustmentNetOfTax,us-gaap,"OCI, Debt Securities, Available-for-Sale, Gain (Loss), after Adjustment and Tax",1816000000.0,usd,-6,duration,2022-09-25,2023-09-30,12.0,FY ended 2023-09-30,0,,1
AAPL_10K_20250927,0000320193-25-000079,10-K,OtherComprehensiveIncomeLossNetOfTaxPortionAttributableToParent,us-gaap,"Other Comprehensive Income (Loss), Net of Tax, Portion Attributable to Parent",1601000000.0,usd,-6,duration,2024-09-29,2025-09-27,12.0,FY ended 2025-09-27,0,,1
AAPL_10K_20250927,0000320193-25-000079,10-K,OtherComprehensiveIncomeLossNetOfTaxPortionAttributableToParent,us-gaap,"Other Comprehensive Income (Loss), Net of Tax, Portion Attributable to Parent",4280000000.0,usd,-6,duration,2023-10-01,2024-09-28,12.0,FY ended 2024-09-28,0,,1
AAPL_10K_20250927,0000320193-25-000079,10-K,OtherComprehensiveIncomeLossNetOfTaxPortionAttributableToParent,us-gaap,"Other Comprehensive Income (Loss), Net of Tax, Portion Attributable to Parent",-343000000.0,usd,-6,duration,2022-09-25,2023-09-30,12.0,FY ended 2023-09-30,0,,1
AAPL_10K_20250927,0000320193-25-000079,10-K,ComprehensiveIncomeNetOfTax,us-gaap,"Comprehensive Income (Loss), Net of Tax, Attributable to Parent",113611000000.0,usd,-6,duration,2024-09-29,2025-09-27,12.0,FY ended 2025-09-27,0,,1
AAPL_10K_20250927,0000320193-25-000079,10-K,ComprehensiveIncomeNetOfTax,us-gaap,"Comprehensive Income (Loss), Net of Tax, Attributable to Parent",98016000000.0,usd,-6,duration,2023-10-01,2024-09-28,12.0,FY ended 2024-09-28,0,,1
AAPL_10K_20250927,0000320193-25-000079,10-K,ComprehensiveIncomeNetOfTax,us-gaap,"Comprehensive Income (Loss), Net of Tax, Attributable to Parent",96652000000.0,usd,-6,duration,2022-09-25,2023-09-30,12.0,FY ended 2023-09-30,0,,1
AAPL_10K_20250927,0000320193-25-000079,10-K,CashAndCashEquivalentsAtCarryingValue,us-gaap,Cash and Cash Equivalent,35934000000.0,usd,-6,instant,,2025-09-27,,2025-09-27,0,,2
AAPL_10K_20250927,0000320193-25-000079,10-K,CashAndCashEquivalentsAtCarryingValue,us-gaap,Cash and Cash Equivalent,29943000000.0,usd,-6,instant,,2024-09-28,,2024-09-28,0,,2
AAPL_10K_20250927,0000320193-25-000079,10-K,MarketableSecuritiesCurrent,us-gaap,"Marketable Securities, Current",18763000000.0,usd,-6,instant,,2025-09-27,,2025-09-27,0,,2
AAPL_10K_20250927,0000320193-25-000079,10-K,MarketableSecuritiesCurrent,us-gaap,"Marketable Securities, Current",35228000000.0,usd,-6,instant,,2024-09-28,,2024-09-28,0,,2
AAPL_10K_20250927,0000320193-25-000079,10-K,AccountsReceivableNetCurrent,us-gaap,"Accounts Receivable, after Allowance for Credit Loss, Current",39777000000.0,usd,-6,instant,,2025-09-27,,2025-09-27,0,,1
AAPL_10K_20250927,0000320193-25-000079,10-K,AccountsReceivableNetCurrent,us-gaap,"Accounts Receivable, after Allowance for Credit Loss, Current",33410000000.0,usd,-6,instant,,2024-09-28,,2024-09-28,0,,1
AAPL_10K_20250927,0000320193-25-000079,10-K,NontradeReceivablesCurrent,us-gaap,"Nontrade Receivables, Current",33180000000.0,usd,-6,instant,,2025-09-27,,2025-09-27,0,,1
AAPL_10K_20250927,0000320193-25-000079,10-K,NontradeReceivablesCurrent,us-gaap,"Nontrade Receivables, Current",32833000000.0,usd,-6,instant,,2024-09-28,,2024-09-28,0,,1
AAPL_10K_20250927,0000320193-25-000079,10-K,InventoryNet,us-gaap,"Inventory, Net",5718000000.0,usd,-6,instant,,2025-09-27,,2025-09-27,0,,1
AAPL_10K_20250927,0000320193-25-000079,10-K,InventoryNet,us-gaap,"Inventory, Net",7286000000.0,usd,-6,instant,,2024-09-28,,2024-09-28,0,,1
AAPL_10K_20250927,0000320193-25-000079,10-K,OtherAssetsCurrent,us-gaap,"Other Assets, Current",14585000000.0,usd,-6,instant,,2025-09-27,,2025-09-27,0,,1
AAPL_10K_20250927,0000320193-25-000079,10-K,OtherAssetsCurrent,us-gaap,"Other Assets, Current",14287000000.0,usd,-6,instant,,2024-09-28,,2024-09-28,0,,1
AAPL_10K_20250927,0000320193-25-000079,10-K,AssetsCurrent,us-gaap,"Assets, Current",147957000000.0,usd,-6,instant,,2025-09-27,,2025-09-27,0,,1
AAPL_10K_20250927,0000320193-25-000079,10-K,AssetsCurrent,us-gaap,"Assets, Current",152987000000.0,usd,-6,instant,,2024-09-28,,2024-09-28,0,,1
AAPL_10K_20250927,0000320193-25-000079,10-K,MarketableSecuritiesNoncurrent,us-gaap,"Marketable Securities, Noncurrent",77723000000.0,usd,-6,instant,,2025-09-27,,2025-09-27,0,,2
AAPL_10K_20250927,0000320193-25-000079,10-K,MarketableSecuritiesNoncurrent,us-gaap,"Marketable Securities, Noncurrent",91479000000.0,usd,-6,instant,,2024-09-28,,2024-09-28,0,,2
AAPL_10K_20250927,0000320193-25-000079,10-K,PropertyPlantAndEquipmentNet,us-gaap,"Property, Plant and Equipment, Net",49834000000.0,usd,-6,instant,,2025-09-27,,2025-09-27,0,,2
AAPL_10K_20250927,0000320193-25-000079,10-K,PropertyPlantAndEquipmentNet,us-gaap,"Property, Plant and Equipment, Net",45680000000.0,usd,-6,instant,,2024-09-28,,2024-09-28,0,,2
AAPL_10K_20250927,0000320193-25-000079,10-K,OtherAssetsNoncurrent,us-gaap,"Other Assets, Noncurrent",83727000000.0,usd,-6,instant,,2025-09-27,,2025-09-27,0,,2
AAPL_10K_20250927,0000320193-25-000079,10-K,OtherAssetsNoncurrent,us-gaap,"Other Assets, Noncurrent",74834000000.0,usd,-6,instant,,2024-09-28,,2024-09-28,0,,2
AAPL_10K_20250927,0000320193-25-000079,10-K,AssetsNoncurrent,us-gaap,"Assets, Noncurrent",211284000000.0,usd,-6,instant,,2025-09-27,,2025-09-27,0,,1
AAPL_10K_20250927,0000320193-25-000079,10-K,AssetsNoncurrent,us-gaap,"Assets, Noncurrent",211993000000.0,usd,-6,instant,,2024-09-28,,2024-09-28,0,,1
AAPL_10K_20250927,0000320193-25-000079,10-K,Assets,us-gaap,Assets,359241000000.0,usd,-6,instant,,2025-09-27,,2025-09-27,0,,1
AAPL_10K_20250927,0000320193-25-000079,10-K,Assets,us-gaap,Assets,364980000000.0,usd,-6,instant,,2024-09-28,,2024-09-28,0,,1
AAPL_10K_20250927,0000320193-25-000079,10-K,AccountsPayableCurrent,us-gaap,"Accounts Payable, Current",69860000000.0,usd,-6,instant,,2025-09-27,,2025-09-27,0,,1
AAPL_10K_20250927,0000320193-25-000079,10-K,AccountsPayableCurrent,us-gaap,"Accounts Payable, Current",68960000000.0,usd,-6,instant,,2024-09-28,,2024-09-28,0,,1
AAPL_10K_20250927,0000320193-25-000079,10-K,OtherLiabilitiesCurrent,us-gaap,"Other Liabilities, Current",66387000000.0,usd,-6,instant,,2025-09-27,,2025-09-27,0,,2
AAPL_10K_20250927,0000320193-25-000079,10-K,OtherLiabilitiesCurrent,us-gaap,"Other Liabilities, Current",78304000000.0,usd,-6,instant,,2024-09-28,,2024-09-28,0,,2
AAPL_10K_20250927,0000320193-25-000079,10-K,ContractWithCustomerLiabilityCurrent,us-gaap,"Contract with Customer, Liability, Current",9055000000.0,usd,-6,instant,,2025-09-27,,2025-09-27,0,,1
AAPL_10K_20250927,0000320193-25-000079,10-K,ContractWithCustomerLiabilityCurrent,us-gaap,"Contract with Customer, Liability, Current",8249000000.0,usd,-6,instant,,2024-09-28,,2024-09-28,0,,1
AAPL_10K_20250927,0000320193-25-000079,10-K,CommercialPaper,us-gaap,Commercial Paper,7979000000.0,usd,-6,instant,,2025-09-27,,2025-09-27,0,,1
AAPL_10K_20250927,0000320193-25-000079,10-K,CommercialPaper,us-gaap,Commercial Paper,9967000000.0,usd,-6,instant,,2024-09-28,,2024-09-28,0,,1
AAPL_10K_20250927,0000320193-25-000079,10-K,LongTermDebtCurrent,us-gaap,"Long-Term Debt, Current Maturities",12350000000.0,usd,-6,instant,,2025-09-27,,2025-09-27,0,,2
AAPL_10K_20250927,0000320193-25-000079,10-K,LongTermDebtCurrent,us-gaap,"Long-Term Debt, Current Maturities",10912000000.0,usd,-6,instant,,2024-09-28,,2024-09-28,0,,2
AAPL_10K_20250927,0000320193-25-000079,10-K,LiabilitiesCurrent,us-gaap,"Liabilities, Current",165631000000.0,usd,-6,instant,,2025-09-27,,2025-09-27,0,,1
AAPL_10K_20250927,0000320193-25-000079,10-K,LiabilitiesCurrent,us-gaap,"Liabilities, Current",176392000000.0,usd,-6,instant,,2024-09-28,,2024-09-28,0,,1
AAPL_10K_20250927,0000320193-25-000079,10-K,LongTermDebtNoncurrent,us-gaap,"Long-Term Debt, Excluding Current Maturities",78328000000.0,usd,-6,instant,,2025-09-27,,2025-09-27,0,,2
AAPL_10K_20250927,0000320193-25-000079,10-K,LongTermDebtNoncurrent,us-gaap,"Long-Term Debt, Excluding Current Maturities",85750000000.0,usd,-6,instant,,2024-09-28,,2024-09-28,0,,2
AAPL_10K_20250927,0000320193-25-000079,10-K,OtherLiabilitiesNoncurrent,us-gaap,"Other Liabilities, Noncurrent",41549000000.0,usd,-6,instant,,2025-09-27,,2025-09-27,0,,1
AAPL_10K_20250927,0000320193-25-000079,10-K,OtherLiabilitiesNoncurrent,us-gaap,"Other Liabilities, Noncurrent",45888000000.0,usd,-6,instant,,2024-09-28,,2024-09-28,0,,1
AAPL_10K_20250927,0000320193-25-000079,10-K,LiabilitiesNoncurrent,us-gaap,"Liabilities, Noncurrent",119877000000.0,usd,-6,instant,,2025-09-27,,2025-09-27,0,,1
AAPL_10K_20250927,0000320193-25-000079,10-K,LiabilitiesNoncurrent,us-gaap,"Liabilities, Noncurrent",131638000000.0,usd,-6,instant,,2024-09-28,,2024-09-28,0,,1
AAPL_10K_20250927,0000320193-25-000079,10-K,Liabilities,us-gaap,Liabilities,285508000000.0,usd,-6,instant,,2025-09-27,,2025-09-27,0,,1
AAPL_10K_20250927,0000320193-25-000079,10-K,Liabilities,us-gaap,Liabilities,308030000000.0,usd,-6,instant,,2024-09-28,,2024-09-28,0,,1
AAPL_10K_20250927,0000320193-25-000079,10-K,CommonStockParOrStatedValuePerShare,us-gaap,"Common Stock, Par or Stated Value Per Share",1e-05,usdPerShare,INF,instant,,2025-09-27,,2025-09-27,0,,1
AAPL_10K_20250927,0000320193-25-000079,10-K,CommonStockParOrStatedValuePerShare,us-gaap,"Common Stock, Par or Stated Value Per Share",1e-05,usdPerShare,INF,instant,,2024-09-28,,2024-09-28,0,,1
AAPL_10K_20250927,0000320193-25-000079,10-K,CommonStockSharesAuthorized,us-gaap,"Common Stock, Shares Authorized",50400000000.0,shares,INF,instant,,2025-09-27,,2025-09-27,0,,1
AAPL_10K_20250927,0000320193-25-000079,10-K,CommonStockSharesAuthorized,us-gaap,"Common Stock, Shares Authorized",50400000000.0,shares,INF,instant,,2024-09-28,,2024-09-28,0,,1
AAPL_10K_20250927,0000320193-25-000079,10-K,CommonStockSharesIssued,us-gaap,"Common Stock, Shares, Issued",14773260000.0,shares,-3,instant,,2025-09-27,,2025-09-27,0,,1
AAPL_10K_20250927,0000320193-25-000079,10-K,CommonStockSharesOutstanding,us-gaap,"Common Stock, Shares, Outstanding",14773260000.0,shares,-3,instant,,2025-09-27,,2025-09-27,0,,1
AAPL_10K_20250927,0000320193-25-000079,10-K,CommonStockSharesIssued,us-gaap,"Common Stock, Shares, Issued",15116786000.0,shares,-3,instant,,2024-09-28,,2024-09-28,0,,1
AAPL_10K_20250927,0000320193-25-000079,10-K,CommonStockSharesOutstanding,us-gaap,"Common Stock, Shares, Outstanding",15116786000.0,shares,-3,instant,,2024-09-28,,2024-09-28,0,,1
AAPL_10K_20250927,0000320193-25-000079,10-K,CommonStocksIncludingAdditionalPaidInCapital,us-gaap,"Common Stocks, Including Additional Paid in Capital",93568000000.0,usd,-6,instant,,2025-09-27,,2025-09-27,0,,1
AAPL_10K_20250927,0000320193-25-000079,10-K,CommonStocksIncludingAdditionalPaidInCapital,us-gaap,"Common Stocks, Including Additional Paid in Capital",83276000000.0,usd,-6,instant,,2024-09-28,,2024-09-28,0,,1
AAPL_10K_20250927,0000320193-25-000079,10-K,RetainedEarningsAccumulatedDeficit,us-gaap,Retained Earnings (Accumulated Deficit),-14264000000.0,usd,-6,instant,,2025-09-27,,2025-09-27,0,,1
AAPL_10K_20250927,0000320193-25-000079,10-K,RetainedEarningsAccumulatedDeficit,us-gaap,Retained Earnings (Accumulated Deficit),-19154000000.0,usd,-6,instant,,2024-09-28,,2024-09-28,0,,1
AAPL_10K_20250927,0000320193-25-000079,10-K,AccumulatedOtherComprehensiveIncomeLossNetOfTax,us-gaap,"Accumulated Other Comprehensive Income (Loss), Net of Tax",-5571000000.0,usd,-6,instant,,2025-09-27,,2025-09-27,0,,1
AAPL_10K_20250927,0000320193-25-000079,10-K,AccumulatedOtherComprehensiveIncomeLossNetOfTax,us-gaap,"Accumulated Other Comprehensive Income (Loss), Net of Tax",-7172000000.0,usd,-6,instant,,2024-09-28,,2024-09-28,0,,1
AAPL_10K_20250927,0000320193-25-000079,10-K,StockholdersEquity,us-gaap,"Equity, Attributable to Parent",73733000000.0,usd,-6,instant,,2025-09-27,,2025-09-27,0,,2
AAPL_10K_20250927,0000320193-25-000079,10-K,StockholdersEquity,us-gaap,"Equity, Attributable to Parent",56950000000.0,usd,-6,instant,,2024-09-28,,2024-09-28,0,,3
AAPL_10K_20250927,0000320193-25-000079,10-K,LiabilitiesAndStockholdersEquity,us-gaap,Liabilities and Equity,359241000000.0,usd,-6,instant,,2025-09-27,,2025-09-27,0,,1
AAPL_10K_20250927,0000320193-25-000079,10-K,LiabilitiesAndStockholdersEquity,us-gaap,Liabilities and Equity,364980000000.0,usd,-6,instant,,2024-09-28,,2024-09-28,0,,1
AAPL_10K_20250927,0000320193-25-000079,10-K,StockholdersEquity,us-gaap,"Equity, Attributable to Parent",62146000000.0,usd,-6,instant,,2023-09-30,,2023-09-30,0,,2
AAPL_10K_20250927,0000320193-25-000079,10-K,StockholdersEquity,us-gaap,"Equity, Attributable to Parent",50672000000.0,usd,-6,instant,,2022-09-24,,2022-09-24,0,,1
AAPL_10K_20250927,0000320193-25-000079,10-K,StockholdersEquity,us-gaap,"Equity, Attributable to Parent",83276000000.0,usd,-6,instant,,2024-09-28,,2024-09-28,1,us-gaap:StatementEquityComponentsAxis=us-gaap:CommonStockIncludingAdditionalPaidInCapitalMember,2
AAPL_10K_20250927,0000320193-25-000079,10-K,StockholdersEquity,us-gaap,"Equity, Attributable to Parent",73812000000.0,usd,-6,instant,,2023-09-30,,2023-09-30,1,us-gaap:StatementEquityComponentsAxis=us-gaap:CommonStockIncludingAdditionalPaidInCapitalMember,2
AAPL_10K_20250927,0000320193-25-000079,10-K,StockholdersEquity,us-gaap,"Equity, Attributable to Parent",64849000000.0,usd,-6,instant,,2022-09-24,,2022-09-24,1,us-gaap:StatementEquityComponentsAxis=us-gaap:CommonStockIncludingAdditionalPaidInCapitalMember,1
AAPL_10K_20250927,0000320193-25-000079,10-K,StockIssuedDuringPeriodValueNewIssues,us-gaap,"Stock Issued During Period, Value, New Issues",1498000000.0,usd,-6,duration,2024-09-29,2025-09-27,12.0,FY ended 2025-09-27,1,us-gaap:StatementEquityComponentsAxis=us-gaap:CommonStockIncludingAdditionalPaidInCapitalMember,1
AAPL_10K_20250927,0000320193-25-000079,10-K,StockIssuedDuringPeriodValueNewIssues,us-gaap,"Stock Issued During Period, Value, New Issues",1423000000.0,usd,-6,duration,2023-10-01,2024-09-28,12.0,FY ended 2024-09-28,1,us-gaap:StatementEquityComponentsAxis=us-gaap:CommonStockIncludingAdditionalPaidInCapitalMember,1
AAPL_10K_20250927,0000320193-25-000079,10-K,StockIssuedDuringPeriodValueNewIssues,us-gaap,"Stock Issued During Period, Value, New Issues",1346000000.0,usd,-6,duration,2022-09-25,2023-09-30,12.0,FY ended 2023-09-30,1,us-gaap:StatementEquityComponentsAxis=us-gaap:CommonStockIncludingAdditionalPaidInCapitalMember,1
AAPL_10K_20250927,0000320193-25-000079,10-K,AdjustmentsRelatedToTaxWithholdingForShareBasedCompensation,us-gaap,"Share-Based Payment Arrangement, Decrease for Tax Withholding Obligation",4452000000.0,usd,-6,duration,2024-09-29,2025-09-27,12.0,FY ended 2025-09-27,1,us-gaap:StatementEquityComponentsAxis=us-gaap:CommonStockIncludingAdditionalPaidInCapitalMember,1
AAPL_10K_20250927,0000320193-25-000079,10-K,AdjustmentsRelatedToTaxWithholdingForShareBasedCompensation,us-gaap,"Share-Based Payment Arrangement, Decrease for Tax Withholding Obligation",3993000000.0,usd,-6,duration,2023-10-01,2024-09-28,12.0,FY ended 2024-09-28,1,us-gaap:StatementEquityComponentsAxis=us-gaap:CommonStockIncludingAdditionalPaidInCapitalMember,1
AAPL_10K_20250927,0000320193-25-000079,10-K,AdjustmentsRelatedToTaxWithholdingForShareBasedCompensation,us-gaap,"Share-Based Payment Arrangement, Decrease for Tax Withholding Obligation",3521000000.0,usd,-6,duration,2022-09-25,2023-09-30,12.0,FY ended 2023-09-30,1,us-gaap:StatementEquityComponentsAxis=us-gaap:CommonStockIncludingAdditionalPaidInCapitalMember,1
AAPL_10K_20250927,0000320193-25-000079,10-K,AdjustmentsToAdditionalPaidInCapitalSharebasedCompensationRequisiteServicePeriodRecognitionValue,us-gaap,"APIC, Share-Based Payment Arrangement, Increase for Cost Recognition",13246000000.0,usd,-6,duration,2024-09-29,2025-09-27,12.0,FY ended 2025-09-27,1,us-gaap:StatementEquityComponentsAxis=us-gaap:CommonStockIncludingAdditionalPaidInCapitalMember,1
AAPL_10K_20250927,0000320193-25-000079,10-K,AdjustmentsToAdditionalPaidInCapitalSharebasedCompensationRequisiteServicePeriodRecognitionValue,us-gaap,"APIC, Share-Based Payment Arrangement, Increase for Cost Recognition",12034000000.0,usd,-6,duration,2023-10-01,2024-09-28,12.0,FY ended 2024-09-28,1,us-gaap:StatementEquityComponentsAxis=us-gaap:CommonStockIncludingAdditionalPaidInCapitalMember,1
AAPL_10K_20250927,0000320193-25-000079,10-K,AdjustmentsToAdditionalPaidInCapitalSharebasedCompensationRequisiteServicePeriodRecognitionValue,us-gaap,"APIC, Share-Based Payment Arrangement, Increase for Cost Recognition",11138000000.0,usd,-6,duration,2022-09-25,2023-09-30,12.0,FY ended 2023-09-30,1,us-gaap:StatementEquityComponentsAxis=us-gaap:CommonStockIncludingAdditionalPaidInCapitalMember,1
AAPL_10K_20250927,0000320193-25-000079,10-K,StockholdersEquity,us-gaap,"Equity, Attributable to Parent",93568000000.0,usd,-6,instant,,2025-09-27,,2025-09-27,1,us-gaap:StatementEquityComponentsAxis=us-gaap:CommonStockIncludingAdditionalPaidInCapitalMember,1
AAPL_10K_20250927,0000320193-25-000079,10-K,StockholdersEquity,us-gaap,"Equity, Attributable to Parent",-19154000000.0,usd,-6,instant,,2024-09-28,,2024-09-28,1,us-gaap:StatementEquityComponentsAxis=us-gaap:RetainedEarningsMember,2
AAPL_10K_20250927,0000320193-25-000079,10-K,StockholdersEquity,us-gaap,"Equity, Attributable to Parent",-214000000.0,usd,-6,instant,,2023-09-30,,2023-09-30,1,us-gaap:StatementEquityComponentsAxis=us-gaap:RetainedEarningsMember,2
AAPL_10K_20250927,0000320193-25-000079,10-K,StockholdersEquity,us-gaap,"Equity, Attributable to Parent",-3068000000.0,usd,-6,instant,,2022-09-24,,2022-09-24,1,us-gaap:StatementEquityComponentsAxis=us-gaap:RetainedEarningsMember,1
AAPL_10K_20250927,0000320193-25-000079,10-K,NetIncomeLoss,us-gaap,Net Income (Loss) Attributable to Parent,112010000000.0,usd,-6,duration,2024-09-29,2025-09-27,12.0,FY ended 2025-09-27,1,us-gaap:StatementEquityComponentsAxis=us-gaap:RetainedEarningsMember,1
AAPL_10K_20250927,0000320193-25-000079,10-K,NetIncomeLoss,us-gaap,Net Income (Loss) Attributable to Parent,93736000000.0,usd,-6,duration,2023-10-01,2024-09-28,12.0,FY ended 2024-09-28,1,us-gaap:StatementEquityComponentsAxis=us-gaap:RetainedEarningsMember,1
AAPL_10K_20250927,0000320193-25-000079,10-K,NetIncomeLoss,us-gaap,Net Income (Loss) Attributable to Parent,96995000000.0,usd,-6,duration,2022-09-25,2023-09-30,12.0,FY ended 2023-09-30,1,us-gaap:StatementEquityComponentsAxis=us-gaap:RetainedEarningsMember,1
AAPL_10K_20250927,0000320193-25-000079,10-K,Dividends,us-gaap,Dividends,15413000000.0,usd,-6,duration,2024-09-29,2025-09-27,12.0,FY ended 2025-09-27,1,us-gaap:StatementEquityComponentsAxis=us-gaap:RetainedEarningsMember,1
AAPL_10K_20250927,0000320193-25-000079,10-K,Dividends,us-gaap,Dividends,15218000000.0,usd,-6,duration,2023-10-01,2024-09-28,12.0,FY ended 2024-09-28,1,us-gaap:StatementEquityComponentsAxis=us-gaap:RetainedEarningsMember,1
AAPL_10K_20250927,0000320193-25-000079,10-K,Dividends,us-gaap,Dividends,14996000000.0,usd,-6,duration,2022-09-25,2023-09-30,12.0,FY ended 2023-09-30,1,us-gaap:StatementEquityComponentsAxis=us-gaap:RetainedEarningsMember,1
AAPL_10K_20250927,0000320193-25-000079,10-K,AdjustmentsRelatedToTaxWithholdingForShareBasedCompensation,us-gaap,"Share-Based Payment Arrangement, Decrease for Tax Withholding Obligation",1655000000.0,usd,-6,duration,2024-09-29,2025-09-27,12.0,FY ended 2025-09-27,1,us-gaap:StatementEquityComponentsAxis=us-gaap:RetainedEarningsMember,1
AAPL_10K_20250927,0000320193-25-000079,10-K,AdjustmentsRelatedToTaxWithholdingForShareBasedCompensation,us-gaap,"Share-Based Payment Arrangement, Decrease for Tax Withholding Obligation",1612000000.0,usd,-6,duration,2023-10-01,2024-09-28,12.0,FY ended 2024-09-28,1,us-gaap:StatementEquityComponentsAxis=us-gaap:RetainedEarningsMember,1
AAPL_10K_20250927,0000320193-25-000079,10-K,AdjustmentsRelatedToTaxWithholdingForShareBasedCompensation,us-gaap,"Share-Based Payment Arrangement, Decrease for Tax Withholding Obligation",2099000000.0,usd,-6,duration,2022-09-25,2023-09-30,12.0,FY ended 2023-09-30,1,us-gaap:StatementEquityComponentsAxis=us-gaap:RetainedEarningsMember,1
AAPL_10K_20250927,0000320193-25-000079,10-K,StockRepurchasedAndRetiredDuringPeriodValue,us-gaap,"Stock Repurchased and Retired During Period, Value",90052000000.0,usd,-6,duration,2024-09-29,2025-09-27,12.0,FY ended 2025-09-27,1,us-gaap:StatementEquityComponentsAxis=us-gaap:RetainedEarningsMember,1
AAPL_10K_20250927,0000320193-25-000079,10-K,StockRepurchasedAndRetiredDuringPeriodValue,us-gaap,"Stock Repurchased and Retired During Period, Value",95846000000.0,usd,-6,duration,2023-10-01,2024-09-28,12.0,FY ended 2024-09-28,1,us-gaap:StatementEquityComponentsAxis=us-gaap:RetainedEarningsMember,1
AAPL_10K_20250927,0000320193-25-000079,10-K,StockRepurchasedAndRetiredDuringPeriodValue,us-gaap,"Stock Repurchased and Retired During Period, Value",77046000000.0,usd,-6,duration,2022-09-25,2023-09-30,12.0,FY ended 2023-09-30,1,us-gaap:StatementEquityComponentsAxis=us-gaap:RetainedEarningsMember,1
AAPL_10K_20250927,0000320193-25-000079,10-K,StockholdersEquity,us-gaap,"Equity, Attributable to Parent",-14264000000.0,usd,-6,instant,,2025-09-27,,2025-09-27,1,us-gaap:StatementEquityComponentsAxis=us-gaap:RetainedEarningsMember,1
AAPL_10K_20250927,0000320193-25-000079,10-K,StockholdersEquity,us-gaap,"Equity, Attributable to Parent",-7172000000.0,usd,-6,instant,,2024-09-28,,2024-09-28,1,us-gaap:StatementEquityComponentsAxis=us-gaap:AccumulatedOtherComprehensiveIncomeMember,2
AAPL_10K_20250927,0000320193-25-000079,10-K,StockholdersEquity,us-gaap,"Equity, Attributable to Parent",-11452000000.0,usd,-6,instant,,2023-09-30,,2023-09-30,1,us-gaap:StatementEquityComponentsAxis=us-gaap:AccumulatedOtherComprehensiveIncomeMember,2
AAPL_10K_20250927,0000320193-25-000079,10-K,StockholdersEquity,us-gaap,"Equity, Attributable to Parent",-11109000000.0,usd,-6,instant,,2022-09-24,,2022-09-24,1,us-gaap:StatementEquityComponentsAxis=us-gaap:AccumulatedOtherComprehensiveIncomeMember,1
AAPL_10K_20250927,0000320193-25-000079,10-K,OtherComprehensiveIncomeLossNetOfTaxPortionAttributableToParent,us-gaap,"Other Comprehensive Income (Loss), Net of Tax, Portion Attributable to Parent",1601000000.0,usd,-6,duration,2024-09-29,2025-09-27,12.0,FY ended 2025-09-27,1,us-gaap:StatementEquityComponentsAxis=us-gaap:AccumulatedOtherComprehensiveIncomeMember,1
AAPL_10K_20250927,0000320193-25-000079,10-K,OtherComprehensiveIncomeLossNetOfTaxPortionAttributableToParent,us-gaap,"Other Comprehensive Income (Loss), Net of Tax, Portion Attributable to Parent",4280000000.0,usd,-6,duration,2023-10-01,2024-09-28,12.0,FY ended 2024-09-28,1,us-gaap:StatementEquityComponentsAxis=us-gaap:AccumulatedOtherComprehensiveIncomeMember,1
AAPL_10K_20250927,0000320193-25-000079,10-K,OtherComprehensiveIncomeLossNetOfTaxPortionAttributableToParent,us-gaap,"Other Comprehensive Income (Loss), Net of Tax, Portion Attributable to Parent",-343000000.0,usd,-6,duration,2022-09-25,2023-09-30,12.0,FY ended 2023-09-30,1,us-gaap:StatementEquityComponentsAxis=us-gaap:AccumulatedOtherComprehensiveIncomeMember,1
AAPL_10K_20250927,0000320193-25-000079,10-K,StockholdersEquity,us-gaap,"Equity, Attributable to Parent",-5571000000.0,usd,-6,instant,,2025-09-27,,2025-09-27,1,us-gaap:StatementEquityComponentsAxis=us-gaap:AccumulatedOtherComprehensiveIncomeMember,1
AAPL_10K_20250927,0000320193-25-000079,10-K,CommonStockDividendsPerShareDeclared,us-gaap,"Common Stock, Dividends, Per Share, Declared",1.02,usdPerShare,INF,duration,2024-09-29,2025-09-27,12.0,FY ended 2025-09-27,0,,1
AAPL_10K_20250927,0000320193-25-000079,10-K,CommonStockDividendsPerShareDeclared,us-gaap,"Common Stock, Dividends, Per Share, Declared",0.98,usdPerShare,INF,duration,2023-10-01,2024-09-28,12.0,FY ended 2024-09-28,0,,1
AAPL_10K_20250927,0000320193-25-000079,10-K,CommonStockDividendsPerShareDeclared,us-gaap,"Common Stock, Dividends, Per Share, Declared",0.94,usdPerShare,INF,duration,2022-09-25,2023-09-30,12.0,FY ended 2023-09-30,0,,1
AAPL_10K_20250927,0000320193-25-000079,10-K,CashCashEquivalentsRestrictedCashAndRestrictedCashEquivalents,us-gaap,"Cash, Cash Equivalent, Restricted Cash, and Restricted Cash Equivalent, Continuing Operation",29943000000.0,usd,-6,instant,,2024-09-28,,2024-09-28,0,,2
AAPL_10K_20250927,0000320193-25-000079,10-K,CashCashEquivalentsRestrictedCashAndRestrictedCashEquivalents,us-gaap,"Cash, Cash Equivalent, Restricted Cash, and Restricted Cash Equivalent, Continuing Operation",30737000000.0,usd,-6,instant,,2023-09-30,,2023-09-30,0,,2
AAPL_10K_20250927,0000320193-25-000079,10-K,CashCashEquivalentsRestrictedCashAndRestrictedCashEquivalents,us-gaap,"Cash, Cash Equivalent, Restricted Cash, and Restricted Cash Equivalent, Continuing Operation",24977000000.0,usd,-6,instant,,2022-09-24,,2022-09-24,0,,1
AAPL_10K_20250927,0000320193-25-000079,10-K,DepreciationDepletionAndAmortization,us-gaap,"Depreciation, Depletion and Amortization",11698000000.0,usd,-6,duration,2024-09-29,2025-09-27,12.0,FY ended 2025-09-27,0,,1
AAPL_10K_20250927,0000320193-25-000079,10-K,DepreciationDepletionAndAmortization,us-gaap,"Depreciation, Depletion and Amortization",11445000000.0,usd,-6,duration,2023-10-01,2024-09-28,12.0,FY ended 2024-09-28,0,,1
AAPL_10K_20250927,0000320193-25-000079,10-K,DepreciationDepletionAndAmortization,us-gaap,"Depreciation, Depletion and Amortization",11519000000.0,usd,-6,duration,2022-09-25,2023-09-30,12.0,FY ended 2023-09-30,0,,1
AAPL_10K_20250927,0000320193-25-000079,10-K,ShareBasedCompensation,us-gaap,"Share-Based Payment Arrangement, Noncash Expense",12863000000.0,usd,-6,duration,2024-09-29,2025-09-27,12.0,FY ended 2025-09-27,0,,1
AAPL_10K_20250927,0000320193-25-000079,10-K,ShareBasedCompensation,us-gaap,"Share-Based Payment Arrangement, Noncash Expense",11688000000.0,usd,-6,duration,2023-10-01,2024-09-28,12.0,FY ended 2024-09-28,0,,1
AAPL_10K_20250927,0000320193-25-000079,10-K,ShareBasedCompensation,us-gaap,"Share-Based Payment Arrangement, Noncash Expense",10833000000.0,usd,-6,duration,2022-09-25,2023-09-30,12.0,FY ended 2023-09-30,0,,1
AAPL_10K_20250927,0000320193-25-000079,10-K,OtherNoncashIncomeExpense,us-gaap,Other Noncash Income (Expense),89000000.0,usd,-6,duration,2024-09-29,2025-09-27,12.0,FY ended 2025-09-27,0,,1
AAPL_10K_20250927,0000320193-25-000079,10-K,OtherNoncashIncomeExpense,us-gaap,Other Noncash Income (Expense),2266000000.0,usd,-6,duration,2023-10-01,2024-09-28,12.0,FY ended 2024-09-28,0,,1
AAPL_10K_20250927,0000320193-25-000079,10-K,OtherNoncashIncomeExpense,us-gaap,Other Noncash Income (Expense),2227000000.0,usd,-6,duration,2022-09-25,2023-09-30,12.0,FY ended 2023-09-30,0,,1
AAPL_10K_20250927,0000320193-25-000079,10-K,IncreaseDecreaseInAccountsReceivable,us-gaap,Increase (Decrease) in Accounts Receivable,6682000000.0,usd,-6,duration,2024-09-29,2025-09-27,12.0,FY ended 2025-09-27,0,,1
AAPL_10K_20250927,0000320193-25-000079,10-K,IncreaseDecreaseInAccountsReceivable,us-gaap,Increase (Decrease) in Accounts Receivable,3788000000.0,usd,-6,duration,2023-10-01,2024-09-28,12.0,FY ended 2024-09-28,0,,1
AAPL_10K_20250927,0000320193-25-000079,10-K,IncreaseDecreaseInAccountsReceivable,us-gaap,Increase (Decrease) in Accounts Receivable,1688000000.0,usd,-6,duration,2022-09-25,2023-09-30,12.0,FY ended 2023-09-30,0,,1
AAPL_10K_20250927,0000320193-25-000079,10-K,IncreaseDecreaseInOtherReceivables,us-gaap,Increase (Decrease) in Other Receivables,347000000.0,usd,-6,duration,2024-09-29,2025-09-27,12.0,FY ended 2025-09-27,0,,1
AAPL_10K_20250927,0000320193-25-000079,10-K,IncreaseDecreaseInOtherReceivables,us-gaap,Increase (Decrease) in Other Receivables,1356000000.0,usd,-6,duration,2023-10-01,2024-09-28,12.0,FY ended 2024-09-28,0,,1
AAPL_10K_20250927,0000320193-25-000079,10-K,IncreaseDecreaseInOtherReceivables,us-gaap,Increase (Decrease) in Other Receivables,-1271000000.0,usd,-6,duration,2022-09-25,2023-09-30,12.0,FY ended 2023-09-30,0,,1
AAPL_10K_20250927,0000320193-25-000079,10-K,IncreaseDecreaseInInventories,us-gaap,Increase (Decrease) in Inventories,-1400000000.0,usd,-6,duration,2024-09-29,2025-09-27,12.0,FY ended 2025-09-27,0,,1
AAPL_10K_20250927,0000320193-25-000079,10-K,IncreaseDecreaseInInventories,us-gaap,Increase (Decrease) in Inventories,1046000000.0,usd,-6,duration,2023-10-01,2024-09-28,12.0,FY ended 2024-09-28,0,,1
AAPL_10K_20250927,0000320193-25-000079,10-K,IncreaseDecreaseInInventories,us-gaap,Increase (Decrease) in Inventories,1618000000.0,usd,-6,duration,2022-09-25,2023-09-30,12.0,FY ended 2023-09-30,0,,1
AAPL_10K_20250927,0000320193-25-000079,10-K,IncreaseDecreaseInOtherOperatingAssets,us-gaap,Increase (Decrease) in Other Operating Assets,9197000000.0,usd,-6,duration,2024-09-29,2025-09-27,12.0,FY ended 2025-09-27,0,,1
AAPL_10K_20250927,0000320193-25-000079,10-K,IncreaseDecreaseInOtherOperatingAssets,us-gaap,Increase (Decrease) in Other Operating Assets,11731000000.0,usd,-6,duration,2023-10-01,2024-09-28,12.0,FY ended 2024-09-28,0,,1
AAPL_10K_20250927,0000320193-25-000079,10-K,IncreaseDecreaseInOtherOperatingAssets,us-gaap,Increase (Decrease) in Other Operating Assets,5684000000.0,usd,-6,duration,2022-09-25,2023-09-30,12.0,FY ended 2023-09-30,0,,1
AAPL_10K_20250927,0000320193-25-000079,10-K,IncreaseDecreaseInAccountsPayable,us-gaap,Increase (Decrease) in Accounts Payable,902000000.0,usd,-6,duration,2024-09-29,2025-09-27,12.0,FY ended 2025-09-27,0,,1
AAPL_10K_20250927,0000320193-25-000079,10-K,IncreaseDecreaseInAccountsPayable,us-gaap,Increase (Decrease) in Accounts Payable,6020000000.0,usd,-6,duration,2023-10-01,2024-09-28,12.0,FY ended 2024-09-28,0,,1
AAPL_10K_20250927,0000320193-25-000079,10-K,IncreaseDecreaseInAccountsPayable,us-gaap,Increase (Decrease) in Accounts Payable,-1889000000.0,usd,-6,duration,2022-09-25,2023-09-30,12.0,FY ended 2023-09-30,0,,1
AAPL_10K_20250927,0000320193-25-000079,10-K,IncreaseDecreaseInOtherOperatingLiabilities,us-gaap,Increase (Decrease) in Other Operating Liabilities,-11076000000.0,usd,-6,duration,2024-09-29,2025-09-27,12.0,FY ended 2025-09-27,0,,1
AAPL_10K_20250927,0000320193-25-000079,10-K,IncreaseDecreaseInOtherOperatingLiabilities,us-gaap,Increase (Decrease) in Other Operating Liabilities,15552000000.0,usd,-6,duration,2023-10-01,2024-09-28,12.0,FY ended 2024-09-28,0,,1
AAPL_10K_20250927,0000320193-25-000079,10-K,IncreaseDecreaseInOtherOperatingLiabilities,us-gaap,Increase (Decrease) in Other Operating Liabilities,3031000000.0,usd,-6,duration,2022-09-25,2023-09-30,12.0,FY ended 2023-09-30,0,,1
AAPL_10K_20250927,0000320193-25-000079,10-K,NetCashProvidedByUsedInOperatingActivities,us-gaap,"Cash Provided by (Used in) Operating Activity, Including Discontinued Operation",111482000000.0,usd,-6,duration,2024-09-29,2025-09-27,12.0,FY ended 2025-09-27,0,,1
AAPL_10K_20250927,0000320193-25-000079,10-K,NetCashProvidedByUsedInOperatingActivities,us-gaap,"Cash Provided by (Used in) Operating Activity, Including Discontinued Operation",118254000000.0,usd,-6,duration,2023-10-01,2024-09-28,12.0,FY ended 2024-09-28,0,,1
AAPL_10K_20250927,0000320193-25-000079,10-K,NetCashProvidedByUsedInOperatingActivities,us-gaap,"Cash Provided by (Used in) Operating Activity, Including Discontinued Operation",110543000000.0,usd,-6,duration,2022-09-25,2023-09-30,12.0,FY ended 2023-09-30,0,,1
AAPL_10K_20250927,0000320193-25-000079,10-K,PaymentsToAcquireAvailableForSaleSecuritiesDebt,us-gaap,"Payments to Acquire Debt Securities, Available-for-Sale",24407000000.0,usd,-6,duration,2024-09-29,2025-09-27,12.0,FY ended 2025-09-27,0,,1
AAPL_10K_20250927,0000320193-25-000079,10-K,PaymentsToAcquireAvailableForSaleSecuritiesDebt,us-gaap,"Payments to Acquire Debt Securities, Available-for-Sale",48656000000.0,usd,-6,duration,2023-10-01,2024-09-28,12.0,FY ended 2024-09-28,0,,1
AAPL_10K_20250927,0000320193-25-000079,10-K,PaymentsToAcquireAvailableForSaleSecuritiesDebt,us-gaap,"Payments to Acquire Debt Securities, Available-for-Sale",29513000000.0,usd,-6,duration,2022-09-25,2023-09-30,12.0,FY ended 2023-09-30,0,,1
AAPL_10K_20250927,0000320193-25-000079,10-K,ProceedsFromMaturitiesPrepaymentsAndCallsOfAvailableForSaleSecurities,us-gaap,"Proceeds from Maturities, Prepayments and Calls of Debt Securities, Available-for-Sale",40907000000.0,usd,-6,duration,2024-09-29,2025-09-27,12.0,FY ended 2025-09-27,0,,1
AAPL_10K_20250927,0000320193-25-000079,10-K,ProceedsFromMaturitiesPrepaymentsAndCallsOfAvailableForSaleSecurities,us-gaap,"Proceeds from Maturities, Prepayments and Calls of Debt Securities, Available-for-Sale",51211000000.0,usd,-6,duration,2023-10-01,2024-09-28,12.0,FY ended 2024-09-28,0,,1
AAPL_10K_20250927,0000320193-25-000079,10-K,ProceedsFromMaturitiesPrepaymentsAndCallsOfAvailableForSaleSecurities,us-gaap,"Proceeds from Maturities, Prepayments and Calls of Debt Securities, Available-for-Sale",39686000000.0,usd,-6,duration,2022-09-25,2023-09-30,12.0,FY ended 2023-09-30,0,,1
AAPL_10K_20250927,0000320193-25-000079,10-K,ProceedsFromSaleOfAvailableForSaleSecuritiesDebt,us-gaap,"Proceeds from Sale of Debt Securities, Available-for-Sale",12890000000.0,usd,-6,duration,2024-09-29,2025-09-27,12.0,FY ended 2025-09-27,0,,1
AAPL_10K_20250927,0000320193-25-000079,10-K,ProceedsFromSaleOfAvailableForSaleSecuritiesDebt,us-gaap,"Proceeds from Sale of Debt Securities, Available-for-Sale",11135000000.0,usd,-6,duration,2023-10-01,2024-09-28,12.0,FY ended 2024-09-28,0,,1
AAPL_10K_20250927,0000320193-25-000079,10-K,ProceedsFromSaleOfAvailableForSaleSecuritiesDebt,us-gaap,"Proceeds from Sale of Debt Securities, Available-for-Sale",5828000000.0,usd,-6,duration,2022-09-25,2023-09-30,12.0,FY ended 2023-09-30,0,,1
AAPL_10K_20250927,0000320193-25-000079,10-K,PaymentsToAcquirePropertyPlantAndEquipment,us-gaap,"Payments to Acquire Property, Plant, and Equipment",12715000000.0,usd,-6,duration,2024-09-29,2025-09-27,12.0,FY ended 2025-09-27,0,,1
AAPL_10K_20250927,0000320193-25-000079,10-K,PaymentsToAcquirePropertyPlantAndEquipment,us-gaap,"Payments to Acquire Property, Plant, and Equipment",9447000000.0,usd,-6,duration,2023-10-01,2024-09-28,12.0,FY ended 2024-09-28,0,,1
AAPL_10K_20250927,0000320193-25-000079,10-K,PaymentsToAcquirePropertyPlantAndEquipment,us-gaap,"Payments to Acquire Property, Plant, and Equipment",10959000000.0,usd,-6,duration,2022-09-25,2023-09-30,12.0,FY ended 2023-09-30,0,,1
AAPL_10K_20250927,0000320193-25-000079,10-K,PaymentsForProceedsFromOtherInvestingActivities,us-gaap,Payment for (Proceeds from) Other Investing Activity,1480000000.0,usd,-6,duration,2024-09-29,2025-09-27,12.0,FY ended 2025-09-27,0,,1
AAPL_10K_20250927,0000320193-25-000079,10-K,PaymentsForProceedsFromOtherInvestingActivities,us-gaap,Payment for (Proceeds from) Other Investing Activity,1308000000.0,usd,-6,duration,2023-10-01,2024-09-28,12.0,FY ended 2024-09-28,0,,1
AAPL_10K_20250927,0000320193-25-000079,10-K,PaymentsForProceedsFromOtherInvestingActivities,us-gaap,Payment for (Proceeds from) Other Investing Activity,1337000000.0,usd,-6,duration,2022-09-25,2023-09-30,12.0,FY ended 2023-09-30,0,,1
AAPL_10K_20250927,0000320193-25-000079,10-K,NetCashProvidedByUsedInInvestingActivities,us-gaap,"Cash Provided by (Used in) Investing Activity, Including Discontinued Operation",15195000000.0,usd,-6,duration,2024-09-29,2025-09-27,12.0,FY ended 2025-09-27,0,,1
AAPL_10K_20250927,0000320193-25-000079,10-K,NetCashProvidedByUsedInInvestingActivities,us-gaap,"Cash Provided by (Used in) Investing Activity, Including Discontinued Operation",2935000000.0,usd,-6,duration,2023-10-01,2024-09-28,12.0,FY ended 2024-09-28,0,,1
AAPL_10K_20250927,0000320193-25-000079,10-K,NetCashProvidedByUsedInInvestingActivities,us-gaap,"Cash Provided by (Used in) Investing Activity, Including Discontinued Operation",3705000000.0,usd,-6,duration,2022-09-25,2023-09-30,12.0,FY ended 2023-09-30,0,,1
AAPL_10K_20250927,0000320193-25-000079,10-K,PaymentsRelatedToTaxWithholdingForShareBasedCompensation,us-gaap,"Payment, Tax Withholding, Share-Based Payment Arrangement",5960000000.0,usd,-6,duration,2024-09-29,2025-09-27,12.0,FY ended 2025-09-27,0,,1
AAPL_10K_20250927,0000320193-25-000079,10-K,PaymentsRelatedToTaxWithholdingForShareBasedCompensation,us-gaap,"Payment, Tax Withholding, Share-Based Payment Arrangement",5441000000.0,usd,-6,duration,2023-10-01,2024-09-28,12.0,FY ended 2024-09-28,0,,1
AAPL_10K_20250927,0000320193-25-000079,10-K,PaymentsRelatedToTaxWithholdingForShareBasedCompensation,us-gaap,"Payment, Tax Withholding, Share-Based Payment Arrangement",5431000000.0,usd,-6,duration,2022-09-25,2023-09-30,12.0,FY ended 2023-09-30,0,,1
AAPL_10K_20250927,0000320193-25-000079,10-K,PaymentsOfDividends,us-gaap,Payments of Dividends,15421000000.0,usd,-6,duration,2024-09-29,2025-09-27,12.0,FY ended 2025-09-27,0,,1
AAPL_10K_20250927,0000320193-25-000079,10-K,PaymentsOfDividends,us-gaap,Payments of Dividends,15234000000.0,usd,-6,duration,2023-10-01,2024-09-28,12.0,FY ended 2024-09-28,0,,1
AAPL_10K_20250927,0000320193-25-000079,10-K,PaymentsOfDividends,us-gaap,Payments of Dividends,15025000000.0,usd,-6,duration,2022-09-25,2023-09-30,12.0,FY ended 2023-09-30,0,,1
AAPL_10K_20250927,0000320193-25-000079,10-K,PaymentsForRepurchaseOfCommonStock,us-gaap,Payments for Repurchase of Common Stock,90711000000.0,usd,-6,duration,2024-09-29,2025-09-27,12.0,FY ended 2025-09-27,0,,1
AAPL_10K_20250927,0000320193-25-000079,10-K,PaymentsForRepurchaseOfCommonStock,us-gaap,Payments for Repurchase of Common Stock,94949000000.0,usd,-6,duration,2023-10-01,2024-09-28,12.0,FY ended 2024-09-28,0,,1
AAPL_10K_20250927,0000320193-25-000079,10-K,PaymentsForRepurchaseOfCommonStock,us-gaap,Payments for Repurchase of Common Stock,77550000000.0,usd,-6,duration,2022-09-25,2023-09-30,12.0,FY ended 2023-09-30,0,,1
AAPL_10K_20250927,0000320193-25-000079,10-K,ProceedsFromIssuanceOfLongTermDebt,us-gaap,Proceeds from Issuance of Long-Term Debt,4481000000.0,usd,-6,duration,2024-09-29,2025-09-27,12.0,FY ended 2025-09-27,0,,1
AAPL_10K_20250927,0000320193-25-000079,10-K,ProceedsFromIssuanceOfLongTermDebt,us-gaap,Proceeds from Issuance of Long-Term Debt,0.0,usd,-6,duration,2023-10-01,2024-09-28,12.0,FY ended 2024-09-28,0,,1
AAPL_10K_20250927,0000320193-25-000079,10-K,ProceedsFromIssuanceOfLongTermDebt,us-gaap,Proceeds from Issuance of Long-Term Debt,5228000000.0,usd,-6,duration,2022-09-25,2023-09-30,12.0,FY ended 2023-09-30,0,,1
AAPL_10K_20250927,0000320193-25-000079,10-K,RepaymentsOfLongTermDebt,us-gaap,Repayments of Long-Term Debt,10932000000.0,usd,-6,duration,2024-09-29,2025-09-27,12.0,FY ended 2025-09-27,0,,1
AAPL_10K_20250927,0000320193-25-000079,10-K,RepaymentsOfLongTermDebt,us-gaap,Repayments of Long-Term Debt,9958000000.0,usd,-6,duration,2023-10-01,2024-09-28,12.0,FY ended 2024-09-28,0,,1
AAPL_10K_20250927,0000320193-25-000079,10-K,RepaymentsOfLongTermDebt,us-gaap,Repayments of Long-Term Debt,11151000000.0,usd,-6,duration,2022-09-25,2023-09-30,12.0,FY ended 2023-09-30,0,,1
AAPL_10K_20250927,0000320193-25-000079,10-K,ProceedsFromRepaymentsOfCommercialPaper,us-gaap,Proceeds from (Repayments of) Commercial Paper,-2032000000.0,usd,-6,duration,2024-09-29,2025-09-27,12.0,FY ended 2025-09-27,0,,2
AAPL_10K_20250927,0000320193-25-000079,10-K,ProceedsFromRepaymentsOfCommercialPaper,us-gaap,Proceeds from (Repayments of) Commercial Paper,3960000000.0,usd,-6,duration,2023-10-01,2024-09-28,12.0,FY ended 2024-09-28,0,,2
AAPL_10K_20250927,0000320193-25-000079,10-K,ProceedsFromRepaymentsOfCommercialPaper,us-gaap,Proceeds from (Repayments of) Commercial Paper,-3978000000.0,usd,-6,duration,2022-09-25,2023-09-30,12.0,FY ended 2023-09-30,0,,2
AAPL_10K_20250927,0000320193-25-000079,10-K,ProceedsFromPaymentsForOtherFinancingActivities,us-gaap,Proceeds from (Payment for) Other Financing Activity,-111000000.0,usd,-6,duration,2024-09-29,2025-09-27,12.0,FY ended 2025-09-27,0,,1
AAPL_10K_20250927,0000320193-25-000079,10-K,ProceedsFromPaymentsForOtherFinancingActivities,us-gaap,Proceeds from (Payment for) Other Financing Activity,-361000000.0,usd,-6,duration,2023-10-01,2024-09-28,12.0,FY ended 2024-09-28,0,,1
AAPL_10K_20250927,0000320193-25-000079,10-K,ProceedsFromPaymentsForOtherFinancingActivities,us-gaap,Proceeds from (Payment for) Other Financing Activity,-581000000.0,usd,-6,duration,2022-09-25,2023-09-30,12.0,FY ended 2023-09-30,0,,1
AAPL_10K_20250927,0000320193-25-000079,10-K,NetCashProvidedByUsedInFinancingActivities,us-gaap,"Cash Provided by (Used in) Financing Activity, Including Discontinued Operation",-120686000000.0,usd,-6,duration,2024-09-29,2025-09-27,12.0,FY ended 2025-09-27,0,,1
AAPL_10K_20250927,0000320193-25-000079,10-K,NetCashProvidedByUsedInFinancingActivities,us-gaap,"Cash Provided by (Used in) Financing Activity, Including Discontinued Operation",-121983000000.0,usd,-6,duration,2023-10-01,2024-09-28,12.0,FY ended 2024-09-28,0,,1
AAPL_10K_20250927,0000320193-25-000079,10-K,NetCashProvidedByUsedInFinancingActivities,us-gaap,"Cash Provided by (Used in) Financing Activity, Including Discontinued Operation",-108488000000.0,usd,-6,duration,2022-09-25,2023-09-30,12.0,FY ended 2023-09-30,0,,1
AAPL_10K_20250927,0000320193-25-000079,10-K,CashCashEquivalentsRestrictedCashAndRestrictedCashEquivalentsPeriodIncreaseDecreaseIncludingExchangeRateEffect,us-gaap,"Cash, Cash Equivalent, Restricted Cash, and Restricted Cash Equivalent, Period Increase (Decrease), Including Exchange Rate Effect and Discontinued Operation",5991000000.0,usd,-6,duration,2024-09-29,2025-09-27,12.0,FY ended 2025-09-27,0,,1
AAPL_10K_20250927,0000320193-25-000079,10-K,CashCashEquivalentsRestrictedCashAndRestrictedCashEquivalentsPeriodIncreaseDecreaseIncludingExchangeRateEffect,us-gaap,"Cash, Cash Equivalent, Restricted Cash, and Restricted Cash Equivalent, Period Increase (Decrease), Including Exchange Rate Effect and Discontinued Operation",-794000000.0,usd,-6,duration,2023-10-01,2024-09-28,12.0,FY ended 2024-09-28,0,,1
AAPL_10K_20250927,0000320193-25-000079,10-K,CashCashEquivalentsRestrictedCashAndRestrictedCashEquivalentsPeriodIncreaseDecreaseIncludingExchangeRateEffect,us-gaap,"Cash, Cash Equivalent, Restricted Cash, and Restricted Cash Equivalent, Period Increase (Decrease), Including Exchange Rate Effect and Discontinued Operation",5760000000.0,usd,-6,duration,2022-09-25,2023-09-30,12.0,FY ended 2023-09-30,0,,1
AAPL_10K_20250927,0000320193-25-000079,10-K,CashCashEquivalentsRestrictedCashAndRestrictedCashEquivalents,us-gaap,"Cash, Cash Equivalent, Restricted Cash, and Restricted Cash Equivalent, Continuing Operation",35934000000.0,usd,-6,instant,,2025-09-27,,2025-09-27,0,,1
AAPL_10K_20250927,0000320193-25-000079,10-K,IncomeTaxesPaidNet,us-gaap,"Income Taxes Paid, Net",43369000000.0,usd,-6,duration,2024-09-29,2025-09-27,12.0,FY ended 2025-09-27,0,,1
AAPL_10K_20250927,0000320193-25-000079,10-K,IncomeTaxesPaidNet,us-gaap,"Income Taxes Paid, Net",26102000000.0,usd,-6,duration,2023-10-01,2024-09-28,12.0,FY ended 2024-09-28,0,,1
AAPL_10K_20250927,0000320193-25-000079,10-K,IncomeTaxesPaidNet,us-gaap,"Income Taxes Paid, Net",18679000000.0,usd,-6,duration,2022-09-25,2023-09-30,12.0,FY ended 2023-09-30,0,,1
AAPL_10K_20250927,0000320193-25-000079,10-K,RevenueFromContractWithCustomerExcludingAssessedTax,us-gaap,"Revenue from Contract with Customer, Excluding Assessed Tax",209586000000.0,usd,-6,duration,2024-09-29,2025-09-27,12.0,FY ended 2025-09-27,1,srt:ProductOrServiceAxis=aapl:IPhoneMember,1
AAPL_10K_20250927,0000320193-25-000079,10-K,RevenueFromContractWithCustomerExcludingAssessedTax,us-gaap,"Revenue from Contract with Customer, Excluding Assessed Tax",201183000000.0,usd,-6,duration,2023-10-01,2024-09-28,12.0,FY ended 2024-09-28,1,srt:ProductOrServiceAxis=aapl:IPhoneMember,1
AAPL_10K_20250927,0000320193-25-000079,10-K,RevenueFromContractWithCustomerExcludingAssessedTax,us-gaap,"Revenue from Contract with Customer, Excluding Assessed Tax",200583000000.0,usd,-6,duration,2022-09-25,2023-09-30,12.0,FY ended 2023-09-30,1,srt:ProductOrServiceAxis=aapl:IPhoneMember,1
AAPL_10K_20250927,0000320193-25-000079,10-K,RevenueFromContractWithCustomerExcludingAssessedTax,us-gaap,"Revenue from Contract with Customer, Excluding Assessed Tax",33708000000.0,usd,-6,duration,2024-09-29,2025-09-27,12.0,FY ended 2025-09-27,1,srt:ProductOrServiceAxis=aapl:MacMember,1
AAPL_10K_20250927,0000320193-25-000079,10-K,RevenueFromContractWithCustomerExcludingAssessedTax,us-gaap,"Revenue from Contract with Customer, Excluding Assessed Tax",29984000000.0,usd,-6,duration,2023-10-01,2024-09-28,12.0,FY ended 2024-09-28,1,srt:ProductOrServiceAxis=aapl:MacMember,1
AAPL_10K_20250927,0000320193-25-000079,10-K,RevenueFromContractWithCustomerExcludingAssessedTax,us-gaap,"Revenue from Contract with Customer, Excluding Assessed Tax",29357000000.0,usd,-6,duration,2022-09-25,2023-09-30,12.0,FY ended 2023-09-30,1,srt:ProductOrServiceAxis=aapl:MacMember,1
AAPL_10K_20250927,0000320193-25-000079,10-K,RevenueFromContractWithCustomerExcludingAssessedTax,us-gaap,"Revenue from Contract with Customer, Excluding Assessed Tax",28023000000.0,usd,-6,duration,2024-09-29,2025-09-27,12.0,FY ended 2025-09-27,1,srt:ProductOrServiceAxis=aapl:IPadMember,1
AAPL_10K_20250927,0000320193-25-000079,10-K,RevenueFromContractWithCustomerExcludingAssessedTax,us-gaap,"Revenue from Contract with Customer, Excluding Assessed Tax",26694000000.0,usd,-6,duration,2023-10-01,2024-09-28,12.0,FY ended 2024-09-28,1,srt:ProductOrServiceAxis=aapl:IPadMember,1
AAPL_10K_20250927,0000320193-25-000079,10-K,RevenueFromContractWithCustomerExcludingAssessedTax,us-gaap,"Revenue from Contract with Customer, Excluding Assessed Tax",28300000000.0,usd,-6,duration,2022-09-25,2023-09-30,12.0,FY ended 2023-09-30,1,srt:ProductOrServiceAxis=aapl:IPadMember,1
AAPL_10K_20250927,0000320193-25-000079,10-K,RevenueFromContractWithCustomerExcludingAssessedTax,us-gaap,"Revenue from Contract with Customer, Excluding Assessed Tax",35686000000.0,usd,-6,duration,2024-09-29,2025-09-27,12.0,FY ended 2025-09-27,1,srt:ProductOrServiceAxis=aapl:WearablesHomeandAccessoriesMember,1
AAPL_10K_20250927,0000320193-25-000079,10-K,RevenueFromContractWithCustomerExcludingAssessedTax,us-gaap,"Revenue from Contract with Customer, Excluding Assessed Tax",37005000000.0,usd,-6,duration,2023-10-01,2024-09-28,12.0,FY ended 2024-09-28,1,srt:ProductOrServiceAxis=aapl:WearablesHomeandAccessoriesMember,1
AAPL_10K_20250927,0000320193-25-000079,10-K,RevenueFromContractWithCustomerExcludingAssessedTax,us-gaap,"Revenue from Contract with Customer, Excluding Assessed Tax",39845000000.0,usd,-6,duration,2022-09-25,2023-09-30,12.0,FY ended 2023-09-30,1,srt:ProductOrServiceAxis=aapl:WearablesHomeandAccessoriesMember,1
AAPL_10K_20250927,0000320193-25-000079,10-K,ContractWithCustomerLiabilityRevenueRecognized,us-gaap,"Contract with Customer, Liability, Revenue Recognized",8229000000.0,usd,-6,duration,2024-09-29,2025-09-27,12.0,FY ended 2025-09-27,0,,1
AAPL_10K_20250927,0000320193-25-000079,10-K,ContractWithCustomerLiabilityRevenueRecognized,us-gaap,"Contract with Customer, Liability, Revenue Recognized",7728000000.0,usd,-6,duration,2023-10-01,2024-09-28,12.0,FY ended 2024-09-28,0,,1
AAPL_10K_20250927,0000320193-25-000079,10-K,ContractWithCustomerLiabilityRevenueRecognized,us-gaap,"Contract with Customer, Liability, Revenue Recognized",8169000000.0,usd,-6,duration,2022-09-25,2023-09-30,12.0,FY ended 2023-09-30,0,,1
AAPL_10K_20250927,0000320193-25-000079,10-K,ContractWithCustomerLiability,us-gaap,"Contract with Customer, Liability",13700000000.0,usd,-8,instant,,2025-09-27,,2025-09-27,0,,1
AAPL_10K_20250927,0000320193-25-000079,10-K,ContractWithCustomerLiability,us-gaap,"Contract with Customer, Liability",12800000000.0,usd,-8,instant,,2024-09-28,,2024-09-28,0,,1
AAPL_10K_20250927,0000320193-25-000079,10-K,RevenueRemainingPerformanceObligationPercentage,us-gaap,"Revenue, Remaining Performance Obligation, Percentage",0.66,number,2,instant,,2025-09-27,,2025-09-27,1,us-gaap:RevenueRemainingPerformanceObligationExpectedTimingOfSatisfactionStartDateAxis=2025-09-28,1
AAPL_10K_20250927,0000320193-25-000079,10-K,RevenueRemainingPerformanceObligationPercentage,us-gaap,"Revenue, Remaining Performance Obligation, Percentage",0.23,number,2,instant,,2025-09-27,,2025-09-27,1,us-gaap:RevenueRemainingPerformanceObligationExpectedTimingOfSatisfactionStartDateAxis=2026-09-27,1
AAPL_10K_20250927,0000320193-25-000079,10-K,RevenueRemainingPerformanceObligationPercentage,us-gaap,"Revenue, Remaining Performance Obligation, Percentage",0.09,number,2,instant,,2025-09-27,,2025-09-27,1,us-gaap:RevenueRemainingPerformanceObligationExpectedTimingOfSatisfactionStartDateAxis=2027-09-26,1
AAPL_10K_20250927,0000320193-25-000079,10-K,RevenueRemainingPerformanceObligationPercentage,us-gaap,"Revenue, Remaining Performance Obligation, Percentage",0.02,number,2,instant,,2025-09-27,,2025-09-27,1,us-gaap:RevenueRemainingPerformanceObligationExpectedTimingOfSatisfactionStartDateAxis=2028-10-01,1
AAPL_10K_20250927,0000320193-25-000079,10-K,IncrementalCommonSharesAttributableToShareBasedPaymentArrangements,us-gaap,Incremental Common Shares Attributable to Dilutive Effect of Share-Based Payment Arrangements,56197000.0,shares,-3,duration,2024-09-29,2025-09-27,12.0,FY ended 2025-09-27,0,,1
AAPL_10K_20250927,0000320193-25-000079,10-K,IncrementalCommonSharesAttributableToShareBasedPaymentArrangements,us-gaap,Incremental Common Shares Attributable to Dilutive Effect of Share-Based Payment Arrangements,64312000.0,shares,-3,duration,2023-10-01,2024-09-28,12.0,FY ended 2024-09-28,0,,1
AAPL_10K_20250927,0000320193-25-000079,10-K,IncrementalCommonSharesAttributableToShareBasedPaymentArrangements,us-gaap,Incremental Common Shares Attributable to Dilutive Effect of Share-Based Payment Arrangements,68316000.0,shares,-3,duration,2022-09-25,2023-09-30,12.0,FY ended 2023-09-30,0,,1
AAPL_10K_20250927,0000320193-25-000079,10-K,AntidilutiveSecuritiesExcludedFromComputationOfEarningsPerShareAmount,us-gaap,"Antidilutive Securities Excluded from Computation of Earnings Per Share, Amount",24000000.0,shares,-6,duration,2022-09-25,2023-09-30,12.0,FY ended 2023-09-30,1,us-gaap:AntidilutiveSecuritiesExcludedFromComputationOfEarningsPerShareByAntidilutiveSecuritiesAxis=us-gaap:RestrictedStockUnitsRSUMember,1
AAPL_10K_20250927,0000320193-25-000079,10-K,Cash,us-gaap,Cash,28267000000.0,usd,-6,instant,,2025-09-27,,2025-09-27,1,us-gaap:FinancialInstrumentAxis=us-gaap:CashMember,2
AAPL_10K_20250927,0000320193-25-000079,10-K,CashAndCashEquivalentsAtCarryingValue,us-gaap,Cash and Cash Equivalent,28267000000.0,usd,-6,instant,,2025-09-27,,2025-09-27,1,us-gaap:FinancialInstrumentAxis=us-gaap:CashMember,1
AAPL_10K_20250927,0000320193-25-000079,10-K,EquitySecuritiesFvNiCost,us-gaap,"Equity Securities, FV-NI, Cost",5272000000.0,usd,-6,instant,,2025-09-27,,2025-09-27,2,us-gaap:FairValueByFairValueHierarchyLevelAxis=us-gaap:FairValueInputsLevel1Member;us-gaap:FinancialInstrumentAxis=us-gaap:MoneyMarketFundsMember,1
AAPL_10K_20250927,0000320193-25-000079,10-K,EquitySecuritiesFVNIAccumulatedGrossUnrealizedGainBeforeTax,aapl,"Equity Securities, FV-NI, Accumulated Gross Unrealized Gain, before Tax",0.0,usd,-6,instant,,2025-09-27,,2025-09-27,2,us-gaap:FairValueByFairValueHierarchyLevelAxis=us-gaap:FairValueInputsLevel1Member;us-gaap:FinancialInstrumentAxis=us-gaap:MoneyMarketFundsMember,1
AAPL_10K_20250927,0000320193-25-000079,10-K,EquitySecuritiesFVNIAccumulatedGrossUnrealizedLossBeforeTax,aapl,"Equity Securities, FV-NI, Accumulated Gross Unrealized Loss, before Tax",0.0,usd,-6,instant,,2025-09-27,,2025-09-27,2,us-gaap:FairValueByFairValueHierarchyLevelAxis=us-gaap:FairValueInputsLevel1Member;us-gaap:FinancialInstrumentAxis=us-gaap:MoneyMarketFundsMember,1
AAPL_10K_20250927,0000320193-25-000079,10-K,EquitySecuritiesFvNiCurrentAndNoncurrent,us-gaap,"Equity Securities, FV-NI",5272000000.0,usd,-6,instant,,2025-09-27,,2025-09-27,2,us-gaap:FairValueByFairValueHierarchyLevelAxis=us-gaap:FairValueInputsLevel1Member;us-gaap:FinancialInstrumentAxis=us-gaap:MoneyMarketFundsMember,1
AAPL_10K_20250927,0000320193-25-000079,10-K,CashAndCashEquivalentsAtCarryingValue,us-gaap,Cash and Cash Equivalent,5272000000.0,usd,-6,instant,,2025-09-27,,2025-09-27,2,us-gaap:FairValueByFairValueHierarchyLevelAxis=us-gaap:FairValueInputsLevel1Member;us-gaap:FinancialInstrumentAxis=us-gaap:MoneyMarketFundsMember,1
AAPL_10K_20250927,0000320193-25-000079,10-K,MarketableSecuritiesCurrent,us-gaap,"Marketable Securities, Current",0.0,usd,-6,instant,,2025-09-27,,2025-09-27,2,us-gaap:FairValueByFairValueHierarchyLevelAxis=us-gaap:FairValueInputsLevel1Member;us-gaap:FinancialInstrumentAxis=us-gaap:MoneyMarketFundsMember,1
AAPL_10K_20250927,0000320193-25-000079,10-K,MarketableSecuritiesNoncurrent,us-gaap,"Marketable Securities, Noncurrent",0.0,usd,-6,instant,,2025-09-27,,2025-09-27,2,us-gaap:FairValueByFairValueHierarchyLevelAxis=us-gaap:FairValueInputsLevel1Member;us-gaap:FinancialInstrumentAxis=us-gaap:MoneyMarketFundsMember,1
AAPL_10K_20250927,0000320193-25-000079,10-K,EquitySecuritiesFvNiCost,us-gaap,"Equity Securities, FV-NI, Cost",679000000.0,usd,-6,instant,,2025-09-27,,2025-09-27,2,us-gaap:FairValueByFairValueHierarchyLevelAxis=us-gaap:FairValueInputsLevel1Member;us-gaap:FinancialInstrumentAxis=us-gaap:MutualFundMember,1
AAPL_10K_20250927,0000320193-25-000079,10-K,EquitySecuritiesFVNIAccumulatedGrossUnrealizedGainBeforeTax,aapl,"Equity Securities, FV-NI, Accumulated Gross Unrealized Gain, before Tax",177000000.0,usd,-6,instant,,2025-09-27,,2025-09-27,2,us-gaap:FairValueByFairValueHierarchyLevelAxis=us-gaap:FairValueInputsLevel1Member;us-gaap:FinancialInstrumentAxis=us-gaap:MutualFundMember,1
AAPL_10K_20250927,0000320193-25-000079,10-K,EquitySecuritiesFVNIAccumulatedGrossUnrealizedLossBeforeTax,aapl,"Equity Securities, FV-NI, Accumulated Gross Unrealized Loss, before Tax",2000000.0,usd,-6,instant,,2025-09-27,,2025-09-27,2,us-gaap:FairValueByFairValueHierarchyLevelAxis=us-gaap:FairValueInputsLevel1Member;us-gaap:FinancialInstrumentAxis=us-gaap:MutualFundMember,1
AAPL_10K_20250927,0000320193-25-000079,10-K,EquitySecuritiesFvNiCurrentAndNoncurrent,us-gaap,"Equity Securities, FV-NI",854000000.0,usd,-6,instant,,2025-09-27,,2025-09-27,2,us-gaap:FairValueByFairValueHierarchyLevelAxis=us-gaap:FairValueInputsLevel1Member;us-gaap:FinancialInstrumentAxis=us-gaap:MutualFundMember,1
AAPL_10K_20250927,0000320193-25-000079,10-K,CashAndCashEquivalentsAtCarryingValue,us-gaap,Cash and Cash Equivalent,0.0,usd,-6,instant,,2025-09-27,,2025-09-27,2,us-gaap:FairValueByFairValueHierarchyLevelAxis=us-gaap:FairValueInputsLevel1Member;us-gaap:FinancialInstrumentAxis=us-gaap:MutualFundMember,1
AAPL_10K_20250927,0000320193-25-000079,10-K,MarketableSecuritiesCurrent,us-gaap,"Marketable Securities, Current",854000000.0,usd,-6,instant,,2025-09-27,,2025-09-27,2,us-gaap:FairValueByFairValueHierarchyLevelAxis=us-gaap:FairValueInputsLevel1Member;us-gaap:FinancialInstrumentAxis=us-gaap:MutualFundMember,1
AAPL_10K_20250927,0000320193-25-000079,10-K,MarketableSecuritiesNoncurrent,us-gaap,"Marketable Securities, Noncurrent",0.0,usd,-6,instant,,2025-09-27,,2025-09-27,2,us-gaap:FairValueByFairValueHierarchyLevelAxis=us-gaap:FairValueInputsLevel1Member;us-gaap:FinancialInstrumentAxis=us-gaap:MutualFundMember,1
AAPL_10K_20250927,0000320193-25-000079,10-K,EquitySecuritiesFvNiCost,us-gaap,"Equity Securities, FV-NI, Cost",5951000000.0,usd,-6,instant,,2025-09-27,,2025-09-27,1,us-gaap:FairValueByFairValueHierarchyLevelAxis=us-gaap:FairValueInputsLevel1Member,1
AAPL_10K_20250927,0000320193-25-000079,10-K,EquitySecuritiesFVNIAccumulatedGrossUnrealizedGainBeforeTax,aapl,"Equity Securities, FV-NI, Accumulated Gross Unrealized Gain, before Tax",177000000.0,usd,-6,instant,,2025-09-27,,2025-09-27,1,us-gaap:FairValueByFairValueHierarchyLevelAxis=us-gaap:FairValueInputsLevel1Member,1
AAPL_10K_20250927,0000320193-25-000079,10-K,EquitySecuritiesFVNIAccumulatedGrossUnrealizedLossBeforeTax,aapl,"Equity Securities, FV-NI, Accumulated Gross Unrealized Loss, before Tax",2000000.0,usd,-6,instant,,2025-09-27,,2025-09-27,1,us-gaap:FairValueByFairValueHierarchyLevelAxis=us-gaap:FairValueInputsLevel1Member,1
AAPL_10K_20250927,0000320193-25-000079,10-K,EquitySecuritiesFvNiCurrentAndNoncurrent,us-gaap,"Equity Securities, FV-NI",6126000000.0,usd,-6,instant,,2025-09-27,,2025-09-27,1,us-gaap:FairValueByFairValueHierarchyLevelAxis=us-gaap:FairValueInputsLevel1Member,1
AAPL_10K_20250927,0000320193-25-000079,10-K,CashAndCashEquivalentsAtCarryingValue,us-gaap,Cash and Cash Equivalent,5272000000.0,usd,-6,instant,,2025-09-27,,2025-09-27,1,us-gaap:FairValueByFairValueHierarchyLevelAxis=us-gaap:FairValueInputsLevel1Member,1
AAPL_10K_20250927,0000320193-25-000079,10-K,MarketableSecuritiesCurrent,us-gaap,"Marketable Securities, Current",854000000.0,usd,-6,instant,,2025-09-27,,2025-09-27,1,us-gaap:FairValueByFairValueHierarchyLevelAxis=us-gaap:FairValueInputsLevel1Member,1
AAPL_10K_20250927,0000320193-25-000079,10-K,MarketableSecuritiesNoncurrent,us-gaap,"Marketable Securities, Noncurrent",0.0,usd,-6,instant,,2025-09-27,,2025-09-27,1,us-gaap:FairValueByFairValueHierarchyLevelAxis=us-gaap:FairValueInputsLevel1Member,1
AAPL_10K_20250927,0000320193-25-000079,10-K,AvailableForSaleDebtSecuritiesAmortizedCostBasis,us-gaap,"Debt Securities, Available-for-Sale, Amortized Cost",16074000000.0,usd,-6,instant,,2025-09-27,,2025-09-27,2,us-gaap:FairValueByFairValueHierarchyLevelAxis=us-gaap:FairValueInputsLevel2Member;us-gaap:FinancialInstrumentAxis=us-gaap:USTreasurySecuritiesMember,1
AAPL_10K_20250927,0000320193-25-000079,10-K,AvailableForSaleDebtSecuritiesAccumulatedGrossUnrealizedGainBeforeTax,us-gaap,"Debt Securities, Available-for-Sale, Accumulated Gross Unrealized Gain, before Tax",56000000.0,usd,-6,instant,,2025-09-27,,2025-09-27,2,us-gaap:FairValueByFairValueHierarchyLevelAxis=us-gaap:FairValueInputsLevel2Member;us-gaap:FinancialInstrumentAxis=us-gaap:USTreasurySecuritiesMember,1
AAPL_10K_20250927,0000320193-25-000079,10-K,AvailableForSaleDebtSecuritiesAccumulatedGrossUnrealizedLossBeforeTax,us-gaap,"Debt Securities, Available-for-Sale, Accumulated Gross Unrealized Loss, before Tax",282000000.0,usd,-6,instant,,2025-09-27,,2025-09-27,2,us-gaap:FairValueByFairValueHierarchyLevelAxis=us-gaap:FairValueInputsLevel2Member;us-gaap:FinancialInstrumentAxis=us-gaap:USTreasurySecuritiesMember,1
AAPL_10K_20250927,0000320193-25-000079,10-K,AvailableForSaleSecuritiesDebtSecurities,us-gaap,"Debt Securities, Available-for-Sale",15848000000.0,usd,-6,instant,,2025-09-27,,2025-09-27,2,us-gaap:FairValueByFairValueHierarchyLevelAxis=us-gaap:FairValueInputsLevel2Member;us-gaap:FinancialInstrumentAxis=us-gaap:USTreasurySecuritiesMember,1
AAPL_10K_20250927,0000320193-25-000079,10-K,CashAndCashEquivalentsAtCarryingValue,us-gaap,Cash and Cash Equivalent,1190000000.0,usd,-6,instant,,2025-09-27,,2025-09-27,2,us-gaap:FairValueByFairValueHierarchyLevelAxis=us-gaap:FairValueInputsLevel2Member;us-gaap:FinancialInstrumentAxis=us-gaap:USTreasurySecuritiesMember,1
AAPL_10K_20250927,0000320193-25-000079,10-K,MarketableSecuritiesCurrent,us-gaap,"Marketable Securities, Current",3712000000.0,usd,-6,instant,,2025-09-27,,2025-09-27,2,us-gaap:FairValueByFairValueHierarchyLevelAxis=us-gaap:FairValueInputsLevel2Member;us-gaap:FinancialInstrumentAxis=us-gaap:USTreasurySecuritiesMember,1
AAPL_10K_20250927,0000320193-25-000079,10-K,MarketableSecuritiesNoncurrent,us-gaap,"Marketable Securities, Noncurrent",10946000000.0,usd,-6,instant,,2025-09-27,,2025-09-27,2,us-gaap:FairValueByFairValueHierarchyLevelAxis=us-gaap:FairValueInputsLevel2Member;us-gaap:FinancialInstrumentAxis=us-gaap:USTreasurySecuritiesMember,1
AAPL_10K_20250927,0000320193-25-000079,10-K,AvailableForSaleDebtSecuritiesAmortizedCostBasis,us-gaap,"Debt Securities, Available-for-Sale, Amortized Cost",5269000000.0,usd,-6,instant,,2025-09-27,,2025-09-27,2,us-gaap:FairValueByFairValueHierarchyLevelAxis=us-gaap:FairValueInputsLevel2Member;us-gaap:FinancialInstrumentAxis=us-gaap:USGovernmentAgenciesDebtSecuritiesMember,1
AAPL_10K_20250927,0000320193-25-000079,10-K,AvailableForSaleDebtSecuritiesAccumulatedGrossUnrealizedGainBeforeTax,us-gaap,"Debt Securities, Available-for-Sale, Accumulated Gross Unrealized Gain, before Tax",0.0,usd,-6,instant,,2025-09-27,,2025-09-27,2,us-gaap:FairValueByFairValueHierarchyLevelAxis=us-gaap:FairValueInputsLevel2Member;us-gaap:FinancialInstrumentAxis=us-gaap:USGovernmentAgenciesDebtSecuritiesMember,1
AAPL_10K_20250927,0000320193-25-000079,10-K,AvailableForSaleDebtSecuritiesAccumulatedGrossUnrealizedLossBeforeTax,us-gaap,"Debt Securities, Available-for-Sale, Accumulated Gross Unrealized Loss, before Tax",149000000.0,usd,-6,instant,,2025-09-27,,2025-09-27,2,us-gaap:FairValueByFairValueHierarchyLevelAxis=us-gaap:FairValueInputsLevel2Member;us-gaap:FinancialInstrumentAxis=us-gaap:USGovernmentAgenciesDebtSecuritiesMember,1
AAPL_10K_20250927,0000320193-25-000079,10-K,AvailableForSaleSecuritiesDebtSecurities,us-gaap,"Debt Securities, Available-for-Sale",5120000000.0,usd,-6,instant,,2025-09-27,,2025-09-27,2,us-gaap:FairValueByFairValueHierarchyLevelAxis=us-gaap:FairValueInputsLevel2Member;us-gaap:FinancialInstrumentAxis=us-gaap:USGovernmentAgenciesDebtSecuritiesMember,1
AAPL_10K_20250927,0000320193-25-000079,10-K,CashAndCashEquivalentsAtCarryingValue,us-gaap,Cash and Cash Equivalent,251000000.0,usd,-6,instant,,2025-09-27,,2025-09-27,2,us-gaap:FairValueByFairValueHierarchyLevelAxis=us-gaap:FairValueInputsLevel2Member;us-gaap:FinancialInstrumentAxis=us-gaap:USGovernmentAgenciesDebtSecuritiesMember,1
AAPL_10K_20250927,0000320193-25-000079,10-K,MarketableSecuritiesCurrent,us-gaap,"Marketable Securities, Current",2456000000.0,usd,-6,instant,,2025-09-27,,2025-09-27,2,us-gaap:FairValueByFairValueHierarchyLevelAxis=us-gaap:FairValueInputsLevel2Member;us-gaap:FinancialInstrumentAxis=us-gaap:USGovernmentAgenciesDebtSecuritiesMember,1
AAPL_10K_20250927,0000320193-25-000079,10-K,MarketableSecuritiesNoncurrent,us-gaap,"Marketable Securities, Noncurrent",2413000000.0,usd,-6,instant,,2025-09-27,,2025-09-27,2,us-gaap:FairValueByFairValueHierarchyLevelAxis=us-gaap:FairValueInputsLevel2Member;us-gaap:FinancialInstrumentAxis=us-gaap:USGovernmentAgenciesDebtSecuritiesMember,1
AAPL_10K_20250927,0000320193-25-000079,10-K,AvailableForSaleDebtSecuritiesAmortizedCostBasis,us-gaap,"Debt Securities, Available-for-Sale, Amortized Cost",6586000000.0,usd,-6,instant,,2025-09-27,,2025-09-27,2,us-gaap:FairValueByFairValueHierarchyLevelAxis=us-gaap:FairValueInputsLevel2Member;us-gaap:FinancialInstrumentAxis=us-gaap:ForeignGovernmentDebtSecuritiesMember,1
AAPL_10K_20250927,0000320193-25-000079,10-K,AvailableForSaleDebtSecuritiesAccumulatedGrossUnrealizedGainBeforeTax,us-gaap,"Debt Securities, Available-for-Sale, Accumulated Gross Unrealized Gain, before Tax",111000000.0,usd,-6,instant,,2025-09-27,,2025-09-27,2,us-gaap:FairValueByFairValueHierarchyLevelAxis=us-gaap:FairValueInputsLevel2Member;us-gaap:FinancialInstrumentAxis=us-gaap:ForeignGovernmentDebtSecuritiesMember,1
AAPL_10K_20250927,0000320193-25-000079,10-K,AvailableForSaleDebtSecuritiesAccumulatedGrossUnrealizedLossBeforeTax,us-gaap,"Debt Securities, Available-for-Sale, Accumulated Gross Unrealized Loss, before Tax",424000000.0,usd,-6,instant,,2025-09-27,,2025-09-27,2,us-gaap:FairValueByFairValueHierarchyLevelAxis=us-gaap:FairValueInputsLevel2Member;us-gaap:FinancialInstrumentAxis=us-gaap:ForeignGovernmentDebtSecuritiesMember,1
AAPL_10K_20250927,0000320193-25-000079,10-K,AvailableForSaleSecuritiesDebtSecurities,us-gaap,"Debt Securities, Available-for-Sale",6273000000.0,usd,-6,instant,,2025-09-27,,2025-09-27,2,us-gaap:FairValueByFairValueHierarchyLevelAxis=us-gaap:FairValueInputsLevel2Member;us-gaap:FinancialInstrumentAxis=us-gaap:ForeignGovernmentDebtSecuritiesMember,1
AAPL_10K_20250927,0000320193-25-000079,10-K,CashAndCashEquivalentsAtCarryingValue,us-gaap,Cash and Cash Equivalent,0.0,usd,-6,instant,,2025-09-27,,2025-09-27,2,us-gaap:FairValueByFairValueHierarchyLevelAxis=us-gaap:FairValueInputsLevel2Member;us-gaap:FinancialInstrumentAxis=us-gaap:ForeignGovernmentDebtSecuritiesMember,1
AAPL_10K_20250927,0000320193-25-000079,10-K,MarketableSecuritiesCurrent,us-gaap,"Marketable Securities, Current",855000000.0,usd,-6,instant,,2025-09-27,,2025-09-27,2,us-gaap:FairValueByFairValueHierarchyLevelAxis=us-gaap:FairValueInputsLevel2Member;us-gaap:FinancialInstrumentAxis=us-gaap:ForeignGovernmentDebtSecuritiesMember,1
AAPL_10K_20250927,0000320193-25-000079,10-K,MarketableSecuritiesNoncurrent,us-gaap,"Marketable Securities, Noncurrent",5418000000.0,usd,-6,instant,,2025-09-27,,2025-09-27,2,us-gaap:FairValueByFairValueHierarchyLevelAxis=us-gaap:FairValueInputsLevel2Member;us-gaap:FinancialInstrumentAxis=us-gaap:ForeignGovernmentDebtSecuritiesMember,1
AAPL_10K_20250927,0000320193-25-000079,10-K,AvailableForSaleDebtSecuritiesAmortizedCostBasis,us-gaap,"Debt Securities, Available-for-Sale, Amortized Cost",917000000.0,usd,-6,instant,,2025-09-27,,2025-09-27,2,us-gaap:FairValueByFairValueHierarchyLevelAxis=us-gaap:FairValueInputsLevel2Member;us-gaap:FinancialInstrumentAxis=us-gaap:BankTimeDepositsMember,1
AAPL_10K_20250927,0000320193-25-000079,10-K,AvailableForSaleDebtSecuritiesAccumulatedGrossUnrealizedGainBeforeTax,us-gaap,"Debt Securities, Available-for-Sale, Accumulated Gross Unrealized Gain, before Tax",0.0,usd,-6,instant,,2025-09-27,,2025-09-27,2,us-gaap:FairValueByFairValueHierarchyLevelAxis=us-gaap:FairValueInputsLevel2Member;us-gaap:FinancialInstrumentAxis=us-gaap:BankTimeDepositsMember,1
AAPL_10K_20250927,0000320193-25-000079,10-K,AvailableForSaleDebtSecuritiesAccumulatedGrossUnrealizedLossBeforeTax,us-gaap,"Debt Securities, Available-for-Sale, Accumulated Gross Unrealized Loss, before Tax",0.0,usd,-6,instant,,2025-09-27,,2025-09-27,2,us-gaap:FairValueByFairValueHierarchyLevelAxis=us-gaap:FairValueInputsLevel2Member;us-gaap:FinancialInstrumentAxis=us-gaap:BankTimeDepositsMember,1
AAPL_10K_20250927,0000320193-25-000079,10-K,AvailableForSaleSecuritiesDebtSecurities,us-gaap,"Debt Securities, Available-for-Sale",917000000.0,usd,-6,instant,,2025-09-27,,2025-09-27,2,us-gaap:FairValueByFairValueHierarchyLevelAxis=us-gaap:FairValueInputsLevel2Member;us-gaap:FinancialInstrumentAxis=us-gaap:BankTimeDepositsMember,1
AAPL_10K_20250927,0000320193-25-000079,10-K,CashAndCashEquivalentsAtCarryingValue,us-gaap,Cash and Cash Equivalent,904000000.0,usd,-6,instant,,2025-09-27,,2025-09-27,2,us-gaap:FairValueByFairValueHierarchyLevelAxis=us-gaap:FairValueInputsLevel2Member;us-gaap:FinancialInstrumentAxis=us-gaap:BankTimeDepositsMember,1
AAPL_10K_20250927,0000320193-25-000079,10-K,MarketableSecuritiesCurrent,us-gaap,"Marketable Securities, Current",0.0,usd,-6,instant,,2025-09-27,,2025-09-27,2,us-gaap:FairValueByFairValueHierarchyLevelAxis=us-gaap:FairValueInputsLevel2Member;us-gaap:FinancialInstrumentAxis=us-gaap:BankTimeDepositsMember,1
AAPL_10K_20250927,0000320193-25-000079,10-K,MarketableSecuritiesNoncurrent,us-gaap,"Marketable Securities, Noncurrent",13000000.0,usd,-6,instant,,2025-09-27,,2025-09-27,2,us-gaap:FairValueByFairValueHierarchyLevelAxis=us-gaap:FairValueInputsLevel2Member;us-gaap:FinancialInstrumentAxis=us-gaap:BankTimeDepositsMember,1
AAPL_10K_20250927,0000320193-25-000079,10-K,AvailableForSaleDebtSecuritiesAmortizedCostBasis,us-gaap,"Debt Securities, Available-for-Sale, Amortized Cost",100000000.0,usd,-6,instant,,2025-09-27,,2025-09-27,2,us-gaap:FairValueByFairValueHierarchyLevelAxis=us-gaap:FairValueInputsLevel2Member;us-gaap:FinancialInstrumentAxis=us-gaap:CommercialPaperMember,1
AAPL_10K_20250927,0000320193-25-000079,10-K,AvailableForSaleDebtSecuritiesAccumulatedGrossUnrealizedGainBeforeTax,us-gaap,"Debt Securities, Available-for-Sale, Accumulated Gross Unrealized Gain, before Tax",0.0,usd,-6,instant,,2025-09-27,,2025-09-27,2,us-gaap:FairValueByFairValueHierarchyLevelAxis=us-gaap:FairValueInputsLevel2Member;us-gaap:FinancialInstrumentAxis=us-gaap:CommercialPaperMember,1
AAPL_10K_20250927,0000320193-25-000079,10-K,AvailableForSaleDebtSecuritiesAccumulatedGrossUnrealizedLossBeforeTax,us-gaap,"Debt Securities, Available-for-Sale, Accumulated Gross Unrealized Loss, before Tax",0.0,usd,-6,instant,,2025-09-27,,2025-09-27,2,us-gaap:FairValueByFairValueHierarchyLevelAxis=us-gaap:FairValueInputsLevel2Member;us-gaap:FinancialInstrumentAxis=us-gaap:CommercialPaperMember,1
AAPL_10K_20250927,0000320193-25-000079,10-K,AvailableForSaleSecuritiesDebtSecurities,us-gaap,"Debt Securities, Available-for-Sale",100000000.0,usd,-6,instant,,2025-09-27,,2025-09-27,2,us-gaap:FairValueByFairValueHierarchyLevelAxis=us-gaap:FairValueInputsLevel2Member;us-gaap:FinancialInstrumentAxis=us-gaap:CommercialPaperMember,1
AAPL_10K_20250927,0000320193-25-000079,10-K,CashAndCashEquivalentsAtCarryingValue,us-gaap,Cash and Cash Equivalent,50000000.0,usd,-6,instant,,2025-09-27,,2025-09-27,2,us-gaap:FairValueByFairValueHierarchyLevelAxis=us-gaap:FairValueInputsLevel2Member;us-gaap:FinancialInstrumentAxis=us-gaap:CommercialPaperMember,1
AAPL_10K_20250927,0000320193-25-000079,10-K,MarketableSecuritiesCurrent,us-gaap,"Marketable Securities, Current",50000000.0,usd,-6,instant,,2025-09-27,,2025-09-27,2,us-gaap:FairValueByFairValueHierarchyLevelAxis=us-gaap:FairValueInputsLevel2Member;us-gaap:FinancialInstrumentAxis=us-gaap:CommercialPaperMember,1
AAPL_10K_20250927,0000320193-25-000079,10-K,MarketableSecuritiesNoncurrent,us-gaap,"Marketable Securities, Noncurrent",0.0,usd,-6,instant,,2025-09-27,,2025-09-27,2,us-gaap:FairValueByFairValueHierarchyLevelAxis=us-gaap:FairValueInputsLevel2Member;us-gaap:FinancialInstrumentAxis=us-gaap:CommercialPaperMember,1
AAPL_10K_20250927,0000320193-25-000079,10-K,AvailableForSaleDebtSecuritiesAmortizedCostBasis,us-gaap,"Debt Securities, Available-for-Sale, Amortized Cost",47210000000.0,usd,-6,instant,,2025-09-27,,2025-09-27,2,us-gaap:FairValueByFairValueHierarchyLevelAxis=us-gaap:FairValueInputsLevel2Member;us-gaap:FinancialInstrumentAxis=us-gaap:CorporateDebtSecuritiesMember,1
AAPL_10K_20250927,0000320193-25-000079,10-K,AvailableForSaleDebtSecuritiesAccumulatedGrossUnrealizedGainBeforeTax,us-gaap,"Debt Securities, Available-for-Sale, Accumulated Gross Unrealized Gain, before Tax",266000000.0,usd,-6,instant,,2025-09-27,,2025-09-27,2,us-gaap:FairValueByFairValueHierarchyLevelAxis=us-gaap:FairValueInputsLevel2Member;us-gaap:FinancialInstrumentAxis=us-gaap:CorporateDebtSecuritiesMember,1
AAPL_10K_20250927,0000320193-25-000079,10-K,AvailableForSaleDebtSecuritiesAccumulatedGrossUnrealizedLossBeforeTax,us-gaap,"Debt Securities, Available-for-Sale, Accumulated Gross Unrealized Loss, before Tax",916000000.0,usd,-6,instant,,2025-09-27,,2025-09-27,2,us-gaap:FairValueByFairValueHierarchyLevelAxis=us-gaap:FairValueInputsLevel2Member;us-gaap:FinancialInstrumentAxis=us-gaap:CorporateDebtSecuritiesMember,1
AAPL_10K_20250927,0000320193-25-000079,10-K,AvailableForSaleSecuritiesDebtSecurities,us-gaap,"Debt Securities, Available-for-Sale",46560000000.0,usd,-6,instant,,2025-09-27,,2025-09-27,2,us-gaap:FairValueByFairValueHierarchyLevelAxis=us-gaap:FairValueInputsLevel2Member;us-gaap:FinancialInstrumentAxis=us-gaap:CorporateDebtSecuritiesMember,1
AAPL_10K_20250927,0000320193-25-000079,10-K,CashAndCashEquivalentsAtCarryingValue,us-gaap,Cash and Cash Equivalent,0.0,usd,-6,instant,,2025-09-27,,2025-09-27,2,us-gaap:FairValueByFairValueHierarchyLevelAxis=us-gaap:FairValueInputsLevel2Member;us-gaap:FinancialInstrumentAxis=us-gaap:CorporateDebtSecuritiesMember,1
AAPL_10K_20250927,0000320193-25-000079,10-K,MarketableSecuritiesCurrent,us-gaap,"Marketable Securities, Current",10623000000.0,usd,-6,instant,,2025-09-27,,2025-09-27,2,us-gaap:FairValueByFairValueHierarchyLevelAxis=us-gaap:FairValueInputsLevel2Member;us-gaap:FinancialInstrumentAxis=us-gaap:CorporateDebtSecuritiesMember,1
AAPL_10K_20250927,0000320193-25-000079,10-K,MarketableSecuritiesNoncurrent,us-gaap,"Marketable Securities, Noncurrent",35937000000.0,usd,-6,instant,,2025-09-27,,2025-09-27,2,us-gaap:FairValueByFairValueHierarchyLevelAxis=us-gaap:FairValueInputsLevel2Member;us-gaap:FinancialInstrumentAxis=us-gaap:CorporateDebtSecuritiesMember,1
AAPL_10K_20250927,0000320193-25-000079,10-K,AvailableForSaleDebtSecuritiesAmortizedCostBasis,us-gaap,"Debt Securities, Available-for-Sale, Amortized Cost",207000000.0,usd,-6,instant,,2025-09-27,,2025-09-27,2,us-gaap:FairValueByFairValueHierarchyLevelAxis=us-gaap:FairValueInputsLevel2Member;us-gaap:FinancialInstrumentAxis=us-gaap:USStatesAndPoliticalSubdivisionsMember,1
AAPL_10K_20250927,0000320193-25-000079,10-K,AvailableForSaleDebtSecuritiesAccumulatedGrossUnrealizedGainBeforeTax,us-gaap,"Debt Securities, Available-for-Sale, Accumulated Gross Unrealized Gain, before Tax",0.0,usd,-6,instant,,2025-09-27,,2025-09-27,2,us-gaap:FairValueByFairValueHierarchyLevelAxis=us-gaap:FairValueInputsLevel2Member;us-gaap:FinancialInstrumentAxis=us-gaap:USStatesAndPoliticalSubdivisionsMember,1
AAPL_10K_20250927,0000320193-25-000079,10-K,AvailableForSaleDebtSecuritiesAccumulatedGrossUnrealizedLossBeforeTax,us-gaap,"Debt Securities, Available-for-Sale, Accumulated Gross Unrealized Loss, before Tax",2000000.0,usd,-6,instant,,2025-09-27,,2025-09-27,2,us-gaap:FairValueByFairValueHierarchyLevelAxis=us-gaap:FairValueInputsLevel2Member;us-gaap:FinancialInstrumentAxis=us-gaap:USStatesAndPoliticalSubdivisionsMember,1
AAPL_10K_20250927,0000320193-25-000079,10-K,AvailableForSaleSecuritiesDebtSecurities,us-gaap,"Debt Securities, Available-for-Sale",205000000.0,usd,-6,instant,,2025-09-27,,2025-09-27,2,us-gaap:FairValueByFairValueHierarchyLevelAxis=us-gaap:FairValueInputsLevel2Member;us-gaap:FinancialInstrumentAxis=us-gaap:USStatesAndPoliticalSubdivisionsMember,1
AAPL_10K_20250927,0000320193-25-000079,10-K,CashAndCashEquivalentsAtCarryingValue,us-gaap,Cash and Cash Equivalent,0.0,usd,-6,instant,,2025-09-27,,2025-09-27,2,us-gaap:FairValueByFairValueHierarchyLevelAxis=us-gaap:FairValueInputsLevel2Member;us-gaap:FinancialInstrumentAxis=us-gaap:USStatesAndPoliticalSubdivisionsMember,1
AAPL_10K_20250927,0000320193-25-000079,10-K,MarketableSecuritiesCurrent,us-gaap,"Marketable Securities, Current",119000000.0,usd,-6,instant,,2025-09-27,,2025-09-27,2,us-gaap:FairValueByFairValueHierarchyLevelAxis=us-gaap:FairValueInputsLevel2Member;us-gaap:FinancialInstrumentAxis=us-gaap:USStatesAndPoliticalSubdivisionsMember,1
AAPL_10K_20250927,0000320193-25-000079,10-K,MarketableSecuritiesNoncurrent,us-gaap,"Marketable Securities, Noncurrent",86000000.0,usd,-6,instant,,2025-09-27,,2025-09-27,2,us-gaap:FairValueByFairValueHierarchyLevelAxis=us-gaap:FairValueInputsLevel2Member;us-gaap:FinancialInstrumentAxis=us-gaap:USStatesAndPoliticalSubdivisionsMember,1
AAPL_10K_20250927,0000320193-25-000079,10-K,AvailableForSaleDebtSecuritiesAmortizedCostBasis,us-gaap,"Debt Securities, Available-for-Sale, Amortized Cost",24130000000.0,usd,-6,instant,,2025-09-27,,2025-09-27,2,us-gaap:FairValueByFairValueHierarchyLevelAxis=us-gaap:FairValueInputsLevel2Member;us-gaap:FinancialInstrumentAxis=us-gaap:AssetBackedSecuritiesMember,1
AAPL_10K_20250927,0000320193-25-000079,10-K,AvailableForSaleDebtSecuritiesAccumulatedGrossUnrealizedGainBeforeTax,us-gaap,"Debt Securities, Available-for-Sale, Accumulated Gross Unrealized Gain, before Tax",126000000.0,usd,-6,instant,,2025-09-27,,2025-09-27,2,us-gaap:FairValueByFairValueHierarchyLevelAxis=us-gaap:FairValueInputsLevel2Member;us-gaap:FinancialInstrumentAxis=us-gaap:AssetBackedSecuritiesMember,1
AAPL_10K_20250927,0000320193-25-000079,10-K,AvailableForSaleDebtSecuritiesAccumulatedGrossUnrealizedLossBeforeTax,us-gaap,"Debt Securities, Available-for-Sale, Accumulated Gross Unrealized Loss, before Tax",1252000000.0,usd,-6,instant,,2025-09-27,,2025-09-27,2,us-gaap:FairValueByFairValueHierarchyLevelAxis=us-gaap:FairValueInputsLevel2Member;us-gaap:FinancialInstrumentAxis=us-gaap:AssetBackedSecuritiesMember,1
AAPL_10K_20250927,0000320193-25-000079,10-K,AvailableForSaleSecuritiesDebtSecurities,us-gaap,"Debt Securities, Available-for-Sale",23004000000.0,usd,-6,instant,,2025-09-27,,2025-09-27,2,us-gaap:FairValueByFairValueHierarchyLevelAxis=us-gaap:FairValueInputsLevel2Member;us-gaap:FinancialInstrumentAxis=us-gaap:AssetBackedSecuritiesMember,1
AAPL_10K_20250927,0000320193-25-000079,10-K,CashAndCashEquivalentsAtCarryingValue,us-gaap,Cash and Cash Equivalent,0.0,usd,-6,instant,,2025-09-27,,2025-09-27,2,us-gaap:FairValueByFairValueHierarchyLevelAxis=us-gaap:FairValueInputsLevel2Member;us-gaap:FinancialInstrumentAxis=us-gaap:AssetBackedSecuritiesMember,1
AAPL_10K_20250927,0000320193-25-000079,10-K,MarketableSecuritiesCurrent,us-gaap,"Marketable Securities, Current",94000000.0,usd,-6,instant,,2025-09-27,,2025-09-27,2,us-gaap:FairValueByFairValueHierarchyLevelAxis=us-gaap:FairValueInputsLevel2Member;us-gaap:FinancialInstrumentAxis=us-gaap:AssetBackedSecuritiesMember,1
AAPL_10K_20250927,0000320193-25-000079,10-K,MarketableSecuritiesNoncurrent,us-gaap,"Marketable Securities, Noncurrent",22910000000.0,usd,-6,instant,,2025-09-27,,2025-09-27,2,us-gaap:FairValueByFairValueHierarchyLevelAxis=us-gaap:FairValueInputsLevel2Member;us-gaap:FinancialInstrumentAxis=us-gaap:AssetBackedSecuritiesMember,1
AAPL_10K_20250927,0000320193-25-000079,10-K,AvailableForSaleDebtSecuritiesAmortizedCostBasis,us-gaap,"Debt Securities, Available-for-Sale, Amortized Cost",100493000000.0,usd,-6,instant,,2025-09-27,,2025-09-27,1,us-gaap:FairValueByFairValueHierarchyLevelAxis=us-gaap:FairValueInputsLevel2Member,1
AAPL_10K_20250927,0000320193-25-000079,10-K,AvailableForSaleDebtSecuritiesAccumulatedGrossUnrealizedGainBeforeTax,us-gaap,"Debt Securities, Available-for-Sale, Accumulated Gross Unrealized Gain, before Tax",559000000.0,usd,-6,instant,,2025-09-27,,2025-09-27,1,us-gaap:FairValueByFairValueHierarchyLevelAxis=us-gaap:FairValueInputsLevel2Member,1
AAPL_10K_20250927,0000320193-25-000079,10-K,AvailableForSaleDebtSecuritiesAccumulatedGrossUnrealizedLossBeforeTax,us-gaap,"Debt Securities, Available-for-Sale, Accumulated Gross Unrealized Loss, before Tax",3025000000.0,usd,-6,instant,,2025-09-27,,2025-09-27,1,us-gaap:FairValueByFairValueHierarchyLevelAxis=us-gaap:FairValueInputsLevel2Member,1
AAPL_10K_20250927,0000320193-25-000079,10-K,AvailableForSaleSecuritiesDebtSecurities,us-gaap,"Debt Securities, Available-for-Sale",98027000000.0,usd,-6,instant,,2025-09-27,,2025-09-27,1,us-gaap:FairValueByFairValueHierarchyLevelAxis=us-gaap:FairValueInputsLevel2Member,1
AAPL_10K_20250927,0000320193-25-000079,10-K,CashAndCashEquivalentsAtCarryingValue,us-gaap,Cash and Cash Equivalent,2395000000.0,usd,-6,instant,,2025-09-27,,2025-09-27,1,us-gaap:FairValueByFairValueHierarchyLevelAxis=us-gaap:FairValueInputsLevel2Member,1
AAPL_10K_20250927,0000320193-25-000079,10-K,MarketableSecuritiesCurrent,us-gaap,"Marketable Securities, Current",17909000000.0,usd,-6,instant,,2025-09-27,,2025-09-27,1,us-gaap:FairValueByFairValueHierarchyLevelAxis=us-gaap:FairValueInputsLevel2Member,1
AAPL_10K_20250927,0000320193-25-000079,10-K,MarketableSecuritiesNoncurrent,us-gaap,"Marketable Securities, Noncurrent",77723000000.0,usd,-6,instant,,2025-09-27,,2025-09-27,1,us-gaap:FairValueByFairValueHierarchyLevelAxis=us-gaap:FairValueInputsLevel2Member,1
AAPL_10K_20250927,0000320193-25-000079,10-K,CashCashEquivalentsAndMarketableSecuritiesCost,aapl,"Cash, Cash Equivalents and Marketable Securities, Cost",134711000000.0,usd,-6,instant,,2025-09-27,,2025-09-27,0,,1
AAPL_10K_20250927,0000320193-25-000079,10-K,CashEquivalentsAndMarketableSecuritiesAccumulatedGrossUnrealizedGainBeforeTax,aapl,"Cash Equivalents and Marketable Securities, Accumulated Gross Unrealized Gain, before Tax",736000000.0,usd,-6,instant,,2025-09-27,,2025-09-27,0,,1
AAPL_10K_20250927,0000320193-25-000079,10-K,CashEquivalentsAndMarketableSecuritiesAccumulatedGrossUnrealizedLossBeforeTax,aapl,"Cash Equivalents and Marketable Securities, Accumulated Gross Unrealized Loss, before Tax",3027000000.0,usd,-6,instant,,2025-09-27,,2025-09-27,0,,1
AAPL_10K_20250927,0000320193-25-000079,10-K,CashCashEquivalentsAndMarketableSecurities,aapl,"Cash, Cash Equivalents and Marketable Securities",132420000000.0,usd,-6,instant,,2025-09-27,,2025-09-27,0,,1
AAPL_10K_20250927,0000320193-25-000079,10-K,Cash,us-gaap,Cash,27199000000.0,usd,-6,instant,,2024-09-28,,2024-09-28,1,us-gaap:FinancialInstrumentAxis=us-gaap:CashMember,2
AAPL_10K_20250927,0000320193-25-000079,10-K,CashAndCashEquivalentsAtCarryingValue,us-gaap,Cash and Cash Equivalent,27199000000.0,usd,-6,instant,,2024-09-28,,2024-09-28,1,us-gaap:FinancialInstrumentAxis=us-gaap:CashMember,1
AAPL_10K_20250927,0000320193-25-000079,10-K,EquitySecuritiesFvNiCost,us-gaap,"Equity Securities, FV-NI, Cost",778000000.0,usd,-6,instant,,2024-09-28,,2024-09-28,2,us-gaap:FairValueByFairValueHierarchyLevelAxis=us-gaap:FairValueInputsLevel1Member;us-gaap:FinancialInstrumentAxis=us-gaap:MoneyMarketFundsMember,1
AAPL_10K_20250927,0000320193-25-000079,10-K,EquitySecuritiesFVNIAccumulatedGrossUnrealizedGainBeforeTax,aapl,"Equity Securities, FV-NI, Accumulated Gross Unrealized Gain, before Tax",0.0,usd,-6,instant,,2024-09-28,,2024-09-28,2,us-gaap:FairValueByFairValueHierarchyLevelAxis=us-gaap:FairValueInputsLevel1Member;us-gaap:FinancialInstrumentAxis=us-gaap:MoneyMarketFundsMember,1
AAPL_10K_20250927,0000320193-25-000079,10-K,EquitySecuritiesFVNIAccumulatedGrossUnrealizedLossBeforeTax,aapl,"Equity Securities, FV-NI, Accumulated Gross Unrealized Loss, before Tax",0.0,usd,-6,instant,,2024-09-28,,2024-09-28,2,us-gaap:FairValueByFairValueHierarchyLevelAxis=us-gaap:FairValueInputsLevel1Member;us-gaap:FinancialInstrumentAxis=us-gaap:MoneyMarketFundsMember,1
AAPL_10K_20250927,0000320193-25-000079,10-K,EquitySecuritiesFvNiCurrentAndNoncurrent,us-gaap,"Equity Securities, FV-NI",778000000.0,usd,-6,instant,,2024-09-28,,2024-09-28,2,us-gaap:FairValueByFairValueHierarchyLevelAxis=us-gaap:FairValueInputsLevel1Member;us-gaap:FinancialInstrumentAxis=us-gaap:MoneyMarketFundsMember,1
AAPL_10K_20250927,0000320193-25-000079,10-K,CashAndCashEquivalentsAtCarryingValue,us-gaap,Cash and Cash Equivalent,778000000.0,usd,-6,instant,,2024-09-28,,2024-09-28,2,us-gaap:FairValueByFairValueHierarchyLevelAxis=us-gaap:FairValueInputsLevel1Member;us-gaap:FinancialInstrumentAxis=us-gaap:MoneyMarketFundsMember,1
AAPL_10K_20250927,0000320193-25-000079,10-K,MarketableSecuritiesCurrent,us-gaap,"Marketable Securities, Current",0.0,usd,-6,instant,,2024-09-28,,2024-09-28,2,us-gaap:FairValueByFairValueHierarchyLevelAxis=us-gaap:FairValueInputsLevel1Member;us-gaap:FinancialInstrumentAxis=us-gaap:MoneyMarketFundsMember,1
AAPL_10K_20250927,0000320193-25-000079,10-K,MarketableSecuritiesNoncurrent,us-gaap,"Marketable Securities, Noncurrent",0.0,usd,-6,instant,,2024-09-28,,2024-09-28,2,us-gaap:FairValueByFairValueHierarchyLevelAxis=us-gaap:FairValueInputsLevel1Member;us-gaap:FinancialInstrumentAxis=us-gaap:MoneyMarketFundsMember,1
AAPL_10K_20250927,0000320193-25-000079,10-K,EquitySecuritiesFvNiCost,us-gaap,"Equity Securities, FV-NI, Cost",515000000.0,usd,-6,instant,,2024-09-28,,2024-09-28,2,us-gaap:FairValueByFairValueHierarchyLevelAxis=us-gaap:FairValueInputsLevel1Member;us-gaap:FinancialInstrumentAxis=us-gaap:MutualFundMember,1
AAPL_10K_20250927,0000320193-25-000079,10-K,EquitySecuritiesFVNIAccumulatedGrossUnrealizedGainBeforeTax,aapl,"Equity Securities, FV-NI, Accumulated Gross Unrealized Gain, before Tax",105000000.0,usd,-6,instant,,2024-09-28,,2024-09-28,2,us-gaap:FairValueByFairValueHierarchyLevelAxis=us-gaap:FairValueInputsLevel1Member;us-gaap:FinancialInstrumentAxis=us-gaap:MutualFundMember,1
AAPL_10K_20250927,0000320193-25-000079,10-K,EquitySecuritiesFVNIAccumulatedGrossUnrealizedLossBeforeTax,aapl,"Equity Securities, FV-NI, Accumulated Gross Unrealized Loss, before Tax",3000000.0,usd,-6,instant,,2024-09-28,,2024-09-28,2,us-gaap:FairValueByFairValueHierarchyLevelAxis=us-gaap:FairValueInputsLevel1Member;us-gaap:FinancialInstrumentAxis=us-gaap:MutualFundMember,1
AAPL_10K_20250927,0000320193-25-000079,10-K,EquitySecuritiesFvNiCurrentAndNoncurrent,us-gaap,"Equity Securities, FV-NI",617000000.0,usd,-6,instant,,2024-09-28,,2024-09-28,2,us-gaap:FairValueByFairValueHierarchyLevelAxis=us-gaap:FairValueInputsLevel1Member;us-gaap:FinancialInstrumentAxis=us-gaap:MutualFundMember,1
AAPL_10K_20250927,0000320193-25-000079,10-K,CashAndCashEquivalentsAtCarryingValue,us-gaap,Cash and Cash Equivalent,0.0,usd,-6,instant,,2024-09-28,,2024-09-28,2,us-gaap:FairValueByFairValueHierarchyLevelAxis=us-gaap:FairValueInputsLevel1Member;us-gaap:FinancialInstrumentAxis=us-gaap:MutualFundMember,1
AAPL_10K_20250927,0000320193-25-000079,10-K,MarketableSecuritiesCurrent,us-gaap,"Marketable Securities, Current",617000000.0,usd,-6,instant,,2024-09-28,,2024-09-28,2,us-gaap:FairValueByFairValueHierarchyLevelAxis=us-gaap:FairValueInputsLevel1Member;us-gaap:FinancialInstrumentAxis=us-gaap:MutualFundMember,1
AAPL_10K_20250927,0000320193-25-000079,10-K,MarketableSecuritiesNoncurrent,us-gaap,"Marketable Securities, Noncurrent",0.0,usd,-6,instant,,2024-09-28,,2024-09-28,2,us-gaap:FairValueByFairValueHierarchyLevelAxis=us-gaap:FairValueInputsLevel1Member;us-gaap:FinancialInstrumentAxis=us-gaap:MutualFundMember,1
AAPL_10K_20250927,0000320193-25-000079,10-K,EquitySecuritiesFvNiCost,us-gaap,"Equity Securities, FV-NI, Cost",1293000000.0,usd,-6,instant,,2024-09-28,,2024-09-28,1,us-gaap:FairValueByFairValueHierarchyLevelAxis=us-gaap:FairValueInputsLevel1Member,1
AAPL_10K_20250927,0000320193-25-000079,10-K,EquitySecuritiesFVNIAccumulatedGrossUnrealizedGainBeforeTax,aapl,"Equity Securities, FV-NI, Accumulated Gross Unrealized Gain, before Tax",105000000.0,usd,-6,instant,,2024-09-28,,2024-09-28,1,us-gaap:FairValueByFairValueHierarchyLevelAxis=us-gaap:FairValueInputsLevel1Member,1
AAPL_10K_20250927,0000320193-25-000079,10-K,EquitySecuritiesFVNIAccumulatedGrossUnrealizedLossBeforeTax,aapl,"Equity Securities, FV-NI, Accumulated Gross Unrealized Loss, before Tax",3000000.0,usd,-6,instant,,2024-09-28,,2024-09-28,1,us-gaap:FairValueByFairValueHierarchyLevelAxis=us-gaap:FairValueInputsLevel1Member,1
AAPL_10K_20250927,0000320193-25-000079,10-K,EquitySecuritiesFvNiCurrentAndNoncurrent,us-gaap,"Equity Securities, FV-NI",1395000000.0,usd,-6,instant,,2024-09-28,,2024-09-28,1,us-gaap:FairValueByFairValueHierarchyLevelAxis=us-gaap:FairValueInputsLevel1Member,1
AAPL_10K_20250927,0000320193-25-000079,10-K,CashAndCashEquivalentsAtCarryingValue,us-gaap,Cash and Cash Equivalent,778000000.0,usd,-6,instant,,2024-09-28,,2024-09-28,1,us-gaap:FairValueByFairValueHierarchyLevelAxis=us-gaap:FairValueInputsLevel1Member,1
AAPL_10K_20250927,0000320193-25-000079,10-K,MarketableSecuritiesCurrent,us-gaap,"Marketable Securities, Current",617000000.0,usd,-6,instant,,2024-09-28,,2024-09-28,1,us-gaap:FairValueByFairValueHierarchyLevelAxis=us-gaap:FairValueInputsLevel1Member,1
AAPL_10K_20250927,0000320193-25-000079,10-K,MarketableSecuritiesNoncurrent,us-gaap,"Marketable Securities, Noncurrent",0.0,usd,-6,instant,,2024-09-28,,2024-09-28,1,us-gaap:FairValueByFairValueHierarchyLevelAxis=us-gaap:FairValueInputsLevel1Member,1
AAPL_10K_20250927,0000320193-25-000079,10-K,AvailableForSaleDebtSecuritiesAmortizedCostBasis,us-gaap,"Debt Securities, Available-for-Sale, Amortized Cost",16150000000.0,usd,-6,instant,,2024-09-28,,2024-09-28,2,us-gaap:FairValueByFairValueHierarchyLevelAxis=us-gaap:FairValueInputsLevel2Member;us-gaap:FinancialInstrumentAxis=us-gaap:USTreasurySecuritiesMember,1
AAPL_10K_20250927,0000320193-25-000079,10-K,AvailableForSaleDebtSecuritiesAccumulatedGrossUnrealizedGainBeforeTax,us-gaap,"Debt Securities, Available-for-Sale, Accumulated Gross Unrealized Gain, before Tax",45000000.0,usd,-6,instant,,2024-09-28,,2024-09-28,2,us-gaap:FairValueByFairValueHierarchyLevelAxis=us-gaap:FairValueInputsLevel2Member;us-gaap:FinancialInstrumentAxis=us-gaap:USTreasurySecuritiesMember,1
AAPL_10K_20250927,0000320193-25-000079,10-K,AvailableForSaleDebtSecuritiesAccumulatedGrossUnrealizedLossBeforeTax,us-gaap,"Debt Securities, Available-for-Sale, Accumulated Gross Unrealized Loss, before Tax",516000000.0,usd,-6,instant,,2024-09-28,,2024-09-28,2,us-gaap:FairValueByFairValueHierarchyLevelAxis=us-gaap:FairValueInputsLevel2Member;us-gaap:FinancialInstrumentAxis=us-gaap:USTreasurySecuritiesMember,1
AAPL_10K_20250927,0000320193-25-000079,10-K,AvailableForSaleSecuritiesDebtSecurities,us-gaap,"Debt Securities, Available-for-Sale",15679000000.0,usd,-6,instant,,2024-09-28,,2024-09-28,2,us-gaap:FairValueByFairValueHierarchyLevelAxis=us-gaap:FairValueInputsLevel2Member;us-gaap:FinancialInstrumentAxis=us-gaap:USTreasurySecuritiesMember,1
AAPL_10K_20250927,0000320193-25-000079,10-K,CashAndCashEquivalentsAtCarryingValue,us-gaap,Cash and Cash Equivalent,212000000.0,usd,-6,instant,,2024-09-28,,2024-09-28,2,us-gaap:FairValueByFairValueHierarchyLevelAxis=us-gaap:FairValueInputsLevel2Member;us-gaap:FinancialInstrumentAxis=us-gaap:USTreasurySecuritiesMember,1
AAPL_10K_20250927,0000320193-25-000079,10-K,MarketableSecuritiesCurrent,us-gaap,"Marketable Securities, Current",4087000000.0,usd,-6,instant,,2024-09-28,,2024-09-28,2,us-gaap:FairValueByFairValueHierarchyLevelAxis=us-gaap:FairValueInputsLevel2Member;us-gaap:FinancialInstrumentAxis=us-gaap:USTreasurySecuritiesMember,1
AAPL_10K_20250927,0000320193-25-000079,10-K,MarketableSecuritiesNoncurrent,us-gaap,"Marketable Securities, Noncurrent",11380000000.0,usd,-6,instant,,2024-09-28,,2024-09-28,2,us-gaap:FairValueByFairValueHierarchyLevelAxis=us-gaap:FairValueInputsLevel2Member;us-gaap:FinancialInstrumentAxis=us-gaap:USTreasurySecuritiesMember,1
AAPL_10K_20250927,0000320193-25-000079,10-K,AvailableForSaleDebtSecuritiesAmortizedCostBasis,us-gaap,"Debt Securities, Available-for-Sale, Amortized Cost",5431000000.0,usd,-6,instant,,2024-09-28,,2024-09-28,2,us-gaap:FairValueByFairValueHierarchyLevelAxis=us-gaap:FairValueInputsLevel2Member;us-gaap:FinancialInstrumentAxis=us-gaap:USGovernmentAgenciesDebtSecuritiesMember,1
AAPL_10K_20250927,0000320193-25-000079,10-K,AvailableForSaleDebtSecuritiesAccumulatedGrossUnrealizedGainBeforeTax,us-gaap,"Debt Securities, Available-for-Sale, Accumulated Gross Unrealized Gain, before Tax",0.0,usd,-6,instant,,2024-09-28,,2024-09-28,2,us-gaap:FairValueByFairValueHierarchyLevelAxis=us-gaap:FairValueInputsLevel2Member;us-gaap:FinancialInstrumentAxis=us-gaap:USGovernmentAgenciesDebtSecuritiesMember,1
AAPL_10K_20250927,0000320193-25-000079,10-K,AvailableForSaleDebtSecuritiesAccumulatedGrossUnrealizedLossBeforeTax,us-gaap,"Debt Securities, Available-for-Sale, Accumulated Gross Unrealized Loss, before Tax",272000000.0,usd,-6,instant,,2024-09-28,,2024-09-28,2,us-gaap:FairValueByFairValueHierarchyLevelAxis=us-gaap:FairValueInputsLevel2Member;us-gaap:FinancialInstrumentAxis=us-gaap:USGovernmentAgenciesDebtSecuritiesMember,1
AAPL_10K_20250927,0000320193-25-000079,10-K,AvailableForSaleSecuritiesDebtSecurities,us-gaap,"Debt Securities, Available-for-Sale",5159000000.0,usd,-6,instant,,2024-09-28,,2024-09-28,2,us-gaap:FairValueByFairValueHierarchyLevelAxis=us-gaap:FairValueInputsLevel2Member;us-gaap:FinancialInstrumentAxis=us-gaap:USGovernmentAgenciesDebtSecuritiesMember,1
AAPL_10K_20250927,0000320193-25-000079,10-K,CashAndCashEquivalentsAtCarryingValue,us-gaap,Cash and Cash Equivalent,155000000.0,usd,-6,instant,,2024-09-28,,2024-09-28,2,us-gaap:FairValueByFairValueHierarchyLevelAxis=us-gaap:FairValueInputsLevel2Member;us-gaap:FinancialInstrumentAxis=us-gaap:USGovernmentAgenciesDebtSecuritiesMember,1
AAPL_10K_20250927,0000320193-25-000079,10-K,MarketableSecuritiesCurrent,us-gaap,"Marketable Securities, Current",703000000.0,usd,-6,instant,,2024-09-28,,2024-09-28,2,us-gaap:FairValueByFairValueHierarchyLevelAxis=us-gaap:FairValueInputsLevel2Member;us-gaap:FinancialInstrumentAxis=us-gaap:USGovernmentAgenciesDebtSecuritiesMember,1
AAPL_10K_20250927,0000320193-25-000079,10-K,MarketableSecuritiesNoncurrent,us-gaap,"Marketable Securities, Noncurrent",4301000000.0,usd,-6,instant,,2024-09-28,,2024-09-28,2,us-gaap:FairValueByFairValueHierarchyLevelAxis=us-gaap:FairValueInputsLevel2Member;us-gaap:FinancialInstrumentAxis=us-gaap:USGovernmentAgenciesDebtSecuritiesMember,1
AAPL_10K_20250927,0000320193-25-000079,10-K,AvailableForSaleDebtSecuritiesAmortizedCostBasis,us-gaap,"Debt Securities, Available-for-Sale, Amortized Cost",17959000000.0,usd,-6,instant,,2024-09-28,,2024-09-28,2,us-gaap:FairValueByFairValueHierarchyLevelAxis=us-gaap:FairValueInputsLevel2Member;us-gaap:FinancialInstrumentAxis=us-gaap:ForeignGovernmentDebtSecuritiesMember,1
AAPL_10K_20250927,0000320193-25-000079,10-K,AvailableForSaleDebtSecuritiesAccumulatedGrossUnrealizedGainBeforeTax,us-gaap,"Debt Securities, Available-for-Sale, Accumulated Gross Unrealized Gain, before Tax",93000000.0,usd,-6,instant,,2024-09-28,,2024-09-28,2,us-gaap:FairValueByFairValueHierarchyLevelAxis=us-gaap:FairValueInputsLevel2Member;us-gaap:FinancialInstrumentAxis=us-gaap:ForeignGovernmentDebtSecuritiesMember,1
AAPL_10K_20250927,0000320193-25-000079,10-K,AvailableForSaleDebtSecuritiesAccumulatedGrossUnrealizedLossBeforeTax,us-gaap,"Debt Securities, Available-for-Sale, Accumulated Gross Unrealized Loss, before Tax",484000000.0,usd,-6,instant,,2024-09-28,,2024-09-28,2,us-gaap:FairValueByFairValueHierarchyLevelAxis=us-gaap:FairValueInputsLevel2Member;us-gaap:FinancialInstrumentAxis=us-gaap:ForeignGovernmentDebtSecuritiesMember,1
AAPL_10K_20250927,0000320193-25-000079,10-K,AvailableForSaleSecuritiesDebtSecurities,us-gaap,"Debt Securities, Available-for-Sale",17568000000.0,usd,-6,instant,,2024-09-28,,2024-09-28,2,us-gaap:FairValueByFairValueHierarchyLevelAxis=us-gaap:FairValueInputsLevel2Member;us-gaap:FinancialInstrumentAxis=us-gaap:ForeignGovernmentDebtSecuritiesMember,1
AAPL_10K_20250927,0000320193-25-000079,10-K,CashAndCashEquivalentsAtCarryingValue,us-gaap,Cash and Cash Equivalent,1158000000.0,usd,-6,instant,,2024-09-28,,2024-09-28,2,us-gaap:FairValueByFairValueHierarchyLevelAxis=us-gaap:FairValueInputsLevel2Member;us-gaap:FinancialInstrumentAxis=us-gaap:ForeignGovernmentDebtSecuritiesMember,1
AAPL_10K_20250927,0000320193-25-000079,10-K,MarketableSecuritiesCurrent,us-gaap,"Marketable Securities, Current",10810000000.0,usd,-6,instant,,2024-09-28,,2024-09-28,2,us-gaap:FairValueByFairValueHierarchyLevelAxis=us-gaap:FairValueInputsLevel2Member;us-gaap:FinancialInstrumentAxis=us-gaap:ForeignGovernmentDebtSecuritiesMember,1
AAPL_10K_20250927,0000320193-25-000079,10-K,MarketableSecuritiesNoncurrent,us-gaap,"Marketable Securities, Noncurrent",5600000000.0,usd,-6,instant,,2024-09-28,,2024-09-28,2,us-gaap:FairValueByFairValueHierarchyLevelAxis=us-gaap:FairValueInputsLevel2Member;us-gaap:FinancialInstrumentAxis=us-gaap:ForeignGovernmentDebtSecuritiesMember,1
AAPL_10K_20250927,0000320193-25-000079,10-K,AvailableForSaleDebtSecuritiesAmortizedCostBasis,us-gaap,"Debt Securities, Available-for-Sale, Amortized Cost",873000000.0,usd,-6,instant,,2024-09-28,,2024-09-28,2,us-gaap:FairValueByFairValueHierarchyLevelAxis=us-gaap:FairValueInputsLevel2Member;us-gaap:FinancialInstrumentAxis=us-gaap:BankTimeDepositsMember,1
AAPL_10K_20250927,0000320193-25-000079,10-K,AvailableForSaleDebtSecuritiesAccumulatedGrossUnrealizedGainBeforeTax,us-gaap,"Debt Securities, Available-for-Sale, Accumulated Gross Unrealized Gain, before Tax",0.0,usd,-6,instant,,2024-09-28,,2024-09-28,2,us-gaap:FairValueByFairValueHierarchyLevelAxis=us-gaap:FairValueInputsLevel2Member;us-gaap:FinancialInstrumentAxis=us-gaap:BankTimeDepositsMember,1
AAPL_10K_20250927,0000320193-25-000079,10-K,AvailableForSaleDebtSecuritiesAccumulatedGrossUnrealizedLossBeforeTax,us-gaap,"Debt Securities, Available-for-Sale, Accumulated Gross Unrealized Loss, before Tax",0.0,usd,-6,instant,,2024-09-28,,2024-09-28,2,us-gaap:FairValueByFairValueHierarchyLevelAxis=us-gaap:FairValueInputsLevel2Member;us-gaap:FinancialInstrumentAxis=us-gaap:BankTimeDepositsMember,1
AAPL_10K_20250927,0000320193-25-000079,10-K,AvailableForSaleSecuritiesDebtSecurities,us-gaap,"Debt Securities, Available-for-Sale",873000000.0,usd,-6,instant,,2024-09-28,,2024-09-28,2,us-gaap:FairValueByFairValueHierarchyLevelAxis=us-gaap:FairValueInputsLevel2Member;us-gaap:FinancialInstrumentAxis=us-gaap:BankTimeDepositsMember,1
AAPL_10K_20250927,0000320193-25-000079,10-K,CashAndCashEquivalentsAtCarryingValue,us-gaap,Cash and Cash Equivalent,387000000.0,usd,-6,instant,,2024-09-28,,2024-09-28,2,us-gaap:FairValueByFairValueHierarchyLevelAxis=us-gaap:FairValueInputsLevel2Member;us-gaap:FinancialInstrumentAxis=us-gaap:BankTimeDepositsMember,1
AAPL_10K_20250927,0000320193-25-000079,10-K,MarketableSecuritiesCurrent,us-gaap,"Marketable Securities, Current",478000000.0,usd,-6,instant,,2024-09-28,,2024-09-28,2,us-gaap:FairValueByFairValueHierarchyLevelAxis=us-gaap:FairValueInputsLevel2Member;us-gaap:FinancialInstrumentAxis=us-gaap:BankTimeDepositsMember,1
AAPL_10K_20250927,0000320193-25-000079,10-K,MarketableSecuritiesNoncurrent,us-gaap,"Marketable Securities, Noncurrent",8000000.0,usd,-6,instant,,2024-09-28,,2024-09-28,2,us-gaap:FairValueByFairValueHierarchyLevelAxis=us-gaap:FairValueInputsLevel2Member;us-gaap:FinancialInstrumentAxis=us-gaap:BankTimeDepositsMember,1
AAPL_10K_20250927,0000320193-25-000079,10-K,AvailableForSaleDebtSecuritiesAmortizedCostBasis,us-gaap,"Debt Securities, Available-for-Sale, Amortized Cost",1066000000.0,usd,-6,instant,,2024-09-28,,2024-09-28,2,us-gaap:FairValueByFairValueHierarchyLevelAxis=us-gaap:FairValueInputsLevel2Member;us-gaap:FinancialInstrumentAxis=us-gaap:CommercialPaperMember,1
AAPL_10K_20250927,0000320193-25-000079,10-K,AvailableForSaleDebtSecuritiesAccumulatedGrossUnrealizedGainBeforeTax,us-gaap,"Debt Securities, Available-for-Sale, Accumulated Gross Unrealized Gain, before Tax",0.0,usd,-6,instant,,2024-09-28,,2024-09-28,2,us-gaap:FairValueByFairValueHierarchyLevelAxis=us-gaap:FairValueInputsLevel2Member;us-gaap:FinancialInstrumentAxis=us-gaap:CommercialPaperMember,1
AAPL_10K_20250927,0000320193-25-000079,10-K,AvailableForSaleDebtSecuritiesAccumulatedGrossUnrealizedLossBeforeTax,us-gaap,"Debt Securities, Available-for-Sale, Accumulated Gross Unrealized Loss, before Tax",0.0,usd,-6,instant,,2024-09-28,,2024-09-28,2,us-gaap:FairValueByFairValueHierarchyLevelAxis=us-gaap:FairValueInputsLevel2Member;us-gaap:FinancialInstrumentAxis=us-gaap:CommercialPaperMember,1
AAPL_10K_20250927,0000320193-25-000079,10-K,AvailableForSaleSecuritiesDebtSecurities,us-gaap,"Debt Securities, Available-for-Sale",1066000000.0,usd,-6,instant,,2024-09-28,,2024-09-28,2,us-gaap:FairValueByFairValueHierarchyLevelAxis=us-gaap:FairValueInputsLevel2Member;us-gaap:FinancialInstrumentAxis=us-gaap:CommercialPaperMember,1
AAPL_10K_20250927,0000320193-25-000079,10-K,CashAndCashEquivalentsAtCarryingValue,us-gaap,Cash and Cash Equivalent,28000000.0,usd,-6,instant,,2024-09-28,,2024-09-28,2,us-gaap:FairValueByFairValueHierarchyLevelAxis=us-gaap:FairValueInputsLevel2Member;us-gaap:FinancialInstrumentAxis=us-gaap:CommercialPaperMember,1
AAPL_10K_20250927,0000320193-25-000079,10-K,MarketableSecuritiesCurrent,us-gaap,"Marketable Securities, Current",1038000000.0,usd,-6,instant,,2024-09-28,,2024-09-28,2,us-gaap:FairValueByFairValueHierarchyLevelAxis=us-gaap:FairValueInputsLevel2Member;us-gaap:FinancialInstrumentAxis=us-gaap:CommercialPaperMember,1
AAPL_10K_20250927,0000320193-25-000079,10-K,MarketableSecuritiesNoncurrent,us-gaap,"Marketable Securities, Noncurrent",0.0,usd,-6,instant,,2024-09-28,,2024-09-28,2,us-gaap:FairValueByFairValueHierarchyLevelAxis=us-gaap:FairValueInputsLevel2Member;us-gaap:FinancialInstrumentAxis=us-gaap:CommercialPaperMember,1
AAPL_10K_20250927,0000320193-25-000079,10-K,AvailableForSaleDebtSecuritiesAmortizedCostBasis,us-gaap,"Debt Securities, Available-for-Sale, Amortized Cost",65622000000.0,usd,-6,instant,,2024-09-28,,2024-09-28,2,us-gaap:FairValueByFairValueHierarchyLevelAxis=us-gaap:FairValueInputsLevel2Member;us-gaap:FinancialInstrumentAxis=us-gaap:CorporateDebtSecuritiesMember,1
AAPL_10K_20250927,0000320193-25-000079,10-K,AvailableForSaleDebtSecuritiesAccumulatedGrossUnrealizedGainBeforeTax,us-gaap,"Debt Securities, Available-for-Sale, Accumulated Gross Unrealized Gain, before Tax",270000000.0,usd,-6,instant,,2024-09-28,,2024-09-28,2,us-gaap:FairValueByFairValueHierarchyLevelAxis=us-gaap:FairValueInputsLevel2Member;us-gaap:FinancialInstrumentAxis=us-gaap:CorporateDebtSecuritiesMember,1
AAPL_10K_20250927,0000320193-25-000079,10-K,AvailableForSaleDebtSecuritiesAccumulatedGrossUnrealizedLossBeforeTax,us-gaap,"Debt Securities, Available-for-Sale, Accumulated Gross Unrealized Loss, before Tax",1953000000.0,usd,-6,instant,,2024-09-28,,2024-09-28,2,us-gaap:FairValueByFairValueHierarchyLevelAxis=us-gaap:FairValueInputsLevel2Member;us-gaap:FinancialInstrumentAxis=us-gaap:CorporateDebtSecuritiesMember,1
AAPL_10K_20250927,0000320193-25-000079,10-K,AvailableForSaleSecuritiesDebtSecurities,us-gaap,"Debt Securities, Available-for-Sale",63939000000.0,usd,-6,instant,,2024-09-28,,2024-09-28,2,us-gaap:FairValueByFairValueHierarchyLevelAxis=us-gaap:FairValueInputsLevel2Member;us-gaap:FinancialInstrumentAxis=us-gaap:CorporateDebtSecuritiesMember,1
AAPL_10K_20250927,0000320193-25-000079,10-K,CashAndCashEquivalentsAtCarryingValue,us-gaap,Cash and Cash Equivalent,26000000.0,usd,-6,instant,,2024-09-28,,2024-09-28,2,us-gaap:FairValueByFairValueHierarchyLevelAxis=us-gaap:FairValueInputsLevel2Member;us-gaap:FinancialInstrumentAxis=us-gaap:CorporateDebtSecuritiesMember,1
AAPL_10K_20250927,0000320193-25-000079,10-K,MarketableSecuritiesCurrent,us-gaap,"Marketable Securities, Current",16027000000.0,usd,-6,instant,,2024-09-28,,2024-09-28,2,us-gaap:FairValueByFairValueHierarchyLevelAxis=us-gaap:FairValueInputsLevel2Member;us-gaap:FinancialInstrumentAxis=us-gaap:CorporateDebtSecuritiesMember,1
AAPL_10K_20250927,0000320193-25-000079,10-K,MarketableSecuritiesNoncurrent,us-gaap,"Marketable Securities, Noncurrent",47886000000.0,usd,-6,instant,,2024-09-28,,2024-09-28,2,us-gaap:FairValueByFairValueHierarchyLevelAxis=us-gaap:FairValueInputsLevel2Member;us-gaap:FinancialInstrumentAxis=us-gaap:CorporateDebtSecuritiesMember,1
AAPL_10K_20250927,0000320193-25-000079,10-K,AvailableForSaleDebtSecuritiesAmortizedCostBasis,us-gaap,"Debt Securities, Available-for-Sale, Amortized Cost",412000000.0,usd,-6,instant,,2024-09-28,,2024-09-28,2,us-gaap:FairValueByFairValueHierarchyLevelAxis=us-gaap:FairValueInputsLevel2Member;us-gaap:FinancialInstrumentAxis=us-gaap:USStatesAndPoliticalSubdivisionsMember,1
AAPL_10K_20250927,0000320193-25-000079,10-K,AvailableForSaleDebtSecuritiesAccumulatedGrossUnrealizedGainBeforeTax,us-gaap,"Debt Securities, Available-for-Sale, Accumulated Gross Unrealized Gain, before Tax",0.0,usd,-6,instant,,2024-09-28,,2024-09-28,2,us-gaap:FairValueByFairValueHierarchyLevelAxis=us-gaap:FairValueInputsLevel2Member;us-gaap:FinancialInstrumentAxis=us-gaap:USStatesAndPoliticalSubdivisionsMember,1
AAPL_10K_20250927,0000320193-25-000079,10-K,AvailableForSaleDebtSecuritiesAccumulatedGrossUnrealizedLossBeforeTax,us-gaap,"Debt Securities, Available-for-Sale, Accumulated Gross Unrealized Loss, before Tax",7000000.0,usd,-6,instant,,2024-09-28,,2024-09-28,2,us-gaap:FairValueByFairValueHierarchyLevelAxis=us-gaap:FairValueInputsLevel2Member;us-gaap:FinancialInstrumentAxis=us-gaap:USStatesAndPoliticalSubdivisionsMember,1
AAPL_10K_20250927,0000320193-25-000079,10-K,AvailableForSaleSecuritiesDebtSecurities,us-gaap,"Debt Securities, Available-for-Sale",405000000.0,usd,-6,instant,,2024-09-28,,2024-09-28,2,us-gaap:FairValueByFairValueHierarchyLevelAxis=us-gaap:FairValueInputsLevel2Member;us-gaap:FinancialInstrumentAxis=us-gaap:USStatesAndPoliticalSubdivisionsMember,1
AAPL_10K_20250927,0000320193-25-000079,10-K,CashAndCashEquivalentsAtCarryingValue,us-gaap,Cash and Cash Equivalent,0.0,usd,-6,instant,,2024-09-28,,2024-09-28,2,us-gaap:FairValueByFairValueHierarchyLevelAxis=us-gaap:FairValueInputsLevel2Member;us-gaap:FinancialInstrumentAxis=us-gaap:USStatesAndPoliticalSubdivisionsMember,1
AAPL_10K_20250927,0000320193-25-000079,10-K,MarketableSecuritiesCurrent,us-gaap,"Marketable Securities, Current",190000000.0,usd,-6,instant,,2024-09-28,,2024-09-28,2,us-gaap:FairValueByFairValueHierarchyLevelAxis=us-gaap:FairValueInputsLevel2Member;us-gaap:FinancialInstrumentAxis=us-gaap:USStatesAndPoliticalSubdivisionsMember,1
AAPL_10K_20250927,0000320193-25-000079,10-K,MarketableSecuritiesNoncurrent,us-gaap,"Marketable Securities, Noncurrent",215000000.0,usd,-6,instant,,2024-09-28,,2024-09-28,2,us-gaap:FairValueByFairValueHierarchyLevelAxis=us-gaap:FairValueInputsLevel2Member;us-gaap:FinancialInstrumentAxis=us-gaap:USStatesAndPoliticalSubdivisionsMember,1
AAPL_10K_20250927,0000320193-25-000079,10-K,AvailableForSaleDebtSecuritiesAmortizedCostBasis,us-gaap,"Debt Securities, Available-for-Sale, Amortized Cost",24595000000.0,usd,-6,instant,,2024-09-28,,2024-09-28,2,us-gaap:FairValueByFairValueHierarchyLevelAxis=us-gaap:FairValueInputsLevel2Member;us-gaap:FinancialInstrumentAxis=us-gaap:AssetBackedSecuritiesMember,1
AAPL_10K_20250927,0000320193-25-000079,10-K,AvailableForSaleDebtSecuritiesAccumulatedGrossUnrealizedGainBeforeTax,us-gaap,"Debt Securities, Available-for-Sale, Accumulated Gross Unrealized Gain, before Tax",175000000.0,usd,-6,instant,,2024-09-28,,2024-09-28,2,us-gaap:FairValueByFairValueHierarchyLevelAxis=us-gaap:FairValueInputsLevel2Member;us-gaap:FinancialInstrumentAxis=us-gaap:AssetBackedSecuritiesMember,1
AAPL_10K_20250927,0000320193-25-000079,10-K,AvailableForSaleDebtSecuritiesAccumulatedGrossUnrealizedLossBeforeTax,us-gaap,"Debt Securities, Available-for-Sale, Accumulated Gross Unrealized Loss, before Tax",1403000000.0,usd,-6,instant,,2024-09-28,,2024-09-28,2,us-gaap:FairValueByFairValueHierarchyLevelAxis=us-gaap:FairValueInputsLevel2Member;us-gaap:FinancialInstrumentAxis=us-gaap:AssetBackedSecuritiesMember,1
AAPL_10K_20250927,0000320193-25-000079,10-K,AvailableForSaleSecuritiesDebtSecurities,us-gaap,"Debt Securities, Available-for-Sale",23367000000.0,usd,-6,instant,,2024-09-28,,2024-09-28,2,us-gaap:FairValueByFairValueHierarchyLevelAxis=us-gaap:FairValueInputsLevel2Member;us-gaap:FinancialInstrumentAxis=us-gaap:AssetBackedSecuritiesMember,1
AAPL_10K_20250927,0000320193-25-000079,10-K,CashAndCashEquivalentsAtCarryingValue,us-gaap,Cash and Cash Equivalent,0.0,usd,-6,instant,,2024-09-28,,2024-09-28,2,us-gaap:FairValueByFairValueHierarchyLevelAxis=us-gaap:FairValueInputsLevel2Member;us-gaap:FinancialInstrumentAxis=us-gaap:AssetBackedSecuritiesMember,1
AAPL_10K_20250927,0000320193-25-000079,10-K,MarketableSecuritiesCurrent,us-gaap,"Marketable Securities, Current",1278000000.0,usd,-6,instant,,2024-09-28,,2024-09-28,2,us-gaap:FairValueByFairValueHierarchyLevelAxis=us-gaap:FairValueInputsLevel2Member;us-gaap:FinancialInstrumentAxis=us-gaap:AssetBackedSecuritiesMember,1
AAPL_10K_20250927,0000320193-25-000079,10-K,MarketableSecuritiesNoncurrent,us-gaap,"Marketable Securities, Noncurrent",22089000000.0,usd,-6,instant,,2024-09-28,,2024-09-28,2,us-gaap:FairValueByFairValueHierarchyLevelAxis=us-gaap:FairValueInputsLevel2Member;us-gaap:FinancialInstrumentAxis=us-gaap:AssetBackedSecuritiesMember,1
AAPL_10K_20250927,0000320193-25-000079,10-K,AvailableForSaleDebtSecuritiesAmortizedCostBasis,us-gaap,"Debt Securities, Available-for-Sale, Amortized Cost",132108000000.0,usd,-6,instant,,2024-09-28,,2024-09-28,1,us-gaap:FairValueByFairValueHierarchyLevelAxis=us-gaap:FairValueInputsLevel2Member,1
AAPL_10K_20250927,0000320193-25-000079,10-K,AvailableForSaleDebtSecuritiesAccumulatedGrossUnrealizedGainBeforeTax,us-gaap,"Debt Securities, Available-for-Sale, Accumulated Gross Unrealized Gain, before Tax",583000000.0,usd,-6,instant,,2024-09-28,,2024-09-28,1,us-gaap:FairValueByFairValueHierarchyLevelAxis=us-gaap:FairValueInputsLevel2Member,1
AAPL_10K_20250927,0000320193-25-000079,10-K,AvailableForSaleDebtSecuritiesAccumulatedGrossUnrealizedLossBeforeTax,us-gaap,"Debt Securities, Available-for-Sale, Accumulated Gross Unrealized Loss, before Tax",4635000000.0,usd,-6,instant,,2024-09-28,,2024-09-28,1,us-gaap:FairValueByFairValueHierarchyLevelAxis=us-gaap:FairValueInputsLevel2Member,1
AAPL_10K_20250927,0000320193-25-000079,10-K,AvailableForSaleSecuritiesDebtSecurities,us-gaap,"Debt Securities, Available-for-Sale",128056000000.0,usd,-6,instant,,2024-09-28,,2024-09-28,1,us-gaap:FairValueByFairValueHierarchyLevelAxis=us-gaap:FairValueInputsLevel2Member,1
AAPL_10K_20250927,0000320193-25-000079,10-K,CashAndCashEquivalentsAtCarryingValue,us-gaap,Cash and Cash Equivalent,1966000000.0,usd,-6,instant,,2024-09-28,,2024-09-28,1,us-gaap:FairValueByFairValueHierarchyLevelAxis=us-gaap:FairValueInputsLevel2Member,1
AAPL_10K_20250927,0000320193-25-000079,10-K,MarketableSecuritiesCurrent,us-gaap,"Marketable Securities, Current",34611000000.0,usd,-6,instant,,2024-09-28,,2024-09-28,1,us-gaap:FairValueByFairValueHierarchyLevelAxis=us-gaap:FairValueInputsLevel2Member,1
AAPL_10K_20250927,0000320193-25-000079,10-K,MarketableSecuritiesNoncurrent,us-gaap,"Marketable Securities, Noncurrent",91479000000.0,usd,-6,instant,,2024-09-28,,2024-09-28,1,us-gaap:FairValueByFairValueHierarchyLevelAxis=us-gaap:FairValueInputsLevel2Member,1
AAPL_10K_20250927,0000320193-25-000079,10-K,CashCashEquivalentsAndMarketableSecuritiesCost,aapl,"Cash, Cash Equivalents and Marketable Securities, Cost",160600000000.0,usd,-6,instant,,2024-09-28,,2024-09-28,0,,1
AAPL_10K_20250927,0000320193-25-000079,10-K,CashEquivalentsAndMarketableSecuritiesAccumulatedGrossUnrealizedGainBeforeTax,aapl,"Cash Equivalents and Marketable Securities, Accumulated Gross Unrealized Gain, before Tax",688000000.0,usd,-6,instant,,2024-09-28,,2024-09-28,0,,1
AAPL_10K_20250927,0000320193-25-000079,10-K,CashEquivalentsAndMarketableSecuritiesAccumulatedGrossUnrealizedLossBeforeTax,aapl,"Cash Equivalents and Marketable Securities, Accumulated Gross Unrealized Loss, before Tax",4638000000.0,usd,-6,instant,,2024-09-28,,2024-09-28,0,,1
AAPL_10K_20250927,0000320193-25-000079,10-K,CashCashEquivalentsAndMarketableSecurities,aapl,"Cash, Cash Equivalents and Marketable Securities",156650000000.0,usd,-6,instant,,2024-09-28,,2024-09-28,0,,1
AAPL_10K_20250927,0000320193-25-000079,10-K,RestrictedCashAndCashEquivalents,us-gaap,Restricted Cash and Cash Equivalent,2600000000.0,usd,-8,instant,,2024-09-28,,2024-09-28,1,us-gaap:LossContingenciesByNatureOfContingencyAxis=aapl:UnfavorableInvestigationOutcomeEUStateAidRulesMember,1
AAPL_10K_20250927,0000320193-25-000079,10-K,DebtSecuritiesAvailableForSaleRestricted,us-gaap,"Debt Securities, Available-for-Sale, Restricted",13200000000.0,usd,-8,instant,,2024-09-28,,2024-09-28,1,us-gaap:LossContingenciesByNatureOfContingencyAxis=aapl:UnfavorableInvestigationOutcomeEUStateAidRulesMember,1
AAPL_10K_20250927,0000320193-25-000079,10-K,DebtSecuritiesAvailableForSaleMaturityAllocatedAndSingleMaturityDateRollingAfterOneThroughFiveYearsPercentage,aapl,"Debt Securities, Available-for-Sale, Maturity, Allocated and Single Maturity Date, Rolling After One Through Five Years, Percentage",0.8,number,2,instant,,2025-09-27,,2025-09-27,1,us-gaap:FinancialInstrumentAxis=aapl:MarketableDebtSecuritiesOtherThanAssetBackedSecuritiesMember,1
AAPL_10K_20250927,0000320193-25-000079,10-K,DebtSecuritiesAvailableForSaleMaturityAllocatedAndSingleMaturityDateRollingAfterFiveThroughTenYearsPercentage,aapl,"Debt Securities, Available-for-Sale, Maturity, Allocated and Single Maturity Date, Rolling After Five Through Ten Years, Percentage",0.15,number,2,instant,,2025-09-27,,2025-09-27,1,us-gaap:FinancialInstrumentAxis=aapl:MarketableDebtSecuritiesOtherThanAssetBackedSecuritiesMember,1
AAPL_10K_20250927,0000320193-25-000079,10-K,DebtSecuritiesAvailableForSaleMaturityAllocatedAndSingleMaturityDateRollingAfterTenYearsPercentage,aapl,"Debt Securities, Available-for-Sale, Maturity, Allocated and Single Maturity Date, Rolling After Ten Years, Percentage",0.05,number,2,instant,,2025-09-27,,2025-09-27,1,us-gaap:FinancialInstrumentAxis=aapl:MarketableDebtSecuritiesOtherThanAssetBackedSecuritiesMember,1
AAPL_10K_20250927,0000320193-25-000079,10-K,DebtSecuritiesAvailableForSaleMaturityAllocatedAndSingleMaturityDateRollingAfterOneThroughFiveYearsPercentage,aapl,"Debt Securities, Available-for-Sale, Maturity, Allocated and Single Maturity Date, Rolling After One Through Five Years, Percentage",0.13,number,2,instant,,2025-09-27,,2025-09-27,1,us-gaap:FinancialInstrumentAxis=us-gaap:AssetBackedSecuritiesMember,1
AAPL_10K_20250927,0000320193-25-000079,10-K,DebtSecuritiesAvailableForSaleMaturityAllocatedAndSingleMaturityDateRollingAfterFiveThroughTenYearsPercentage,aapl,"Debt Securities, Available-for-Sale, Maturity, Allocated and Single Maturity Date, Rolling After Five Through Ten Years, Percentage",0.14,number,2,instant,,2025-09-27,,2025-09-27,1,us-gaap:FinancialInstrumentAxis=us-gaap:AssetBackedSecuritiesMember,1
AAPL_10K_20250927,0000320193-25-000079,10-K,DebtSecuritiesAvailableForSaleMaturityAllocatedAndSingleMaturityDateRollingAfterTenYearsPercentage,aapl,"Debt Securities, Available-for-Sale, Maturity, Allocated and Single Maturity Date, Rolling After Ten Years, Percentage",0.73,number,2,instant,,2025-09-27,,2025-09-27,1,us-gaap:FinancialInstrumentAxis=us-gaap:AssetBackedSecuritiesMember,1
AAPL_10K_20250927,0000320193-25-000079,10-K,DerivativeNotionalAmount,us-gaap,"Derivative, Notional Amount",62647000000.0,usd,-6,instant,,2025-09-27,,2025-09-27,2,us-gaap:DerivativeInstrumentRiskAxis=us-gaap:ForeignExchangeContractMember;us-gaap:HedgingDesignationAxis=us-gaap:DesignatedAsHedgingInstrumentMember,1
AAPL_10K_20250927,0000320193-25-000079,10-K,DerivativeNotionalAmount,us-gaap,"Derivative, Notional Amount",64069000000.0,usd,-6,instant,,2024-09-28,,2024-09-28,2,us-gaap:DerivativeInstrumentRiskAxis=us-gaap:ForeignExchangeContractMember;us-gaap:HedgingDesignationAxis=us-gaap:DesignatedAsHedgingInstrumentMember,1
AAPL_10K_20250927,0000320193-25-000079,10-K,DerivativeNotionalAmount,us-gaap,"Derivative, Notional Amount",12875000000.0,usd,-6,instant,,2025-09-27,,2025-09-27,2,us-gaap:DerivativeInstrumentRiskAxis=us-gaap:InterestRateContractMember;us-gaap:HedgingDesignationAxis=us-gaap:DesignatedAsHedgingInstrumentMember,1
AAPL_10K_20250927,0000320193-25-000079,10-K,DerivativeNotionalAmount,us-gaap,"Derivative, Notional Amount",14575000000.0,usd,-6,instant,,2024-09-28,,2024-09-28,2,us-gaap:DerivativeInstrumentRiskAxis=us-gaap:InterestRateContractMember;us-gaap:HedgingDesignationAxis=us-gaap:DesignatedAsHedgingInstrumentMember,1
AAPL_10K_20250927,0000320193-25-000079,10-K,DerivativeNotionalAmount,us-gaap,"Derivative, Notional Amount",109079000000.0,usd,-6,instant,,2025-09-27,,2025-09-27,2,us-gaap:DerivativeInstrumentRiskAxis=us-gaap:ForeignExchangeContractMember;us-gaap:HedgingDesignationAxis=us-gaap:NondesignatedMember,1
AAPL_10K_20250927,0000320193-25-000079,10-K,DerivativeNotionalAmount,us-gaap,"Derivative, Notional Amount",91493000000.0,usd,-6,instant,,2024-09-28,,2024-09-28,2,us-gaap:DerivativeInstrumentRiskAxis=us-gaap:ForeignExchangeContractMember;us-gaap:HedgingDesignationAxis=us-gaap:NondesignatedMember,1
AAPL_10K_20250927,0000320193-25-000079,10-K,HedgedLiabilityFairValueHedge,us-gaap,"Hedged Liability, Fair Value Hedge",12600000000.0,usd,-8,instant,,2025-09-27,,2025-09-27,0,,1
AAPL_10K_20250927,0000320193-25-000079,10-K,HedgedLiabilityFairValueHedge,us-gaap,"Hedged Liability, Fair Value Hedge",13500000000.0,usd,-8,instant,,2024-09-28,,2024-09-28,0,,1
AAPL_10K_20250927,0000320193-25-000079,10-K,ConcentrationRiskPercentage1,us-gaap,"Concentration Risk, Percentage",0.12,number,2,duration,2024-09-29,2025-09-27,12.0,FY ended 2025-09-27,3,srt:MajorCustomersAxis=aapl:CustomerOneMember;us-gaap:ConcentrationRiskByBenchmarkAxis=us-gaap:TradeAccountsReceivableMember;us-gaap:ConcentrationRiskByTypeAxis=us-gaap:CreditConcentrationRiskMember,1
AAPL_10K_20250927,0000320193-25-000079,10-K,ConcentrationRiskPercentage1,us-gaap,"Concentration Risk, Percentage",0.34,number,2,duration,2024-09-29,2025-09-27,12.0,FY ended 2025-09-27,3,srt:MajorCustomersAxis=aapl:CellularNetworkCarriersMember;us-gaap:ConcentrationRiskByBenchmarkAxis=us-gaap:TradeAccountsReceivableMember;us-gaap:ConcentrationRiskByTypeAxis=us-gaap:CreditConcentrationRiskMember,1
AAPL_10K_20250927,0000320193-25-000079,10-K,ConcentrationRiskPercentage1,us-gaap,"Concentration Risk, Percentage",0.38,number,2,duration,2023-10-01,2024-09-28,12.0,FY ended 2024-09-28,3,srt:MajorCustomersAxis=aapl:CellularNetworkCarriersMember;us-gaap:ConcentrationRiskByBenchmarkAxis=us-gaap:TradeAccountsReceivableMember;us-gaap:ConcentrationRiskByTypeAxis=us-gaap:CreditConcentrationRiskMember,1
AAPL_10K_20250927,0000320193-25-000079,10-K,ConcentrationRiskPercentage1,us-gaap,"Concentration Risk, Percentage",0.46,number,2,duration,2024-09-29,2025-09-27,12.0,FY ended 2025-09-27,3,srt:MajorCustomersAxis=aapl:VendorOneMember;us-gaap:ConcentrationRiskByBenchmarkAxis=aapl:NonTradeReceivableMember;us-gaap:ConcentrationRiskByTypeAxis=us-gaap:CreditConcentrationRiskMember,1
AAPL_10K_20250927,0000320193-25-000079,10-K,ConcentrationRiskPercentage1,us-gaap,"Concentration Risk, Percentage",0.23,number,2,duration,2024-09-29,2025-09-27,12.0,FY ended 2025-09-27,3,srt:MajorCustomersAxis=aapl:VendorTwoMember;us-gaap:ConcentrationRiskByBenchmarkAxis=aapl:NonTradeReceivableMember;us-gaap:ConcentrationRiskByTypeAxis=us-gaap:CreditConcentrationRiskMember,1
AAPL_10K_20250927,0000320193-25-000079,10-K,ConcentrationRiskPercentage1,us-gaap,"Concentration Risk, Percentage",0.44,number,2,duration,2023-10-01,2024-09-28,12.0,FY ended 2024-09-28,3,srt:MajorCustomersAxis=aapl:VendorOneMember;us-gaap:ConcentrationRiskByBenchmarkAxis=aapl:NonTradeReceivableMember;us-gaap:ConcentrationRiskByTypeAxis=us-gaap:CreditConcentrationRiskMember,1
AAPL_10K_20250927,0000320193-25-000079,10-K,ConcentrationRiskPercentage1,us-gaap,"Concentration Risk, Percentage",0.23,number,2,duration,2023-10-01,2024-09-28,12.0,FY ended 2024-09-28,3,srt:MajorCustomersAxis=aapl:VendorTwoMember;us-gaap:ConcentrationRiskByBenchmarkAxis=aapl:NonTradeReceivableMember;us-gaap:ConcentrationRiskByTypeAxis=us-gaap:CreditConcentrationRiskMember,1
AAPL_10K_20250927,0000320193-25-000079,10-K,PropertyPlantAndEquipmentGross,us-gaap,"Property, Plant and Equipment, Gross",27337000000.0,usd,-6,instant,,2025-09-27,,2025-09-27,1,us-gaap:PropertyPlantAndEquipmentByTypeAxis=us-gaap:LandAndBuildingMember,1
AAPL_10K_20250927,0000320193-25-000079,10-K,PropertyPlantAndEquipmentGross,us-gaap,"Property, Plant and Equipment, Gross",24690000000.0,usd,-6,instant,,2024-09-28,,2024-09-28,1,us-gaap:PropertyPlantAndEquipmentByTypeAxis=us-gaap:LandAndBuildingMember,1
AAPL_10K_20250927,0000320193-25-000079,10-K,PropertyPlantAndEquipmentGross,us-gaap,"Property, Plant and Equipment, Gross",83420000000.0,usd,-6,instant,,2025-09-27,,2025-09-27,1,us-gaap:PropertyPlantAndEquipmentByTypeAxis=aapl:MachineryEquipmentAndInternalUseSoftwareMember,1
AAPL_10K_20250927,0000320193-25-000079,10-K,PropertyPlantAndEquipmentGross,us-gaap,"Property, Plant and Equipment, Gross",80205000000.0,usd,-6,instant,,2024-09-28,,2024-09-28,1,us-gaap:PropertyPlantAndEquipmentByTypeAxis=aapl:MachineryEquipmentAndInternalUseSoftwareMember,1
AAPL_10K_20250927,0000320193-25-000079,10-K,PropertyPlantAndEquipmentGross,us-gaap,"Property, Plant and Equipment, Gross",15091000000.0,usd,-6,instant,,2025-09-27,,2025-09-27,1,us-gaap:PropertyPlantAndEquipmentByTypeAxis=us-gaap:LeaseholdImprovementsMember,1
AAPL_10K_20250927,0000320193-25-000079,10-K,PropertyPlantAndEquipmentGross,us-gaap,"Property, Plant and Equipment, Gross",14233000000.0,usd,-6,instant,,2024-09-28,,2024-09-28,1,us-gaap:PropertyPlantAndEquipmentByTypeAxis=us-gaap:LeaseholdImprovementsMember,1
AAPL_10K_20250927,0000320193-25-000079,10-K,PropertyPlantAndEquipmentGross,us-gaap,"Property, Plant and Equipment, Gross",125848000000.0,usd,-6,instant,,2025-09-27,,2025-09-27,0,,1
AAPL_10K_20250927,0000320193-25-000079,10-K,PropertyPlantAndEquipmentGross,us-gaap,"Property, Plant and Equipment, Gross",119128000000.0,usd,-6,instant,,2024-09-28,,2024-09-28,0,,1
AAPL_10K_20250927,0000320193-25-000079,10-K,AccumulatedDepreciationDepletionAndAmortizationPropertyPlantAndEquipment,us-gaap,"Accumulated Depreciation, Depletion and Amortization, Property, Plant, and Equipment",76014000000.0,usd,-6,instant,,2025-09-27,,2025-09-27,0,,1
AAPL_10K_20250927,0000320193-25-000079,10-K,AccumulatedDepreciationDepletionAndAmortizationPropertyPlantAndEquipment,us-gaap,"Accumulated Depreciation, Depletion and Amortization, Property, Plant, and Equipment",73448000000.0,usd,-6,instant,,2024-09-28,,2024-09-28,0,,1
AAPL_10K_20250927,0000320193-25-000079,10-K,Depreciation,us-gaap,Depreciation,8000000000.0,usd,-8,duration,2024-09-29,2025-09-27,12.0,FY ended 2025-09-27,0,,1
AAPL_10K_20250927,0000320193-25-000079,10-K,Depreciation,us-gaap,Depreciation,8200000000.0,usd,-8,duration,2023-10-01,2024-09-28,12.0,FY ended 2024-09-28,0,,1
AAPL_10K_20250927,0000320193-25-000079,10-K,Depreciation,us-gaap,Depreciation,8500000000.0,usd,-8,duration,2022-09-25,2023-09-30,12.0,FY ended 2023-09-30,0,,1
AAPL_10K_20250927,0000320193-25-000079,10-K,DeferredIncomeTaxAssetsNet,us-gaap,"Deferred Income Tax Assets, Net",20777000000.0,usd,-6,instant,,2025-09-27,,2025-09-27,0,,1
AAPL_10K_20250927,0000320193-25-000079,10-K,DeferredIncomeTaxAssetsNet,us-gaap,"Deferred Income Tax Assets, Net",19499000000.0,usd,-6,instant,,2024-09-28,,2024-09-28,0,,1
AAPL_10K_20250927,0000320193-25-000079,10-K,OtherAssetsMiscellaneousNoncurrent,us-gaap,"Other Assets, Miscellaneous, Noncurrent",62950000000.0,usd,-6,instant,,2025-09-27,,2025-09-27,0,,1
AAPL_10K_20250927,0000320193-25-000079,10-K,OtherAssetsMiscellaneousNoncurrent,us-gaap,"Other Assets, Miscellaneous, Noncurrent",55335000000.0,usd,-6,instant,,2024-09-28,,2024-09-28,0,,1
AAPL_10K_20250927,0000320193-25-000079,10-K,AccruedIncomeTaxesCurrent,us-gaap,"Accrued Income Taxes, Current",13016000000.0,usd,-6,instant,,2025-09-27,,2025-09-27,0,,1
AAPL_10K_20250927,0000320193-25-000079,10-K,AccruedIncomeTaxesCurrent,us-gaap,"Accrued Income Taxes, Current",26601000000.0,usd,-6,instant,,2024-09-28,,2024-09-28,0,,1
AAPL_10K_20250927,0000320193-25-000079,10-K,AccruedDistributionAndMarketingCurrent,aapl,"Accrued Distribution and Marketing, Current",8919000000.0,usd,-6,instant,,2025-09-27,,2025-09-27,0,,1
AAPL_10K_20250927,0000320193-25-000079,10-K,AccruedDistributionAndMarketingCurrent,aapl,"Accrued Distribution and Marketing, Current",7679000000.0,usd,-6,instant,,2024-09-28,,2024-09-28,0,,1
AAPL_10K_20250927,0000320193-25-000079,10-K,OtherAccruedLiabilitiesCurrent,us-gaap,"Other Accrued Liabilities, Current",44452000000.0,usd,-6,instant,,2025-09-27,,2025-09-27,0,,1
AAPL_10K_20250927,0000320193-25-000079,10-K,OtherAccruedLiabilitiesCurrent,us-gaap,"Other Accrued Liabilities, Current",44024000000.0,usd,-6,instant,,2024-09-28,,2024-09-28,0,,1
AAPL_10K_20250927,0000320193-25-000079,10-K,CurrentIncomeTaxExpenseBenefit,us-gaap,Current Income Tax Expense (Benefit),10200000000.0,usd,-8,duration,2024-06-30,2024-09-28,3.0,3M ended 2024-09-28,1,us-gaap:LossContingenciesByNatureOfContingencyAxis=aapl:UnfavorableInvestigationOutcomeEUStateAidRulesMember,1
AAPL_10K_20250927,0000320193-25-000079,10-K,CurrentForeignTaxExpenseBenefit,us-gaap,Current Foreign Tax Expense (Benefit),15800000000.0,usd,-8,duration,2024-06-30,2024-09-28,3.0,3M ended 2024-09-28,1,us-gaap:LossContingenciesByNatureOfContingencyAxis=aapl:UnfavorableInvestigationOutcomeEUStateAidRulesMember,1
AAPL_10K_20250927,0000320193-25-000079,10-K,CurrentFederalTaxExpenseBenefit,us-gaap,Current Federal Tax Expense (Benefit),-4800000000.0,usd,-8,duration,2024-06-30,2024-09-28,3.0,3M ended 2024-09-28,1,us-gaap:LossContingenciesByNatureOfContingencyAxis=aapl:UnfavorableInvestigationOutcomeEUStateAidRulesMember,1
AAPL_10K_20250927,0000320193-25-000079,10-K,UnrecognizedTaxBenefitsDecreasesResultingFromSettlementsWithTaxingAuthorities,us-gaap,"Unrecognized Tax Benefits, Decrease Resulting from Settlements with Taxing Authorities",823000000.0,usd,-6,duration,2024-06-30,2024-09-28,3.0,3M ended 2024-09-28,1,us-gaap:LossContingenciesByNatureOfContingencyAxis=aapl:UnfavorableInvestigationOutcomeEUStateAidRulesMember,1
AAPL_10K_20250927,0000320193-25-000079,10-K,CurrentFederalTaxExpenseBenefit,us-gaap,Current Federal Tax Expense (Benefit),11487000000.0,usd,-6,duration,2024-09-29,2025-09-27,12.0,FY ended 2025-09-27,0,,1
AAPL_10K_20250927,0000320193-25-000079,10-K,CurrentFederalTaxExpenseBenefit,us-gaap,Current Federal Tax Expense (Benefit),5571000000.0,usd,-6,duration,2023-10-01,2024-09-28,12.0,FY ended 2024-09-28,0,,1
AAPL_10K_20250927,0000320193-25-000079,10-K,CurrentFederalTaxExpenseBenefit,us-gaap,Current Federal Tax Expense (Benefit),9445000000.0,usd,-6,duration,2022-09-25,2023-09-30,12.0,FY ended 2023-09-30,0,,1
AAPL_10K_20250927,0000320193-25-000079,10-K,DeferredFederalIncomeTaxExpenseBenefit,us-gaap,Deferred Federal Income Tax Expense (Benefit),-1804000000.0,usd,-6,duration,2024-09-29,2025-09-27,12.0,FY ended 2025-09-27,0,,1
AAPL_10K_20250927,0000320193-25-000079,10-K,DeferredFederalIncomeTaxExpenseBenefit,us-gaap,Deferred Federal Income Tax Expense (Benefit),-3080000000.0,usd,-6,duration,2023-10-01,2024-09-28,12.0,FY ended 2024-09-28,0,,1
AAPL_10K_20250927,0000320193-25-000079,10-K,DeferredFederalIncomeTaxExpenseBenefit,us-gaap,Deferred Federal Income Tax Expense (Benefit),-3644000000.0,usd,-6,duration,2022-09-25,2023-09-30,12.0,FY ended 2023-09-30,0,,1
AAPL_10K_20250927,0000320193-25-000079,10-K,FederalIncomeTaxExpenseBenefitContinuingOperations,us-gaap,"Federal Income Tax Expense (Benefit), Continuing Operations",9683000000.0,usd,-6,duration,2024-09-29,2025-09-27,12.0,FY ended 2025-09-27,0,,1
AAPL_10K_20250927,0000320193-25-000079,10-K,FederalIncomeTaxExpenseBenefitContinuingOperations,us-gaap,"Federal Income Tax Expense (Benefit), Continuing Operations",2491000000.0,usd,-6,duration,2023-10-01,2024-09-28,12.0,FY ended 2024-09-28,0,,1
AAPL_10K_20250927,0000320193-25-000079,10-K,FederalIncomeTaxExpenseBenefitContinuingOperations,us-gaap,"Federal Income Tax Expense (Benefit), Continuing Operations",5801000000.0,usd,-6,duration,2022-09-25,2023-09-30,12.0,FY ended 2023-09-30,0,,1
AAPL_10K_20250927,0000320193-25-000079,10-K,CurrentStateAndLocalTaxExpenseBenefit,us-gaap,Current State and Local Tax Expense (Benefit),1680000000.0,usd,-6,duration,2024-09-29,2025-09-27,12.0,FY ended 2025-09-27,0,,1
AAPL_10K_20250927,0000320193-25-000079,10-K,CurrentStateAndLocalTaxExpenseBenefit,us-gaap,Current State and Local Tax Expense (Benefit),1726000000.0,usd,-6,duration,2023-10-01,2024-09-28,12.0,FY ended 2024-09-28,0,,1
AAPL_10K_20250927,0000320193-25-000079,10-K,CurrentStateAndLocalTaxExpenseBenefit,us-gaap,Current State and Local Tax Expense (Benefit),1570000000.0,usd,-6,duration,2022-09-25,2023-09-30,12.0,FY ended 2023-09-30,0,,1
AAPL_10K_20250927,0000320193-25-000079,10-K,DeferredStateAndLocalIncomeTaxExpenseBenefit,us-gaap,Deferred State and Local Income Tax Expense (Benefit),-139000000.0,usd,-6,duration,2024-09-29,2025-09-27,12.0,FY ended 2025-09-27,0,,1
AAPL_10K_20250927,0000320193-25-000079,10-K,DeferredStateAndLocalIncomeTaxExpenseBenefit,us-gaap,Deferred State and Local Income Tax Expense (Benefit),-298000000.0,usd,-6,duration,2023-10-01,2024-09-28,12.0,FY ended 2024-09-28,0,,1
AAPL_10K_20250927,0000320193-25-000079,10-K,DeferredStateAndLocalIncomeTaxExpenseBenefit,us-gaap,Deferred State and Local Income Tax Expense (Benefit),-49000000.0,usd,-6,duration,2022-09-25,2023-09-30,12.0,FY ended 2023-09-30,0,,1
AAPL_10K_20250927,0000320193-25-000079,10-K,StateAndLocalIncomeTaxExpenseBenefitContinuingOperations,us-gaap,"State and Local Income Tax Expense (Benefit), Continuing Operations",1541000000.0,usd,-6,duration,2024-09-29,2025-09-27,12.0,FY ended 2025-09-27,0,,1
AAPL_10K_20250927,0000320193-25-000079,10-K,StateAndLocalIncomeTaxExpenseBenefitContinuingOperations,us-gaap,"State and Local Income Tax Expense (Benefit), Continuing Operations",1428000000.0,usd,-6,duration,2023-10-01,2024-09-28,12.0,FY ended 2024-09-28,0,,1
AAPL_10K_20250927,0000320193-25-000079,10-K,StateAndLocalIncomeTaxExpenseBenefitContinuingOperations,us-gaap,"State and Local Income Tax Expense (Benefit), Continuing Operations",1521000000.0,usd,-6,duration,2022-09-25,2023-09-30,12.0,FY ended 2023-09-30,0,,1
AAPL_10K_20250927,0000320193-25-000079,10-K,CurrentForeignTaxExpenseBenefit,us-gaap,Current Foreign Tax Expense (Benefit),8891000000.0,usd,-6,duration,2024-09-29,2025-09-27,12.0,FY ended 2025-09-27,0,,1
AAPL_10K_20250927,0000320193-25-000079,10-K,CurrentForeignTaxExpenseBenefit,us-gaap,Current Foreign Tax Expense (Benefit),25483000000.0,usd,-6,duration,2023-10-01,2024-09-28,12.0,FY ended 2024-09-28,0,,1
AAPL_10K_20250927,0000320193-25-000079,10-K,CurrentForeignTaxExpenseBenefit,us-gaap,Current Foreign Tax Expense (Benefit),8750000000.0,usd,-6,duration,2022-09-25,2023-09-30,12.0,FY ended 2023-09-30,0,,1
AAPL_10K_20250927,0000320193-25-000079,10-K,DeferredForeignIncomeTaxExpenseBenefit,us-gaap,Deferred Foreign Income Tax Expense (Benefit),604000000.0,usd,-6,duration,2024-09-29,2025-09-27,12.0,FY ended 2025-09-27,0,,1
AAPL_10K_20250927,0000320193-25-000079,10-K,DeferredForeignIncomeTaxExpenseBenefit,us-gaap,Deferred Foreign Income Tax Expense (Benefit),347000000.0,usd,-6,duration,2023-10-01,2024-09-28,12.0,FY ended 2024-09-28,0,,1
AAPL_10K_20250927,0000320193-25-000079,10-K,DeferredForeignIncomeTaxExpenseBenefit,us-gaap,Deferred Foreign Income Tax Expense (Benefit),669000000.0,usd,-6,duration,2022-09-25,2023-09-30,12.0,FY ended 2023-09-30,0,,1
AAPL_10K_20250927,0000320193-25-000079,10-K,ForeignIncomeTaxExpenseBenefitContinuingOperations,us-gaap,"Foreign Income Tax Expense (Benefit), Continuing Operations",9495000000.0,usd,-6,duration,2024-09-29,2025-09-27,12.0,FY ended 2025-09-27,0,,1
AAPL_10K_20250927,0000320193-25-000079,10-K,ForeignIncomeTaxExpenseBenefitContinuingOperations,us-gaap,"Foreign Income Tax Expense (Benefit), Continuing Operations",25830000000.0,usd,-6,duration,2023-10-01,2024-09-28,12.0,FY ended 2024-09-28,0,,1
AAPL_10K_20250927,0000320193-25-000079,10-K,ForeignIncomeTaxExpenseBenefitContinuingOperations,us-gaap,"Foreign Income Tax Expense (Benefit), Continuing Operations",9419000000.0,usd,-6,duration,2022-09-25,2023-09-30,12.0,FY ended 2023-09-30,0,,1
AAPL_10K_20250927,0000320193-25-000079,10-K,IncomeLossFromContinuingOperationsBeforeIncomeTaxesForeign,us-gaap,"Income (Loss) from Continuing Operations before Income Taxes, Foreign",82000000000.0,usd,-8,duration,2024-09-29,2025-09-27,12.0,FY ended 2025-09-27,0,,1
AAPL_10K_20250927,0000320193-25-000079,10-K,IncomeLossFromContinuingOperationsBeforeIncomeTaxesForeign,us-gaap,"Income (Loss) from Continuing Operations before Income Taxes, Foreign",77300000000.0,usd,-8,duration,2023-10-01,2024-09-28,12.0,FY ended 2024-09-28,0,,1
AAPL_10K_20250927,0000320193-25-000079,10-K,IncomeLossFromContinuingOperationsBeforeIncomeTaxesForeign,us-gaap,"Income (Loss) from Continuing Operations before Income Taxes, Foreign",72900000000.0,usd,-8,duration,2022-09-25,2023-09-30,12.0,FY ended 2023-09-30,0,,1
AAPL_10K_20250927,0000320193-25-000079,10-K,EffectiveIncomeTaxRateReconciliationAtFederalStatutoryIncomeTaxRate,us-gaap,"Effective Income Tax Rate Reconciliation, at Federal Statutory Income Tax Rate, Percent",0.21,number,INF,duration,2022-09-25,2023-09-30,12.0,FY ended 2023-09-30,0,,1
AAPL_10K_20250927,0000320193-25-000079,10-K,EffectiveIncomeTaxRateReconciliationAtFederalStatutoryIncomeTaxRate,us-gaap,"Effective Income Tax Rate Reconciliation, at Federal Statutory Income Tax Rate, Percent",0.21,number,INF,duration,2023-10-01,2024-09-28,12.0,FY ended 2024-09-28,0,,1
AAPL_10K_20250927,0000320193-25-000079,10-K,EffectiveIncomeTaxRateReconciliationAtFederalStatutoryIncomeTaxRate,us-gaap,"Effective Income Tax Rate Reconciliation, at Federal Statutory Income Tax Rate, Percent",0.21,number,INF,duration,2024-09-29,2025-09-27,12.0,FY ended 2025-09-27,0,,1
AAPL_10K_20250927,0000320193-25-000079,10-K,IncomeTaxReconciliationIncomeTaxExpenseBenefitAtFederalStatutoryIncomeTaxRate,us-gaap,"Effective Income Tax Rate Reconciliation at Federal Statutory Income Tax Rate, Amount",27873000000.0,usd,-6,duration,2024-09-29,2025-09-27,12.0,FY ended 2025-09-27,0,,1
AAPL_10K_20250927,0000320193-25-000079,10-K,IncomeTaxReconciliationIncomeTaxExpenseBenefitAtFederalStatutoryIncomeTaxRate,us-gaap,"Effective Income Tax Rate Reconciliation at Federal Statutory Income Tax Rate, Amount",25932000000.0,usd,-6,duration,2023-10-01,2024-09-28,12.0,FY ended 2024-09-28,0,,1
AAPL_10K_20250927,0000320193-25-000079,10-K,IncomeTaxReconciliationIncomeTaxExpenseBenefitAtFederalStatutoryIncomeTaxRate,us-gaap,"Effective Income Tax Rate Reconciliation at Federal Statutory Income Tax Rate, Amount",23885000000.0,usd,-6,duration,2022-09-25,2023-09-30,12.0,FY ended 2023-09-30,0,,1
AAPL_10K_20250927,0000320193-25-000079,10-K,IncomeTaxReconciliationForeignIncomeTaxRateDifferential,us-gaap,"Effective Income Tax Rate Reconciliation, Foreign Income Tax Rate Differential, Amount",-8120000000.0,usd,-6,duration,2024-09-29,2025-09-27,12.0,FY ended 2025-09-27,0,,1
AAPL_10K_20250927,0000320193-25-000079,10-K,IncomeTaxReconciliationForeignIncomeTaxRateDifferential,us-gaap,"Effective Income Tax Rate Reconciliation, Foreign Income Tax Rate Differential, Amount",-5311000000.0,usd,-6,duration,2023-10-01,2024-09-28,12.0,FY ended 2024-09-28,0,,1
AAPL_10K_20250927,0000320193-25-000079,10-K,IncomeTaxReconciliationForeignIncomeTaxRateDifferential,us-gaap,"Effective Income Tax Rate Reconciliation, Foreign Income Tax Rate Differential, Amount",-5744000000.0,usd,-6,duration,2022-09-25,2023-09-30,12.0,FY ended 2023-09-30,0,,1
AAPL_10K_20250927,0000320193-25-000079,10-K,IncomeTaxReconciliationChangeInDeferredTaxAssetsValuationAllowance,us-gaap,"Effective Income Tax Rate Reconciliation, Change in Deferred Tax Assets Valuation Allowance, Amount",2091000000.0,usd,-6,duration,2024-09-29,2025-09-27,12.0,FY ended 2025-09-27,0,,1
AAPL_10K_20250927,0000320193-25-000079,10-K,IncomeTaxReconciliationChangeInDeferredTaxAssetsValuationAllowance,us-gaap,"Effective Income Tax Rate Reconciliation, Change in Deferred Tax Assets Valuation Allowance, Amount",0.0,usd,-6,duration,2023-10-01,2024-09-28,12.0,FY ended 2024-09-28,0,,1
AAPL_10K_20250927,0000320193-25-000079,10-K,IncomeTaxReconciliationChangeInDeferredTaxAssetsValuationAllowance,us-gaap,"Effective Income Tax Rate Reconciliation, Change in Deferred Tax Assets Valuation Allowance, Amount",0.0,usd,-6,duration,2022-09-25,2023-09-30,12.0,FY ended 2023-09-30,0,,1
AAPL_10K_20250927,0000320193-25-000079,10-K,IncomeTaxReconciliationTaxCreditsResearch,us-gaap,"Effective Income Tax Rate Reconciliation, Tax Credit, Research, Amount",1049000000.0,usd,-6,duration,2024-09-29,2025-09-27,12.0,FY ended 2025-09-27,0,,1
AAPL_10K_20250927,0000320193-25-000079,10-K,IncomeTaxReconciliationTaxCreditsResearch,us-gaap,"Effective Income Tax Rate Reconciliation, Tax Credit, Research, Amount",1397000000.0,usd,-6,duration,2023-10-01,2024-09-28,12.0,FY ended 2024-09-28,0,,1
AAPL_10K_20250927,0000320193-25-000079,10-K,IncomeTaxReconciliationTaxCreditsResearch,us-gaap,"Effective Income Tax Rate Reconciliation, Tax Credit, Research, Amount",1212000000.0,usd,-6,duration,2022-09-25,2023-09-30,12.0,FY ended 2023-09-30,0,,1
AAPL_10K_20250927,0000320193-25-000079,10-K,EffectiveIncomeTaxRateReconciliationImpactOfTheStateAidDecisionAmount,aapl,"Effective Income Tax Rate Reconciliation, Impact of the State Aid Decision, Amount",-486000000.0,usd,-6,duration,2024-09-29,2025-09-27,12.0,FY ended 2025-09-27,0,,1
AAPL_10K_20250927,0000320193-25-000079,10-K,EffectiveIncomeTaxRateReconciliationImpactOfTheStateAidDecisionAmount,aapl,"Effective Income Tax Rate Reconciliation, Impact of the State Aid Decision, Amount",10246000000.0,usd,-6,duration,2023-10-01,2024-09-28,12.0,FY ended 2024-09-28,0,,1
AAPL_10K_20250927,0000320193-25-000079,10-K,EffectiveIncomeTaxRateReconciliationImpactOfTheStateAidDecisionAmount,aapl,"Effective Income Tax Rate Reconciliation, Impact of the State Aid Decision, Amount",0.0,usd,-6,duration,2022-09-25,2023-09-30,12.0,FY ended 2023-09-30,0,,1
AAPL_10K_20250927,0000320193-25-000079,10-K,IncomeTaxReconciliationOtherAdjustments,us-gaap,"Effective Income Tax Rate Reconciliation, Other Adjustments, Amount",410000000.0,usd,-6,duration,2024-09-29,2025-09-27,12.0,FY ended 2025-09-27,0,,1
AAPL_10K_20250927,0000320193-25-000079,10-K,IncomeTaxReconciliationOtherAdjustments,us-gaap,"Effective Income Tax Rate Reconciliation, Other Adjustments, Amount",279000000.0,usd,-6,duration,2023-10-01,2024-09-28,12.0,FY ended 2024-09-28,0,,1
AAPL_10K_20250927,0000320193-25-000079,10-K,IncomeTaxReconciliationOtherAdjustments,us-gaap,"Effective Income Tax Rate Reconciliation, Other Adjustments, Amount",-188000000.0,usd,-6,duration,2022-09-25,2023-09-30,12.0,FY ended 2023-09-30,0,,1
AAPL_10K_20250927,0000320193-25-000079,10-K,EffectiveIncomeTaxRateContinuingOperations,us-gaap,"Effective Income Tax Rate Reconciliation, Percent",0.156,number,3,duration,2024-09-29,2025-09-27,12.0,FY ended 2025-09-27,0,,1
AAPL_10K_20250927,0000320193-25-000079,10-K,EffectiveIncomeTaxRateContinuingOperations,us-gaap,"Effective Income Tax Rate Reconciliation, Percent",0.241,number,3,duration,2023-10-01,2024-09-28,12.0,FY ended 2024-09-28,0,,1
AAPL_10K_20250927,0000320193-25-000079,10-K,EffectiveIncomeTaxRateContinuingOperations,us-gaap,"Effective Income Tax Rate Reconciliation, Percent",0.147,number,3,duration,2022-09-25,2023-09-30,12.0,FY ended 2023-09-30,0,,1
AAPL_10K_20250927,0000320193-25-000079,10-K,DeferredTaxAssetsCapitalizedResearchAndDevelopment,aapl,"Deferred Tax Assets, Capitalized Research And Development",15041000000.0,usd,-6,instant,,2025-09-27,,2025-09-27,0,,1
AAPL_10K_20250927,0000320193-25-000079,10-K,DeferredTaxAssetsCapitalizedResearchAndDevelopment,aapl,"Deferred Tax Assets, Capitalized Research And Development",10739000000.0,usd,-6,instant,,2024-09-28,,2024-09-28,0,,1
AAPL_10K_20250927,0000320193-25-000079,10-K,DeferredTaxAssetsTaxCreditCarryforwards,us-gaap,"Deferred Tax Assets, Tax Credit Carryforwards",8643000000.0,usd,-6,instant,,2025-09-27,,2025-09-27,0,,1
AAPL_10K_20250927,0000320193-25-000079,10-K,DeferredTaxAssetsTaxCreditCarryforwards,us-gaap,"Deferred Tax Assets, Tax Credit Carryforwards",8856000000.0,usd,-6,instant,,2024-09-28,,2024-09-28,0,,1
AAPL_10K_20250927,0000320193-25-000079,10-K,DeferredTaxAssetsTaxDeferredExpenseReservesAndAccruals,us-gaap,"Deferred Tax Assets, Tax Deferred Expense, Reserves and Accruals",6154000000.0,usd,-6,instant,,2025-09-27,,2025-09-27,0,,1
AAPL_10K_20250927,0000320193-25-000079,10-K,DeferredTaxAssetsTaxDeferredExpenseReservesAndAccruals,us-gaap,"Deferred Tax Assets, Tax Deferred Expense, Reserves and Accruals",6114000000.0,usd,-6,instant,,2024-09-28,,2024-09-28,0,,1
AAPL_10K_20250927,0000320193-25-000079,10-K,DeferredTaxAssetsDeferredIncome,us-gaap,"Deferred Tax Assets, Deferred Income",2953000000.0,usd,-6,instant,,2025-09-27,,2025-09-27,0,,1
AAPL_10K_20250927,0000320193-25-000079,10-K,DeferredTaxAssetsDeferredIncome,us-gaap,"Deferred Tax Assets, Deferred Income",3413000000.0,usd,-6,instant,,2024-09-28,,2024-09-28,0,,1
AAPL_10K_20250927,0000320193-25-000079,10-K,DeferredTaxAssetsLeaseLiabilities,aapl,"Deferred Tax Assets, Lease Liabilities",2577000000.0,usd,-6,instant,,2025-09-27,,2025-09-27,0,,1
AAPL_10K_20250927,0000320193-25-000079,10-K,DeferredTaxAssetsLeaseLiabilities,aapl,"Deferred Tax Assets, Lease Liabilities",2410000000.0,usd,-6,instant,,2024-09-28,,2024-09-28,0,,1
AAPL_10K_20250927,0000320193-25-000079,10-K,DeferredTaxAssetsOther,us-gaap,"Deferred Tax Assets, Other",3049000000.0,usd,-6,instant,,2025-09-27,,2025-09-27,0,,1
AAPL_10K_20250927,0000320193-25-000079,10-K,DeferredTaxAssetsOther,us-gaap,"Deferred Tax Assets, Other",3341000000.0,usd,-6,instant,,2024-09-28,,2024-09-28,0,,1
AAPL_10K_20250927,0000320193-25-000079,10-K,DeferredTaxAssetsGross,us-gaap,"Deferred Tax Assets, Gross",38417000000.0,usd,-6,instant,,2025-09-27,,2025-09-27,0,,1
AAPL_10K_20250927,0000320193-25-000079,10-K,DeferredTaxAssetsGross,us-gaap,"Deferred Tax Assets, Gross",34873000000.0,usd,-6,instant,,2024-09-28,,2024-09-28,0,,1
AAPL_10K_20250927,0000320193-25-000079,10-K,DeferredTaxAssetsValuationAllowance,us-gaap,"Deferred Tax Assets, Valuation Allowance",10966000000.0,usd,-6,instant,,2025-09-27,,2025-09-27,0,,1
AAPL_10K_20250927,0000320193-25-000079,10-K,DeferredTaxAssetsValuationAllowance,us-gaap,"Deferred Tax Assets, Valuation Allowance",8866000000.0,usd,-6,instant,,2024-09-28,,2024-09-28,0,,1
AAPL_10K_20250927,0000320193-25-000079,10-K,DeferredTaxAssetsNet,us-gaap,"Deferred Tax Assets, Net of Valuation Allowance",27451000000.0,usd,-6,instant,,2025-09-27,,2025-09-27,0,,1
AAPL_10K_20250927,0000320193-25-000079,10-K,DeferredTaxAssetsNet,us-gaap,"Deferred Tax Assets, Net of Valuation Allowance",26007000000.0,usd,-6,instant,,2024-09-28,,2024-09-28,0,,1
AAPL_10K_20250927,0000320193-25-000079,10-K,DeferredTaxLiabilitiesPropertyPlantAndEquipment,us-gaap,"Deferred Tax Liabilities, Property, Plant and Equipment",3276000000.0,usd,-6,instant,,2025-09-27,,2025-09-27,0,,1
AAPL_10K_20250927,0000320193-25-000079,10-K,DeferredTaxLiabilitiesPropertyPlantAndEquipment,us-gaap,"Deferred Tax Liabilities, Property, Plant and Equipment",2551000000.0,usd,-6,instant,,2024-09-28,,2024-09-28,0,,1
AAPL_10K_20250927,0000320193-25-000079,10-K,DeferredTaxLiabilitiesLeasingArrangements,us-gaap,"Deferred Tax Liabilities, Leasing Arrangements",2300000000.0,usd,-6,instant,,2025-09-27,,2025-09-27,0,,1
AAPL_10K_20250927,0000320193-25-000079,10-K,DeferredTaxLiabilitiesLeasingArrangements,us-gaap,"Deferred Tax Liabilities, Leasing Arrangements",2125000000.0,usd,-6,instant,,2024-09-28,,2024-09-28,0,,1
AAPL_10K_20250927,0000320193-25-000079,10-K,DeferredTaxLiabilitiesMinimumTaxonForeignEarnings,aapl,"Deferred Tax Liabilities, Minimum Tax on Foreign Earnings",1217000000.0,usd,-6,instant,,2025-09-27,,2025-09-27,0,,1
AAPL_10K_20250927,0000320193-25-000079,10-K,DeferredTaxLiabilitiesMinimumTaxonForeignEarnings,aapl,"Deferred Tax Liabilities, Minimum Tax on Foreign Earnings",1674000000.0,usd,-6,instant,,2024-09-28,,2024-09-28,0,,1
AAPL_10K_20250927,0000320193-25-000079,10-K,DeferredTaxLiabilitiesOther,us-gaap,"Deferred Tax Liabilities, Other",678000000.0,usd,-6,instant,,2025-09-27,,2025-09-27,0,,1
AAPL_10K_20250927,0000320193-25-000079,10-K,DeferredTaxLiabilitiesOther,us-gaap,"Deferred Tax Liabilities, Other",455000000.0,usd,-6,instant,,2024-09-28,,2024-09-28,0,,1
AAPL_10K_20250927,0000320193-25-000079,10-K,DeferredIncomeTaxLiabilities,us-gaap,"Deferred Tax Liabilities, Gross",7471000000.0,usd,-6,instant,,2025-09-27,,2025-09-27,0,,1
AAPL_10K_20250927,0000320193-25-000079,10-K,DeferredIncomeTaxLiabilities,us-gaap,"Deferred Tax Liabilities, Gross",6805000000.0,usd,-6,instant,,2024-09-28,,2024-09-28,0,,1
AAPL_10K_20250927,0000320193-25-000079,10-K,DeferredTaxAssetsLiabilitiesNet,us-gaap,"Deferred Tax Assets, Net",19980000000.0,usd,-6,instant,,2025-09-27,,2025-09-27,0,,1
AAPL_10K_20250927,0000320193-25-000079,10-K,DeferredTaxAssetsLiabilitiesNet,us-gaap,"Deferred Tax Assets, Net",19202000000.0,usd,-6,instant,,2024-09-28,,2024-09-28,0,,1
AAPL_10K_20250927,0000320193-25-000079,10-K,DeferredTaxAssetsTaxCreditCarryforwardsForeign,us-gaap,"Deferred Tax Assets, Tax Credit Carryforwards, Foreign",4700000000.0,usd,-8,instant,,2025-09-27,,2025-09-27,0,,1
AAPL_10K_20250927,0000320193-25-000079,10-K,DeferredTaxAssetsTaxCreditCarryforwardsResearch,us-gaap,"Deferred Tax Assets, Tax Credit Carryforwards, Research",4000000000.0,usd,-8,instant,,2025-09-27,,2025-09-27,0,,1
AAPL_10K_20250927,0000320193-25-000079,10-K,UnrecognizedTaxBenefitsThatWouldImpactEffectiveTaxRate,us-gaap,Unrecognized Tax Benefits that Would Impact Effective Tax Rate,10600000000.0,usd,-8,instant,,2025-09-27,,2025-09-27,0,,1
AAPL_10K_20250927,0000320193-25-000079,10-K,UnrecognizedTaxBenefitsThatWouldImpactEffectiveTaxRate,us-gaap,Unrecognized Tax Benefits that Would Impact Effective Tax Rate,10800000000.0,usd,-8,instant,,2024-09-28,,2024-09-28,0,,1
AAPL_10K_20250927,0000320193-25-000079,10-K,UnrecognizedTaxBenefits,us-gaap,Unrecognized Tax Benefits,22038000000.0,usd,-6,instant,,2024-09-28,,2024-09-28,0,,3
AAPL_10K_20250927,0000320193-25-000079,10-K,UnrecognizedTaxBenefits,us-gaap,Unrecognized Tax Benefits,19454000000.0,usd,-6,instant,,2023-09-30,,2023-09-30,0,,2
AAPL_10K_20250927,0000320193-25-000079,10-K,UnrecognizedTaxBenefits,us-gaap,Unrecognized Tax Benefits,16758000000.0,usd,-6,instant,,2022-09-24,,2022-09-24,0,,1
AAPL_10K_20250927,0000320193-25-000079,10-K,UnrecognizedTaxBenefitsIncreasesResultingFromPriorPeriodTaxPositions,us-gaap,"Unrecognized Tax Benefits, Increase Resulting from Prior Period Tax Positions",1971000000.0,usd,-6,duration,2024-09-29,2025-09-27,12.0,FY ended 2025-09-27,0,,1
AAPL_10K_20250927,0000320193-25-000079,10-K,UnrecognizedTaxBenefitsIncreasesResultingFromPriorPeriodTaxPositions,us-gaap,"Unrecognized Tax Benefits, Increase Resulting from Prior Period Tax Positions",1727000000.0,usd,-6,duration,2023-10-01,2024-09-28,12.0,FY ended 2024-09-28,0,,1
AAPL_10K_20250927,0000320193-25-000079,10-K,UnrecognizedTaxBenefitsIncreasesResultingFromPriorPeriodTaxPositions,us-gaap,"Unrecognized Tax Benefits, Increase Resulting from Prior Period Tax Positions",2044000000.0,usd,-6,duration,2022-09-25,2023-09-30,12.0,FY ended 2023-09-30,0,,1
AAPL_10K_20250927,0000320193-25-000079,10-K,UnrecognizedTaxBenefitsDecreasesResultingFromPriorPeriodTaxPositions,us-gaap,"Unrecognized Tax Benefits, Decrease Resulting from Prior Period Tax Positions",71000000.0,usd,-6,duration,2024-09-29,2025-09-27,12.0,FY ended 2025-09-27,0,,1
AAPL_10K_20250927,0000320193-25-000079,10-K,UnrecognizedTaxBenefitsDecreasesResultingFromPriorPeriodTaxPositions,us-gaap,"Unrecognized Tax Benefits, Decrease Resulting from Prior Period Tax Positions",386000000.0,usd,-6,duration,2023-10-01,2024-09-28,12.0,FY ended 2024-09-28,0,,1
AAPL_10K_20250927,0000320193-25-000079,10-K,UnrecognizedTaxBenefitsDecreasesResultingFromPriorPeriodTaxPositions,us-gaap,"Unrecognized Tax Benefits, Decrease Resulting from Prior Period Tax Positions",1463000000.0,usd,-6,duration,2022-09-25,2023-09-30,12.0,FY ended 2023-09-30,0,,1
AAPL_10K_20250927,0000320193-25-000079,10-K,UnrecognizedTaxBenefitsIncreasesResultingFromCurrentPeriodTaxPositions,us-gaap,"Unrecognized Tax Benefits, Increase Resulting from Current Period Tax Positions",3795000000.0,usd,-6,duration,2024-09-29,2025-09-27,12.0,FY ended 2025-09-27,0,,1
AAPL_10K_20250927,0000320193-25-000079,10-K,UnrecognizedTaxBenefitsIncreasesResultingFromCurrentPeriodTaxPositions,us-gaap,"Unrecognized Tax Benefits, Increase Resulting from Current Period Tax Positions",2542000000.0,usd,-6,duration,2023-10-01,2024-09-28,12.0,FY ended 2024-09-28,0,,1
AAPL_10K_20250927,0000320193-25-000079,10-K,UnrecognizedTaxBenefitsIncreasesResultingFromCurrentPeriodTaxPositions,us-gaap,"Unrecognized Tax Benefits, Increase Resulting from Current Period Tax Positions",2628000000.0,usd,-6,duration,2022-09-25,2023-09-30,12.0,FY ended 2023-09-30,0,,1
AAPL_10K_20250927,0000320193-25-000079,10-K,UnrecognizedTaxBenefitsDecreasesResultingFromSettlementsWithTaxingAuthorities,us-gaap,"Unrecognized Tax Benefits, Decrease Resulting from Settlements with Taxing Authorities",2939000000.0,usd,-6,duration,2024-09-29,2025-09-27,12.0,FY ended 2025-09-27,0,,1
AAPL_10K_20250927,0000320193-25-000079,10-K,UnrecognizedTaxBenefitsDecreasesResultingFromSettlementsWithTaxingAuthorities,us-gaap,"Unrecognized Tax Benefits, Decrease Resulting from Settlements with Taxing Authorities",1070000000.0,usd,-6,duration,2023-10-01,2024-09-28,12.0,FY ended 2024-09-28,0,,1
AAPL_10K_20250927,0000320193-25-000079,10-K,UnrecognizedTaxBenefitsDecreasesResultingFromSettlementsWithTaxingAuthorities,us-gaap,"Unrecognized Tax Benefits, Decrease Resulting from Settlements with Taxing Authorities",19000000.0,usd,-6,duration,2022-09-25,2023-09-30,12.0,FY ended 2023-09-30,0,,1
AAPL_10K_20250927,0000320193-25-000079,10-K,UnrecognizedTaxBenefitsReductionsResultingFromLapseOfApplicableStatuteOfLimitations,us-gaap,"Unrecognized Tax Benefits, Reduction Resulting from Lapse of Applicable Statute of Limitations",1552000000.0,usd,-6,duration,2024-09-29,2025-09-27,12.0,FY ended 2025-09-27,0,,1
AAPL_10K_20250927,0000320193-25-000079,10-K,UnrecognizedTaxBenefitsReductionsResultingFromLapseOfApplicableStatuteOfLimitations,us-gaap,"Unrecognized Tax Benefits, Reduction Resulting from Lapse of Applicable Statute of Limitations",229000000.0,usd,-6,duration,2023-10-01,2024-09-28,12.0,FY ended 2024-09-28,0,,1
AAPL_10K_20250927,0000320193-25-000079,10-K,UnrecognizedTaxBenefitsReductionsResultingFromLapseOfApplicableStatuteOfLimitations,us-gaap,"Unrecognized Tax Benefits, Reduction Resulting from Lapse of Applicable Statute of Limitations",494000000.0,usd,-6,duration,2022-09-25,2023-09-30,12.0,FY ended 2023-09-30,0,,1
AAPL_10K_20250927,0000320193-25-000079,10-K,UnrecognizedTaxBenefits,us-gaap,Unrecognized Tax Benefits,23242000000.0,usd,-6,instant,,2025-09-27,,2025-09-27,0,,2
AAPL_10K_20250927,0000320193-25-000079,10-K,DecreaseInUnrecognizedTaxBenefitsIsReasonablyPossible,us-gaap,Decrease in Unrecognized Tax Benefits is Reasonably Possible,6000000000.0,usd,-9,instant,,2025-09-27,,2025-09-27,0,,1
AAPL_10K_20250927,0000320193-25-000079,10-K,OperatingLeaseCost,us-gaap,"Operating Lease, Cost",2100000000.0,usd,-8,duration,2024-09-29,2025-09-27,12.0,FY ended 2025-09-27,0,,1
AAPL_10K_20250927,0000320193-25-000079,10-K,OperatingLeaseCost,us-gaap,"Operating Lease, Cost",2000000000.0,usd,-8,duration,2023-10-01,2024-09-28,12.0,FY ended 2024-09-28,0,,1
AAPL_10K_20250927,0000320193-25-000079,10-K,OperatingLeaseCost,us-gaap,"Operating Lease, Cost",2000000000.0,usd,-8,duration,2022-09-25,2023-09-30,12.0,FY ended 2023-09-30,0,,1
AAPL_10K_20250927,0000320193-25-000079,10-K,VariableLeaseCost,us-gaap,"Variable Lease, Cost",16100000000.0,usd,-8,duration,2024-09-29,2025-09-27,12.0,FY ended 2025-09-27,0,,1
AAPL_10K_20250927,0000320193-25-000079,10-K,VariableLeaseCost,us-gaap,"Variable Lease, Cost",13800000000.0,usd,-8,duration,2023-10-01,2024-09-28,12.0,FY ended 2024-09-28,0,,1
AAPL_10K_20250927,0000320193-25-000079,10-K,VariableLeaseCost,us-gaap,"Variable Lease, Cost",13900000000.0,usd,-8,duration,2022-09-25,2023-09-30,12.0,FY ended 2023-09-30,0,,1
AAPL_10K_20250927,0000320193-25-000079,10-K,OperatingLeasePayments,us-gaap,"Operating Lease, Payments",2100000000.0,usd,-8,duration,2024-09-29,2025-09-27,12.0,FY ended 2025-09-27,0,,1
AAPL_10K_20250927,0000320193-25-000079,10-K,OperatingLeasePayments,us-gaap,"Operating Lease, Payments",1900000000.0,usd,-8,duration,2023-10-01,2024-09-28,12.0,FY ended 2024-09-28,0,,1
AAPL_10K_20250927,0000320193-25-000079,10-K,OperatingLeasePayments,us-gaap,"Operating Lease, Payments",1900000000.0,usd,-8,duration,2022-09-25,2023-09-30,12.0,FY ended 2023-09-30,0,,1
AAPL_10K_20250927,0000320193-25-000079,10-K,RightofUseAssetsObtainedinExchangeforOperatingandFinanceLeaseLiabilities,aapl,Right-of-Use Assets Obtained in Exchange for Operating and Finance Lease Liabilities,2800000000.0,usd,-8,duration,2024-09-29,2025-09-27,12.0,FY ended 2025-09-27,0,,1
AAPL_10K_20250927,0000320193-25-000079,10-K,RightofUseAssetsObtainedinExchangeforOperatingandFinanceLeaseLiabilities,aapl,Right-of-Use Assets Obtained in Exchange for Operating and Finance Lease Liabilities,1000000000.0,usd,-8,duration,2023-10-01,2024-09-28,12.0,FY ended 2024-09-28,0,,1
AAPL_10K_20250927,0000320193-25-000079,10-K,RightofUseAssetsObtainedinExchangeforOperatingandFinanceLeaseLiabilities,aapl,Right-of-Use Assets Obtained in Exchange for Operating and Finance Lease Liabilities,2100000000.0,usd,-8,duration,2022-09-25,2023-09-30,12.0,FY ended 2023-09-30,0,,1
AAPL_10K_20250927,0000320193-25-000079,10-K,OperatingLeaseRightOfUseAsset,us-gaap,"Operating Lease, Right-of-Use Asset",11205000000.0,usd,-6,instant,,2025-09-27,,2025-09-27,0,,1
AAPL_10K_20250927,0000320193-25-000079,10-K,OperatingLeaseRightOfUseAsset,us-gaap,"Operating Lease, Right-of-Use Asset",10234000000.0,usd,-6,instant,,2024-09-28,,2024-09-28,0,,1
AAPL_10K_20250927,0000320193-25-000079,10-K,FinanceLeaseRightOfUseAsset,us-gaap,"Finance Lease, Right-of-Use Asset, after Accumulated Amortization",1033000000.0,usd,-6,instant,,2025-09-27,,2025-09-27,0,,1
AAPL_10K_20250927,0000320193-25-000079,10-K,FinanceLeaseRightOfUseAsset,us-gaap,"Finance Lease, Right-of-Use Asset, after Accumulated Amortization",1069000000.0,usd,-6,instant,,2024-09-28,,2024-09-28,0,,1
AAPL_10K_20250927,0000320193-25-000079,10-K,OperatingandFinanceLeaseRightofUseAsset,aapl,"Operating and Finance Lease, Right-of-Use Asset",12238000000.0,usd,-6,instant,,2025-09-27,,2025-09-27,0,,1
AAPL_10K_20250927,0000320193-25-000079,10-K,OperatingandFinanceLeaseRightofUseAsset,aapl,"Operating and Finance Lease, Right-of-Use Asset",11303000000.0,usd,-6,instant,,2024-09-28,,2024-09-28,0,,1
AAPL_10K_20250927,0000320193-25-000079,10-K,OperatingLeaseLiabilityCurrent,us-gaap,"Operating Lease, Liability, Current",1579000000.0,usd,-6,instant,,2025-09-27,,2025-09-27,0,,1
AAPL_10K_20250927,0000320193-25-000079,10-K,OperatingLeaseLiabilityCurrent,us-gaap,"Operating Lease, Liability, Current",1488000000.0,usd,-6,instant,,2024-09-28,,2024-09-28,0,,1
AAPL_10K_20250927,0000320193-25-000079,10-K,OperatingLeaseLiabilityNoncurrent,us-gaap,"Operating Lease, Liability, Noncurrent",10911000000.0,usd,-6,instant,,2025-09-27,,2025-09-27,0,,1
AAPL_10K_20250927,0000320193-25-000079,10-K,OperatingLeaseLiabilityNoncurrent,us-gaap,"Operating Lease, Liability, Noncurrent",10046000000.0,usd,-6,instant,,2024-09-28,,2024-09-28,0,,1
AAPL_10K_20250927,0000320193-25-000079,10-K,FinanceLeaseLiabilityCurrent,us-gaap,"Finance Lease, Liability, Current",538000000.0,usd,-6,instant,,2025-09-27,,2025-09-27,0,,1
AAPL_10K_20250927,0000320193-25-000079,10-K,FinanceLeaseLiabilityCurrent,us-gaap,"Finance Lease, Liability, Current",144000000.0,usd,-6,instant,,2024-09-28,,2024-09-28,0,,1
AAPL_10K_20250927,0000320193-25-000079,10-K,FinanceLeaseLiabilityNoncurrent,us-gaap,"Finance Lease, Liability, Noncurrent",692000000.0,usd,-6,instant,,2025-09-27,,2025-09-27,0,,1
AAPL_10K_20250927,0000320193-25-000079,10-K,FinanceLeaseLiabilityNoncurrent,us-gaap,"Finance Lease, Liability, Noncurrent",752000000.0,usd,-6,instant,,2024-09-28,,2024-09-28,0,,1
AAPL_10K_20250927,0000320193-25-000079,10-K,OperatingandFinanceLeaseLiability,aapl,"Operating and Finance Lease, Liability",13720000000.0,usd,-6,instant,,2025-09-27,,2025-09-27,0,,2
AAPL_10K_20250927,0000320193-25-000079,10-K,OperatingandFinanceLeaseLiability,aapl,"Operating and Finance Lease, Liability",12430000000.0,usd,-6,instant,,2024-09-28,,2024-09-28,0,,1
AAPL_10K_20250927,0000320193-25-000079,10-K,LesseeOperatingLeaseLiabilityPaymentsDueNextTwelveMonths,us-gaap,"Lessee, Operating Lease, Liability, to be Paid, Year One",1967000000.0,usd,-6,instant,,2025-09-27,,2025-09-27,0,,1
AAPL_10K_20250927,0000320193-25-000079,10-K,FinanceLeaseLiabilityPaymentsDueNextTwelveMonths,us-gaap,"Finance Lease, Liability, to be Paid, Year One",563000000.0,usd,-6,instant,,2025-09-27,,2025-09-27,0,,1
AAPL_10K_20250927,0000320193-25-000079,10-K,LesseeOperatingAndFinanceLeaseLiabilityToBePaidYearOne,aapl,"Lessee, Operating and Finance Lease, Liability, to be Paid, Year One",2530000000.0,usd,-6,instant,,2025-09-27,,2025-09-27,0,,1
AAPL_10K_20250927,0000320193-25-000079,10-K,LesseeOperatingLeaseLiabilityPaymentsDueYearTwo,us-gaap,"Lessee, Operating Lease, Liability, to be Paid, Year Two",1988000000.0,usd,-6,instant,,2025-09-27,,2025-09-27,0,,1
AAPL_10K_20250927,0000320193-25-000079,10-K,FinanceLeaseLiabilityPaymentsDueYearTwo,us-gaap,"Finance Lease, Liability, to be Paid, Year Two",73000000.0,usd,-6,instant,,2025-09-27,,2025-09-27,0,,1
AAPL_10K_20250927,0000320193-25-000079,10-K,LesseeOperatingAndFinanceLeaseLiabilityToBePaidYearTwo,aapl,"Lessee, Operating and Finance Lease, Liability, to be Paid, Year Two",2061000000.0,usd,-6,instant,,2025-09-27,,2025-09-27,0,,1
AAPL_10K_20250927,0000320193-25-000079,10-K,LesseeOperatingLeaseLiabilityPaymentsDueYearThree,us-gaap,"Lessee, Operating Lease, Liability, to be Paid, Year Three",1848000000.0,usd,-6,instant,,2025-09-27,,2025-09-27,0,,1
AAPL_10K_20250927,0000320193-25-000079,10-K,FinanceLeaseLiabilityPaymentsDueYearThree,us-gaap,"Finance Lease, Liability, to be Paid, Year Three",51000000.0,usd,-6,instant,,2025-09-27,,2025-09-27,0,,1
AAPL_10K_20250927,0000320193-25-000079,10-K,LesseeOperatingAndFinanceLeaseLiabilityToBePaidYearThree,aapl,"Lessee, Operating and Finance Lease, Liability, to be Paid, Year Three",1899000000.0,usd,-6,instant,,2025-09-27,,2025-09-27,0,,1
AAPL_10K_20250927,0000320193-25-000079,10-K,LesseeOperatingLeaseLiabilityPaymentsDueYearFour,us-gaap,"Lessee, Operating Lease, Liability, to be Paid, Year Four",1585000000.0,usd,-6,instant,,2025-09-27,,2025-09-27,0,,1
AAPL_10K_20250927,0000320193-25-000079,10-K,FinanceLeaseLiabilityPaymentsDueYearFour,us-gaap,"Finance Lease, Liability, to be Paid, Year Four",48000000.0,usd,-6,instant,,2025-09-27,,2025-09-27,0,,1
AAPL_10K_20250927,0000320193-25-000079,10-K,LesseeOperatingAndFinanceLeaseLiabilityToBePaidYearFour,aapl,"Lessee, Operating and Finance Lease, Liability, to be Paid, Year Four",1633000000.0,usd,-6,instant,,2025-09-27,,2025-09-27,0,,1
AAPL_10K_20250927,0000320193-25-000079,10-K,LesseeOperatingLeaseLiabilityPaymentsDueYearFive,us-gaap,"Lessee, Operating Lease, Liability, to be Paid, Year Five",1381000000.0,usd,-6,instant,,2025-09-27,,2025-09-27,0,,1
AAPL_10K_20250927,0000320193-25-000079,10-K,FinanceLeaseLiabilityPaymentsDueYearFive,us-gaap,"Finance Lease, Liability, to be Paid, Year Five",43000000.0,usd,-6,instant,,2025-09-27,,2025-09-27,0,,1
AAPL_10K_20250927,0000320193-25-000079,10-K,LesseeOperatingAndFinanceLeaseLiabilityToBePaidYearFive,aapl,"Lessee, Operating and Finance Lease, Liability, to be Paid, Year Five",1424000000.0,usd,-6,instant,,2025-09-27,,2025-09-27,0,,1
AAPL_10K_20250927,0000320193-25-000079,10-K,LesseeOperatingLeaseLiabilityPaymentsDueAfterYearFive,us-gaap,"Lessee, Operating Lease, Liability, to be Paid, after Year Five",5956000000.0,usd,-6,instant,,2025-09-27,,2025-09-27,0,,1
AAPL_10K_20250927,0000320193-25-000079,10-K,FinanceLeaseLiabilityPaymentsDueAfterYearFive,us-gaap,"Finance Lease, Liability, to be Paid, after Year Five",801000000.0,usd,-6,instant,,2025-09-27,,2025-09-27,0,,1
AAPL_10K_20250927,0000320193-25-000079,10-K,LesseeOperatingAndFinanceLeaseLiabilityToBePaidAfterYearFive,aapl,"Lessee, Operating and Finance Lease, Liability, to be Paid, after Year Five",6757000000.0,usd,-6,instant,,2025-09-27,,2025-09-27,0,,1
AAPL_10K_20250927,0000320193-25-000079,10-K,LesseeOperatingLeaseLiabilityPaymentsDue,us-gaap,"Lessee, Operating Lease, Liability, to be Paid",14725000000.0,usd,-6,instant,,2025-09-27,,2025-09-27,0,,1
AAPL_10K_20250927,0000320193-25-000079,10-K,FinanceLeaseLiabilityPaymentsDue,us-gaap,"Finance Lease, Liability, to be Paid",1579000000.0,usd,-6,instant,,2025-09-27,,2025-09-27,0,,1
AAPL_10K_20250927,0000320193-25-000079,10-K,LesseeOperatingAndFinanceLeaseLiabilityToBePaid,aapl,"Lessee, Operating and Finance Lease, Liability, To Be Paid",16304000000.0,usd,-6,instant,,2025-09-27,,2025-09-27,0,,1
AAPL_10K_20250927,0000320193-25-000079,10-K,LesseeOperatingLeaseLiabilityUndiscountedExcessAmount,us-gaap,"Lessee, Operating Lease, Liability, Undiscounted Excess Amount",2235000000.0,usd,-6,instant,,2025-09-27,,2025-09-27,0,,1
AAPL_10K_20250927,0000320193-25-000079,10-K,FinanceLeaseLiabilityUndiscountedExcessAmount,us-gaap,"Finance Lease, Liability, Undiscounted Excess Amount",349000000.0,usd,-6,instant,,2025-09-27,,2025-09-27,0,,1
AAPL_10K_20250927,0000320193-25-000079,10-K,LesseeOperatingandFinanceLeaseLiabilityUndiscountedExcessAmount,aapl,"Lessee, Operating and Finance Lease, Liability, Undiscounted Excess Amount",2584000000.0,usd,-6,instant,,2025-09-27,,2025-09-27,0,,1
AAPL_10K_20250927,0000320193-25-000079,10-K,OperatingLeaseLiability,us-gaap,"Operating Lease, Liability",12490000000.0,usd,-6,instant,,2025-09-27,,2025-09-27,0,,1
AAPL_10K_20250927,0000320193-25-000079,10-K,FinanceLeaseLiability,us-gaap,"Finance Lease, Liability",1230000000.0,usd,-6,instant,,2025-09-27,,2025-09-27,0,,1
AAPL_10K_20250927,0000320193-25-000079,10-K,OperatingandFinanceLeaseWeightedAverageDiscountRatePercent,aapl,"Operating and Finance Lease, Weighted Average Discount Rate, Percent",0.034,number,3,instant,,2025-09-27,,2025-09-27,0,,1
AAPL_10K_20250927,0000320193-25-000079,10-K,OperatingandFinanceLeaseWeightedAverageDiscountRatePercent,aapl,"Operating and Finance Lease, Weighted Average Discount Rate, Percent",0.031,number,3,instant,,2024-09-28,,2024-09-28,0,,1
AAPL_10K_20250927,0000320193-25-000079,10-K,UnrecordedUnconditionalPurchaseObligationBalanceSheetAmount,us-gaap,Unrecorded Unconditional Purchase Obligation,523000000.0,usd,-6,instant,,2025-09-27,,2025-09-27,1,us-gaap:UnrecordedUnconditionalPurchaseObligationByCategoryOfItemPurchasedAxis=us-gaap:OperatingLeaseLeaseNotYetCommencedMember,1
AAPL_10K_20250927,0000320193-25-000079,10-K,CommercialPaper,us-gaap,Commercial Paper,8000000000.0,usd,-8,instant,,2025-09-27,,2025-09-27,1,us-gaap:ShortTermDebtTypeAxis=us-gaap:CommercialPaperMember,1
AAPL_10K_20250927,0000320193-25-000079,10-K,CommercialPaper,us-gaap,Commercial Paper,10000000000.0,usd,-8,instant,,2024-09-28,,2024-09-28,1,us-gaap:ShortTermDebtTypeAxis=us-gaap:CommercialPaperMember,1
AAPL_10K_20250927,0000320193-25-000079,10-K,ShortTermDebtWeightedAverageInterestRate,us-gaap,"Short-Term Debt, Weighted Average Interest Rate, at Point in Time",0.0419,number,4,instant,,2025-09-27,,2025-09-27,1,us-gaap:ShortTermDebtTypeAxis=us-gaap:CommercialPaperMember,1
AAPL_10K_20250927,0000320193-25-000079,10-K,ShortTermDebtWeightedAverageInterestRate,us-gaap,"Short-Term Debt, Weighted Average Interest Rate, at Point in Time",0.05,number,4,instant,,2024-09-28,,2024-09-28,1,us-gaap:ShortTermDebtTypeAxis=us-gaap:CommercialPaperMember,1
AAPL_10K_20250927,0000320193-25-000079,10-K,ProceedsFromRepaymentsOfShortTermDebtMaturingInThreeMonthsOrLess,us-gaap,"Proceeds from (Repayments of) Short-Term Debt, Maturing in Three Months or Less",-5820000000.0,usd,-6,duration,2024-09-29,2025-09-27,12.0,FY ended 2025-09-27,0,,1
AAPL_10K_20250927,0000320193-25-000079,10-K,ProceedsFromRepaymentsOfShortTermDebtMaturingInThreeMonthsOrLess,us-gaap,"Proceeds from (Repayments of) Short-Term Debt, Maturing in Three Months or Less",3960000000.0,usd,-6,duration,2023-10-01,2024-09-28,12.0,FY ended 2024-09-28,0,,1
AAPL_10K_20250927,0000320193-25-000079,10-K,ProceedsFromRepaymentsOfShortTermDebtMaturingInThreeMonthsOrLess,us-gaap,"Proceeds from (Repayments of) Short-Term Debt, Maturing in Three Months or Less",-1333000000.0,usd,-6,duration,2022-09-25,2023-09-30,12.0,FY ended 2023-09-30,0,,1
AAPL_10K_20250927,0000320193-25-000079,10-K,ProceedsFromShortTermDebtMaturingInMoreThanThreeMonths,us-gaap,"Proceeds from Short-Term Debt, Maturing in More than Three Months",5836000000.0,usd,-6,duration,2024-09-29,2025-09-27,12.0,FY ended 2025-09-27,0,,1
AAPL_10K_20250927,0000320193-25-000079,10-K,ProceedsFromShortTermDebtMaturingInMoreThanThreeMonths,us-gaap,"Proceeds from Short-Term Debt, Maturing in More than Three Months",0.0,usd,-6,duration,2023-10-01,2024-09-28,12.0,FY ended 2024-09-28,0,,1
AAPL_10K_20250927,0000320193-25-000079,10-K,ProceedsFromShortTermDebtMaturingInMoreThanThreeMonths,us-gaap,"Proceeds from Short-Term Debt, Maturing in More than Three Months",0.0,usd,-6,duration,2022-09-25,2023-09-30,12.0,FY ended 2023-09-30,0,,1
AAPL_10K_20250927,0000320193-25-000079,10-K,RepaymentsOfShortTermDebtMaturingInMoreThanThreeMonths,us-gaap,"Repayments of Short-Term Debt, Maturing in More than Three Months",2048000000.0,usd,-6,duration,2024-09-29,2025-09-27,12.0,FY ended 2025-09-27,0,,1
AAPL_10K_20250927,0000320193-25-000079,10-K,RepaymentsOfShortTermDebtMaturingInMoreThanThreeMonths,us-gaap,"Repayments of Short-Term Debt, Maturing in More than Three Months",0.0,usd,-6,duration,2023-10-01,2024-09-28,12.0,FY ended 2024-09-28,0,,1
AAPL_10K_20250927,0000320193-25-000079,10-K,RepaymentsOfShortTermDebtMaturingInMoreThanThreeMonths,us-gaap,"Repayments of Short-Term Debt, Maturing in More than Three Months",2645000000.0,usd,-6,duration,2022-09-25,2023-09-30,12.0,FY ended 2023-09-30,0,,1
AAPL_10K_20250927,0000320193-25-000079,10-K,ProceedsFromRepaymentsOfShortTermDebtMaturingInMoreThanThreeMonths,us-gaap,"Proceeds from (Repayments of) Short-Term Debt, Maturing in More than Three Months",3788000000.0,usd,-6,duration,2024-09-29,2025-09-27,12.0,FY ended 2025-09-27,0,,1
AAPL_10K_20250927,0000320193-25-000079,10-K,ProceedsFromRepaymentsOfShortTermDebtMaturingInMoreThanThreeMonths,us-gaap,"Proceeds from (Repayments of) Short-Term Debt, Maturing in More than Three Months",0.0,usd,-6,duration,2023-10-01,2024-09-28,12.0,FY ended 2024-09-28,0,,1
AAPL_10K_20250927,0000320193-25-000079,10-K,ProceedsFromRepaymentsOfShortTermDebtMaturingInMoreThanThreeMonths,us-gaap,"Proceeds from (Repayments of) Short-Term Debt, Maturing in More than Three Months",-2645000000.0,usd,-6,duration,2022-09-25,2023-09-30,12.0,FY ended 2023-09-30,0,,1
AAPL_10K_20250927,0000320193-25-000079,10-K,DebtInstrumentInterestRateStatedPercentage,us-gaap,"Debt Instrument, Interest Rate, Stated Percentage",0.0,number,INF,instant,,2025-09-27,,2025-09-27,3,srt:RangeAxis=srt:MinimumMember;us-gaap:DebtInstrumentAxis=aapl:A20132023DebtIssuancesMember;us-gaap:LongtermDebtTypeAxis=aapl:FixedRateNotesMember,1
AAPL_10K_20250927,0000320193-25-000079,10-K,DebtInstrumentInterestRateStatedPercentage,us-gaap,"Debt Instrument, Interest Rate, Stated Percentage",0.0485,number,INF,instant,,2025-09-27,,2025-09-27,3,srt:RangeAxis=srt:MaximumMember;us-gaap:DebtInstrumentAxis=aapl:A20132023DebtIssuancesMember;us-gaap:LongtermDebtTypeAxis=aapl:FixedRateNotesMember,1
AAPL_10K_20250927,0000320193-25-000079,10-K,DebtInstrumentCarryingAmount,us-gaap,"Long-Term Debt, Gross",86781000000.0,usd,-6,instant,,2025-09-27,,2025-09-27,2,us-gaap:DebtInstrumentAxis=aapl:A20132023DebtIssuancesMember;us-gaap:LongtermDebtTypeAxis=aapl:FixedRateNotesMember,1
AAPL_10K_20250927,0000320193-25-000079,10-K,DebtInstrumentInterestRateEffectivePercentage,us-gaap,"Debt Instrument, Interest Rate, Effective Percentage",0.0003,number,4,instant,,2025-09-27,,2025-09-27,3,srt:RangeAxis=srt:MinimumMember;us-gaap:DebtInstrumentAxis=aapl:A20132023DebtIssuancesMember;us-gaap:LongtermDebtTypeAxis=aapl:FixedRateNotesMember,1
AAPL_10K_20250927,0000320193-25-000079,10-K,DebtInstrumentInterestRateEffectivePercentage,us-gaap,"Debt Instrument, Interest Rate, Effective Percentage",0.0575,number,4,instant,,2025-09-27,,2025-09-27,3,srt:RangeAxis=srt:MaximumMember;us-gaap:DebtInstrumentAxis=aapl:A20132023DebtIssuancesMember;us-gaap:LongtermDebtTypeAxis=aapl:FixedRateNotesMember,1
AAPL_10K_20250927,0000320193-25-000079,10-K,DebtInstrumentCarryingAmount,us-gaap,"Long-Term Debt, Gross",97341000000.0,usd,-6,instant,,2024-09-28,,2024-09-28,2,us-gaap:DebtInstrumentAxis=aapl:A20132023DebtIssuancesMember;us-gaap:LongtermDebtTypeAxis=aapl:FixedRateNotesMember,1
AAPL_10K_20250927,0000320193-25-000079,10-K,DebtInstrumentInterestRateEffectivePercentage,us-gaap,"Debt Instrument, Interest Rate, Effective Percentage",0.0003,number,4,instant,,2024-09-28,,2024-09-28,3,srt:RangeAxis=srt:MinimumMember;us-gaap:DebtInstrumentAxis=aapl:A20132023DebtIssuancesMember;us-gaap:LongtermDebtTypeAxis=aapl:FixedRateNotesMember,1
AAPL_10K_20250927,0000320193-25-000079,10-K,DebtInstrumentInterestRateEffectivePercentage,us-gaap,"Debt Instrument, Interest Rate, Effective Percentage",0.0665,number,4,instant,,2024-09-28,,2024-09-28,3,srt:RangeAxis=srt:MaximumMember;us-gaap:DebtInstrumentAxis=aapl:A20132023DebtIssuancesMember;us-gaap:LongtermDebtTypeAxis=aapl:FixedRateNotesMember,1
AAPL_10K_20250927,0000320193-25-000079,10-K,DebtInstrumentInterestRateStatedPercentage,us-gaap,"Debt Instrument, Interest Rate, Stated Percentage",0.04,number,INF,instant,,2025-09-27,,2025-09-27,3,srt:RangeAxis=srt:MinimumMember;us-gaap:DebtInstrumentAxis=aapl:A2025DebtIssuanceMember;us-gaap:LongtermDebtTypeAxis=aapl:FixedRateNotesMember,1
AAPL_10K_20250927,0000320193-25-000079,10-K,DebtInstrumentInterestRateStatedPercentage,us-gaap,"Debt Instrument, Interest Rate, Stated Percentage",0.0475,number,INF,instant,,2025-09-27,,2025-09-27,3,srt:RangeAxis=srt:MaximumMember;us-gaap:DebtInstrumentAxis=aapl:A2025DebtIssuanceMember;us-gaap:LongtermDebtTypeAxis=aapl:FixedRateNotesMember,1
AAPL_10K_20250927,0000320193-25-000079,10-K,DebtInstrumentCarryingAmount,us-gaap,"Long-Term Debt, Gross",4500000000.0,usd,-6,instant,,2025-09-27,,2025-09-27,2,us-gaap:DebtInstrumentAxis=aapl:A2025DebtIssuanceMember;us-gaap:LongtermDebtTypeAxis=aapl:FixedRateNotesMember,1
AAPL_10K_20250927,0000320193-25-000079,10-K,DebtInstrumentInterestRateEffectivePercentage,us-gaap,"Debt Instrument, Interest Rate, Effective Percentage",0.0407,number,4,instant,,2025-09-27,,2025-09-27,3,srt:RangeAxis=srt:MinimumMember;us-gaap:DebtInstrumentAxis=aapl:A2025DebtIssuanceMember;us-gaap:LongtermDebtTypeAxis=aapl:FixedRateNotesMember,1
AAPL_10K_20250927,0000320193-25-000079,10-K,DebtInstrumentInterestRateEffectivePercentage,us-gaap,"Debt Instrument, Interest Rate, Effective Percentage",0.0483,number,4,instant,,2025-09-27,,2025-09-27,3,srt:RangeAxis=srt:MaximumMember;us-gaap:DebtInstrumentAxis=aapl:A2025DebtIssuanceMember;us-gaap:LongtermDebtTypeAxis=aapl:FixedRateNotesMember,1
AAPL_10K_20250927,0000320193-25-000079,10-K,DebtInstrumentCarryingAmount,us-gaap,"Long-Term Debt, Gross",91281000000.0,usd,-6,instant,,2025-09-27,,2025-09-27,0,,2
AAPL_10K_20250927,0000320193-25-000079,10-K,DebtInstrumentCarryingAmount,us-gaap,"Long-Term Debt, Gross",97341000000.0,usd,-6,instant,,2024-09-28,,2024-09-28,0,,1
AAPL_10K_20250927,0000320193-25-000079,10-K,DebtInstrumentUnamortizedDiscountPremiumAndDebtIssuanceCostsNet,us-gaap,"Debt Instrument, Unamortized Discount (Premium) and Debt Issuance Costs, Net",309000000.0,usd,-6,instant,,2025-09-27,,2025-09-27,0,,1
AAPL_10K_20250927,0000320193-25-000079,10-K,DebtInstrumentUnamortizedDiscountPremiumAndDebtIssuanceCostsNet,us-gaap,"Debt Instrument, Unamortized Discount (Premium) and Debt Issuance Costs, Net",321000000.0,usd,-6,instant,,2024-09-28,,2024-09-28,0,,1
AAPL_10K_20250927,0000320193-25-000079,10-K,HedgeAccountingAdjustmentsRelatedToLongTermDebt,aapl,Hedge Accounting Adjustments Related to Long Term Debt,294000000.0,usd,-6,instant,,2025-09-27,,2025-09-27,0,,1
AAPL_10K_20250927,0000320193-25-000079,10-K,HedgeAccountingAdjustmentsRelatedToLongTermDebt,aapl,Hedge Accounting Adjustments Related to Long Term Debt,358000000.0,usd,-6,instant,,2024-09-28,,2024-09-28,0,,1
AAPL_10K_20250927,0000320193-25-000079,10-K,LongTermDebt,us-gaap,Long-Term Debt,90678000000.0,usd,-6,instant,,2025-09-27,,2025-09-27,0,,1
AAPL_10K_20250927,0000320193-25-000079,10-K,LongTermDebt,us-gaap,Long-Term Debt,96662000000.0,usd,-6,instant,,2024-09-28,,2024-09-28,0,,1
AAPL_10K_20250927,0000320193-25-000079,10-K,LongTermDebtMaturitiesRepaymentsOfPrincipalInNextTwelveMonths,us-gaap,"Long-Term Debt, Maturity, Year One",12393000000.0,usd,-6,instant,,2025-09-27,,2025-09-27,0,,1
AAPL_10K_20250927,0000320193-25-000079,10-K,LongTermDebtMaturitiesRepaymentsOfPrincipalInYearTwo,us-gaap,"Long-Term Debt, Maturity, Year Two",10078000000.0,usd,-6,instant,,2025-09-27,,2025-09-27,0,,1
AAPL_10K_20250927,0000320193-25-000079,10-K,LongTermDebtMaturitiesRepaymentsOfPrincipalInYearThree,us-gaap,"Long-Term Debt, Maturity, Year Three",9300000000.0,usd,-6,instant,,2025-09-27,,2025-09-27,0,,1
AAPL_10K_20250927,0000320193-25-000079,10-K,LongTermDebtMaturitiesRepaymentsOfPrincipalInYearFour,us-gaap,"Long-Term Debt, Maturity, Year Four",5235000000.0,usd,-6,instant,,2025-09-27,,2025-09-27,0,,1
AAPL_10K_20250927,0000320193-25-000079,10-K,LongTermDebtMaturitiesRepaymentsOfPrincipalInYearFive,us-gaap,"Long-Term Debt, Maturity, Year Five",4972000000.0,usd,-6,instant,,2025-09-27,,2025-09-27,0,,1
AAPL_10K_20250927,0000320193-25-000079,10-K,LongTermDebtMaturitiesRepaymentsOfPrincipalAfterYearFive,us-gaap,"Long-Term Debt, Maturity, after Year Five",49303000000.0,usd,-6,instant,,2025-09-27,,2025-09-27,0,,1
AAPL_10K_20250927,0000320193-25-000079,10-K,LongTermDebtFairValue,us-gaap,"Long-Term Debt, Fair Value",80400000000.0,usd,-8,instant,,2025-09-27,,2025-09-27,1,us-gaap:FairValueByFairValueHierarchyLevelAxis=us-gaap:FairValueInputsLevel2Member,1
AAPL_10K_20250927,0000320193-25-000079,10-K,LongTermDebtFairValue,us-gaap,"Long-Term Debt, Fair Value",88400000000.0,usd,-8,instant,,2024-09-28,,2024-09-28,1,us-gaap:FairValueByFairValueHierarchyLevelAxis=us-gaap:FairValueInputsLevel2Member,1
AAPL_10K_20250927,0000320193-25-000079,10-K,StockRepurchasedAndRetiredDuringPeriodShares,us-gaap,"Stock Repurchased and Retired During Period, Shares",402000000.0,shares,-6,duration,2024-09-29,2025-09-27,12.0,FY ended 2025-09-27,0,,1
AAPL_10K_20250927,0000320193-25-000079,10-K,StockRepurchasedAndRetiredDuringPeriodValue,us-gaap,"Stock Repurchased and Retired During Period, Value",89300000000.0,usd,-8,duration,2024-09-29,2025-09-27,12.0,FY ended 2025-09-27,0,,1
AAPL_10K_20250927,0000320193-25-000079,10-K,CommonStockSharesOutstanding,us-gaap,"Common Stock, Shares, Outstanding",15116786000.0,shares,-3,instant,,2024-09-28,,2024-09-28,1,us-gaap:StatementEquityComponentsAxis=us-gaap:CommonStockMember,2
AAPL_10K_20250927,0000320193-25-000079,10-K,CommonStockSharesOutstanding,us-gaap,"Common Stock, Shares, Outstanding",15550061000.0,shares,-3,instant,,2023-09-30,,2023-09-30,1,us-gaap:StatementEquityComponentsAxis=us-gaap:CommonStockMember,2
AAPL_10K_20250927,0000320193-25-000079,10-K,CommonStockSharesOutstanding,us-gaap,"Common Stock, Shares, Outstanding",15943425000.0,shares,-3,instant,,2022-09-24,,2022-09-24,1,us-gaap:StatementEquityComponentsAxis=us-gaap:CommonStockMember,1
AAPL_10K_20250927,0000320193-25-000079,10-K,StockRepurchasedAndRetiredDuringPeriodShares,us-gaap,"Stock Repurchased and Retired During Period, Shares",401672000.0,shares,-3,duration,2024-09-29,2025-09-27,12.0,FY ended 2025-09-27,1,us-gaap:StatementEquityComponentsAxis=us-gaap:CommonStockMember,1
AAPL_10K_20250927,0000320193-25-000079,10-K,StockRepurchasedAndRetiredDuringPeriodShares,us-gaap,"Stock Repurchased and Retired During Period, Shares",499372000.0,shares,-3,duration,2023-10-01,2024-09-28,12.0,FY ended 2024-09-28,1,us-gaap:StatementEquityComponentsAxis=us-gaap:CommonStockMember,1
AAPL_10K_20250927,0000320193-25-000079,10-K,StockRepurchasedAndRetiredDuringPeriodShares,us-gaap,"Stock Repurchased and Retired During Period, Shares",471419000.0,shares,-3,duration,2022-09-25,2023-09-30,12.0,FY ended 2023-09-30,1,us-gaap:StatementEquityComponentsAxis=us-gaap:CommonStockMember,1
AAPL_10K_20250927,0000320193-25-000079,10-K,StockIssuedDuringPeriodSharesSharebasedPaymentArrangementNetofSharesWithheldforTaxes,aapl,"Stock Issued During Period, Shares, Share-based Payment Arrangement, Net of Shares Withheld for Taxes",58146000.0,shares,-3,duration,2024-09-29,2025-09-27,12.0,FY ended 2025-09-27,1,us-gaap:StatementEquityComponentsAxis=us-gaap:CommonStockMember,1
AAPL_10K_20250927,0000320193-25-000079,10-K,StockIssuedDuringPeriodSharesSharebasedPaymentArrangementNetofSharesWithheldforTaxes,aapl,"Stock Issued During Period, Shares, Share-based Payment Arrangement, Net of Shares Withheld for Taxes",66097000.0,shares,-3,duration,2023-10-01,2024-09-28,12.0,FY ended 2024-09-28,1,us-gaap:StatementEquityComponentsAxis=us-gaap:CommonStockMember,1
AAPL_10K_20250927,0000320193-25-000079,10-K,StockIssuedDuringPeriodSharesSharebasedPaymentArrangementNetofSharesWithheldforTaxes,aapl,"Stock Issued During Period, Shares, Share-based Payment Arrangement, Net of Shares Withheld for Taxes",78055000.0,shares,-3,duration,2022-09-25,2023-09-30,12.0,FY ended 2023-09-30,1,us-gaap:StatementEquityComponentsAxis=us-gaap:CommonStockMember,1
AAPL_10K_20250927,0000320193-25-000079,10-K,CommonStockSharesOutstanding,us-gaap,"Common Stock, Shares, Outstanding",14773260000.0,shares,-3,instant,,2025-09-27,,2025-09-27,1,us-gaap:StatementEquityComponentsAxis=us-gaap:CommonStockMember,1
AAPL_10K_20250927,0000320193-25-000079,10-K,ShareBasedCompensationArrangementByShareBasedPaymentAwardNumberOfSharesAuthorized,us-gaap,"Share-Based Compensation Arrangement by Share-Based Payment Award, Number of Shares Authorized",1300000000.0,shares,-8,instant,,2022-03-04,,2022-03-04,1,us-gaap:PlanNameAxis=aapl:EmployeeStockPlan2022PlanMember,1
AAPL_10K_20250927,0000320193-25-000079,10-K,ShareBasedCompensationArrangementByShareBasedPaymentAwardEquityInstrumentsOtherThanOptionsNonvestedNumber,us-gaap,"Share-Based Compensation Arrangement by Share-Based Payment Award, Equity Instruments Other than Options, Nonvested, Number",163326000.0,shares,-3,instant,,2024-09-28,,2024-09-28,1,us-gaap:AwardTypeAxis=us-gaap:RestrictedStockUnitsRSUMember,1
AAPL_10K_20250927,0000320193-25-000079,10-K,ShareBasedCompensationArrangementByShareBasedPaymentAwardEquityInstrumentsOtherThanOptionsNonvestedWeightedAverageGrantDateFairValue,us-gaap,"Share-Based Compensation Arrangement by Share-Based Payment Award, Equity Instruments Other than Options, Nonvested, Weighted Average Grant Date Fair Value",158.73,usdPerShare,2,instant,,2024-09-28,,2024-09-28,1,us-gaap:AwardTypeAxis=us-gaap:RestrictedStockUnitsRSUMember,1
AAPL_10K_20250927,0000320193-25-000079,10-K,ShareBasedCompensationArrangementByShareBasedPaymentAwardEquityInstrumentsOtherThanOptionsGrantsInPeriod,us-gaap,"Share-Based Compensation Arrangement by Share-Based Payment Award, Equity Instruments Other than Options, Grants in Period",73466000.0,shares,-3,duration,2024-09-29,2025-09-27,12.0,FY ended 2025-09-27,1,us-gaap:AwardTypeAxis=us-gaap:RestrictedStockUnitsRSUMember,1
AAPL_10K_20250927,0000320193-25-000079,10-K,ShareBasedCompensationArrangementByShareBasedPaymentAwardEquityInstrumentsOtherThanOptionsGrantsInPeriodWeightedAverageGrantDateFairValue,us-gaap,"Share-Based Compensation Arrangement by Share-Based Payment Award, Equity Instruments Other than Options, Grants in Period, Weighted Average Grant Date Fair Value",226.68,usdPerShare,2,duration,2024-09-29,2025-09-27,12.0,FY ended 2025-09-27,1,us-gaap:AwardTypeAxis=us-gaap:RestrictedStockUnitsRSUMember,1
AAPL_10K_20250927,0000320193-25-000079,10-K,ShareBasedCompensationArrangementByShareBasedPaymentAwardEquityInstrumentsOtherThanOptionsVestedInPeriod,us-gaap,"Share-Based Compensation Arrangement by Share-Based Payment Award, Equity Instruments Other than Options, Vested in Period",76845000.0,shares,-3,duration,2024-09-29,2025-09-27,12.0,FY ended 2025-09-27,1,us-gaap:AwardTypeAxis=us-gaap:RestrictedStockUnitsRSUMember,1
AAPL_10K_20250927,0000320193-25-000079,10-K,ShareBasedCompensationArrangementByShareBasedPaymentAwardEquityInstrumentsOtherThanOptionsVestedInPeriodWeightedAverageGrantDateFairValue,us-gaap,"Share-Based Compensation Arrangement by Share-Based Payment Award, Equity Instruments Other than Options, Vested in Period, Weighted Average Grant Date Fair Value",159.85,usdPerShare,2,duration,2024-09-29,2025-09-27,12.0,FY ended 2025-09-27,1,us-gaap:AwardTypeAxis=us-gaap:RestrictedStockUnitsRSUMember,1
AAPL_10K_20250927,0000320193-25-000079,10-K,ShareBasedCompensationArrangementByShareBasedPaymentAwardEquityInstrumentsOtherThanOptionsForfeitedInPeriod,us-gaap,"Share-Based Compensation Arrangement by Share-Based Payment Award, Equity Instruments Other than Options, Forfeited in Period",8373000.0,shares,-3,duration,2024-09-29,2025-09-27,12.0,FY ended 2025-09-27,1,us-gaap:AwardTypeAxis=us-gaap:RestrictedStockUnitsRSUMember,1
AAPL_10K_20250927,0000320193-25-000079,10-K,ShareBasedCompensationArrangementByShareBasedPaymentAwardEquityInstrumentsOtherThanOptionsForfeituresWeightedAverageGrantDateFairValue,us-gaap,"Share-Based Compensation Arrangement by Share-Based Payment Award, Equity Instruments Other than Options, Forfeitures, Weighted Average Grant Date Fair Value",183.03,usdPerShare,2,duration,2024-09-29,2025-09-27,12.0,FY ended 2025-09-27,1,us-gaap:AwardTypeAxis=us-gaap:RestrictedStockUnitsRSUMember,1
AAPL_10K_20250927,0000320193-25-000079,10-K,ShareBasedCompensationArrangementByShareBasedPaymentAwardEquityInstrumentsOtherThanOptionsNonvestedNumber,us-gaap,"Share-Based Compensation Arrangement by Share-Based Payment Award, Equity Instruments Other than Options, Nonvested, Number",151574000.0,shares,-3,instant,,2025-09-27,,2025-09-27,1,us-gaap:AwardTypeAxis=us-gaap:RestrictedStockUnitsRSUMember,1
AAPL_10K_20250927,0000320193-25-000079,10-K,ShareBasedCompensationArrangementByShareBasedPaymentAwardEquityInstrumentsOtherThanOptionsNonvestedWeightedAverageGrantDateFairValue,us-gaap,"Share-Based Compensation Arrangement by Share-Based Payment Award, Equity Instruments Other than Options, Nonvested, Weighted Average Grant Date Fair Value",189.75,usdPerShare,2,instant,,2025-09-27,,2025-09-27,1,us-gaap:AwardTypeAxis=us-gaap:RestrictedStockUnitsRSUMember,1
AAPL_10K_20250927,0000320193-25-000079,10-K,ShareBasedCompensationArrangementByShareBasedPaymentAwardEquityInstrumentsOtherThanOptionsGrantsInPeriodWeightedAverageGrantDateFairValue,us-gaap,"Share-Based Compensation Arrangement by Share-Based Payment Award, Equity Instruments Other than Options, Grants in Period, Weighted Average Grant Date Fair Value",173.78,usdPerShare,2,duration,2023-10-01,2024-09-28,12.0,FY ended 2024-09-28,1,us-gaap:AwardTypeAxis=us-gaap:RestrictedStockUnitsRSUMember,1
AAPL_10K_20250927,0000320193-25-000079,10-K,ShareBasedCompensationArrangementByShareBasedPaymentAwardEquityInstrumentsOtherThanOptionsGrantsInPeriodWeightedAverageGrantDateFairValue,us-gaap,"Share-Based Compensation Arrangement by Share-Based Payment Award, Equity Instruments Other than Options, Grants in Period, Weighted Average Grant Date Fair Value",150.87,usdPerShare,2,duration,2022-09-25,2023-09-30,12.0,FY ended 2023-09-30,1,us-gaap:AwardTypeAxis=us-gaap:RestrictedStockUnitsRSUMember,1
AAPL_10K_20250927,0000320193-25-000079,10-K,ShareBasedCompensationArrangementByShareBasedPaymentAwardEquityInstrumentsOtherThanOptionsVestedInPeriodTotalFairValue,us-gaap,"Share-Based Compensation Arrangement by Share-Based Payment Award, Equity Instruments Other than Options, Vested in Period, Fair Value",17100000000.0,usd,-8,duration,2024-09-29,2025-09-27,12.0,FY ended 2025-09-27,1,us-gaap:AwardTypeAxis=us-gaap:RestrictedStockUnitsRSUMember,1
AAPL_10K_20250927,0000320193-25-000079,10-K,ShareBasedCompensationArrangementByShareBasedPaymentAwardEquityInstrumentsOtherThanOptionsVestedInPeriodTotalFairValue,us-gaap,"Share-Based Compensation Arrangement by Share-Based Payment Award, Equity Instruments Other than Options, Vested in Period, Fair Value",15800000000.0,usd,-8,duration,2023-10-01,2024-09-28,12.0,FY ended 2024-09-28,1,us-gaap:AwardTypeAxis=us-gaap:RestrictedStockUnitsRSUMember,1
AAPL_10K_20250927,0000320193-25-000079,10-K,ShareBasedCompensationArrangementByShareBasedPaymentAwardEquityInstrumentsOtherThanOptionsVestedInPeriodTotalFairValue,us-gaap,"Share-Based Compensation Arrangement by Share-Based Payment Award, Equity Instruments Other than Options, Vested in Period, Fair Value",15900000000.0,usd,-8,duration,2022-09-25,2023-09-30,12.0,FY ended 2023-09-30,1,us-gaap:AwardTypeAxis=us-gaap:RestrictedStockUnitsRSUMember,1
AAPL_10K_20250927,0000320193-25-000079,10-K,PaymentsRelatedToTaxWithholdingForShareBasedCompensation,us-gaap,"Payment, Tax Withholding, Share-Based Payment Arrangement",6100000000.0,usd,-8,duration,2024-09-29,2025-09-27,12.0,FY ended 2025-09-27,1,us-gaap:AwardTypeAxis=us-gaap:RestrictedStockUnitsRSUMember,1
AAPL_10K_20250927,0000320193-25-000079,10-K,PaymentsRelatedToTaxWithholdingForShareBasedCompensation,us-gaap,"Payment, Tax Withholding, Share-Based Payment Arrangement",5600000000.0,usd,-8,duration,2023-10-01,2024-09-28,12.0,FY ended 2024-09-28,1,us-gaap:AwardTypeAxis=us-gaap:RestrictedStockUnitsRSUMember,1
AAPL_10K_20250927,0000320193-25-000079,10-K,PaymentsRelatedToTaxWithholdingForShareBasedCompensation,us-gaap,"Payment, Tax Withholding, Share-Based Payment Arrangement",5600000000.0,usd,-8,duration,2022-09-25,2023-09-30,12.0,FY ended 2023-09-30,1,us-gaap:AwardTypeAxis=us-gaap:RestrictedStockUnitsRSUMember,1
AAPL_10K_20250927,0000320193-25-000079,10-K,AllocatedShareBasedCompensationExpense,us-gaap,"Share-Based Payment Arrangement, Expense",12863000000.0,usd,-6,duration,2024-09-29,2025-09-27,12.0,FY ended 2025-09-27,0,,1
AAPL_10K_20250927,0000320193-25-000079,10-K,AllocatedShareBasedCompensationExpense,us-gaap,"Share-Based Payment Arrangement, Expense",11688000000.0,usd,-6,duration,2023-10-01,2024-09-28,12.0,FY ended 2024-09-28,0,,1
AAPL_10K_20250927,0000320193-25-000079,10-K,AllocatedShareBasedCompensationExpense,us-gaap,"Share-Based Payment Arrangement, Expense",10833000000.0,usd,-6,duration,2022-09-25,2023-09-30,12.0,FY ended 2023-09-30,0,,1
AAPL_10K_20250927,0000320193-25-000079,10-K,EmployeeServiceShareBasedCompensationTaxBenefitFromCompensationExpense,us-gaap,"Share-Based Payment Arrangement, Expense, Tax Benefit",3602000000.0,usd,-6,duration,2024-09-29,2025-09-27,12.0,FY ended 2025-09-27,0,,1
AAPL_10K_20250927,0000320193-25-000079,10-K,EmployeeServiceShareBasedCompensationTaxBenefitFromCompensationExpense,us-gaap,"Share-Based Payment Arrangement, Expense, Tax Benefit",3350000000.0,usd,-6,duration,2023-10-01,2024-09-28,12.0,FY ended 2024-09-28,0,,1
AAPL_10K_20250927,0000320193-25-000079,10-K,EmployeeServiceShareBasedCompensationTaxBenefitFromCompensationExpense,us-gaap,"Share-Based Payment Arrangement, Expense, Tax Benefit",3421000000.0,usd,-6,duration,2022-09-25,2023-09-30,12.0,FY ended 2023-09-30,0,,1
AAPL_10K_20250927,0000320193-25-000079,10-K,EmployeeServiceShareBasedCompensationNonvestedAwardsTotalCompensationCostNotYetRecognized,us-gaap,"Share-Based Payment Arrangement, Nonvested Award, Cost Not yet Recognized, Amount",21800000000.0,usd,-8,instant,,2025-09-27,,2025-09-27,1,us-gaap:AwardTypeAxis=us-gaap:RestrictedStockUnitsRSUMember,1
AAPL_10K_20250927,0000320193-25-000079,10-K,UnrecordedUnconditionalPurchaseObligationBalanceOnFirstAnniversary,us-gaap,"Unrecorded Unconditional Purchase Obligation, to be Paid, Year One",4752000000.0,usd,-6,instant,,2025-09-27,,2025-09-27,0,,1
AAPL_10K_20250927,0000320193-25-000079,10-K,UnrecordedUnconditionalPurchaseObligationBalanceOnSecondAnniversary,us-gaap,"Unrecorded Unconditional Purchase Obligation, to be Paid, Year Two",3708000000.0,usd,-6,instant,,2025-09-27,,2025-09-27,0,,1
AAPL_10K_20250927,0000320193-25-000079,10-K,UnrecordedUnconditionalPurchaseObligationBalanceOnThirdAnniversary,us-gaap,"Unrecorded Unconditional Purchase Obligation, to be Paid, Year Three",1981000000.0,usd,-6,instant,,2025-09-27,,2025-09-27,0,,1
AAPL_10K_20250927,0000320193-25-000079,10-K,UnrecordedUnconditionalPurchaseObligationBalanceOnFourthAnniversary,us-gaap,"Unrecorded Unconditional Purchase Obligation, to be Paid, Year Four",1306000000.0,usd,-6,instant,,2025-09-27,,2025-09-27,0,,1
AAPL_10K_20250927,0000320193-25-000079,10-K,UnrecordedUnconditionalPurchaseObligationBalanceOnFifthAnniversary,us-gaap,"Unrecorded Unconditional Purchase Obligation, to be Paid, Year Five",788000000.0,usd,-6,instant,,2025-09-27,,2025-09-27,0,,1
AAPL_10K_20250927,0000320193-25-000079,10-K,UnrecordedUnconditionalPurchaseObligationDueAfterFiveYears,us-gaap,"Unrecorded Unconditional Purchase Obligation, to be Paid, after Year Five",773000000.0,usd,-6,instant,,2025-09-27,,2025-09-27,0,,1
AAPL_10K_20250927,0000320193-25-000079,10-K,UnrecordedUnconditionalPurchaseObligationBalanceSheetAmount,us-gaap,Unrecorded Unconditional Purchase Obligation,13308000000.0,usd,-6,instant,,2025-09-27,,2025-09-27,0,,1
AAPL_10K_20250927,0000320193-25-000079,10-K,RevenueFromContractWithCustomerExcludingAssessedTax,us-gaap,"Revenue from Contract with Customer, Excluding Assessed Tax",178353000000.0,usd,-6,duration,2024-09-29,2025-09-27,12.0,FY ended 2025-09-27,2,srt:ConsolidationItemsAxis=us-gaap:OperatingSegmentsMember;us-gaap:StatementBusinessSegmentsAxis=aapl:AmericasSegmentMember,1
AAPL_10K_20250927,0000320193-25-000079,10-K,RevenueFromContractWithCustomerExcludingAssessedTax,us-gaap,"Revenue from Contract with Customer, Excluding Assessed Tax",111032000000.0,usd,-6,duration,2024-09-29,2025-09-27,12.0,FY ended 2025-09-27,2,srt:ConsolidationItemsAxis=us-gaap:OperatingSegmentsMember;us-gaap:StatementBusinessSegmentsAxis=aapl:EuropeSegmentMember,1
AAPL_10K_20250927,0000320193-25-000079,10-K,RevenueFromContractWithCustomerExcludingAssessedTax,us-gaap,"Revenue from Contract with Customer, Excluding Assessed Tax",64377000000.0,usd,-6,duration,2024-09-29,2025-09-27,12.0,FY ended 2025-09-27,2,srt:ConsolidationItemsAxis=us-gaap:OperatingSegmentsMember;us-gaap:StatementBusinessSegmentsAxis=aapl:GreaterChinaSegmentMember,1
AAPL_10K_20250927,0000320193-25-000079,10-K,RevenueFromContractWithCustomerExcludingAssessedTax,us-gaap,"Revenue from Contract with Customer, Excluding Assessed Tax",28703000000.0,usd,-6,duration,2024-09-29,2025-09-27,12.0,FY ended 2025-09-27,2,srt:ConsolidationItemsAxis=us-gaap:OperatingSegmentsMember;us-gaap:StatementBusinessSegmentsAxis=aapl:JapanSegmentMember,1
AAPL_10K_20250927,0000320193-25-000079,10-K,RevenueFromContractWithCustomerExcludingAssessedTax,us-gaap,"Revenue from Contract with Customer, Excluding Assessed Tax",33696000000.0,usd,-6,duration,2024-09-29,2025-09-27,12.0,FY ended 2025-09-27,2,srt:ConsolidationItemsAxis=us-gaap:OperatingSegmentsMember;us-gaap:StatementBusinessSegmentsAxis=aapl:RestOfAsiaPacificSegmentMember,1
AAPL_10K_20250927,0000320193-25-000079,10-K,CostOfGoodsAndServicesSold,us-gaap,Cost of Product and Service Sold,95699000000.0,usd,-6,duration,2024-09-29,2025-09-27,12.0,FY ended 2025-09-27,2,srt:ConsolidationItemsAxis=us-gaap:OperatingSegmentsMember;us-gaap:StatementBusinessSegmentsAxis=aapl:AmericasSegmentMember,1
AAPL_10K_20250927,0000320193-25-000079,10-K,CostOfGoodsAndServicesSold,us-gaap,Cost of Product and Service Sold,58617000000.0,usd,-6,duration,2024-09-29,2025-09-27,12.0,FY ended 2025-09-27,2,srt:ConsolidationItemsAxis=us-gaap:OperatingSegmentsMember;us-gaap:StatementBusinessSegmentsAxis=aapl:EuropeSegmentMember,1
AAPL_10K_20250927,0000320193-25-000079,10-K,CostOfGoodsAndServicesSold,us-gaap,Cost of Product and Service Sold,35141000000.0,usd,-6,duration,2024-09-29,2025-09-27,12.0,FY ended 2025-09-27,2,srt:ConsolidationItemsAxis=us-gaap:OperatingSegmentsMember;us-gaap:StatementBusinessSegmentsAxis=aapl:GreaterChinaSegmentMember,1
AAPL_10K_20250927,0000320193-25-000079,10-K,CostOfGoodsAndServicesSold,us-gaap,Cost of Product and Service Sold,13779000000.0,usd,-6,duration,2024-09-29,2025-09-27,12.0,FY ended 2025-09-27,2,srt:ConsolidationItemsAxis=us-gaap:OperatingSegmentsMember;us-gaap:StatementBusinessSegmentsAxis=aapl:JapanSegmentMember,1
AAPL_10K_20250927,0000320193-25-000079,10-K,CostOfGoodsAndServicesSold,us-gaap,Cost of Product and Service Sold,17724000000.0,usd,-6,duration,2024-09-29,2025-09-27,12.0,FY ended 2025-09-27,2,srt:ConsolidationItemsAxis=us-gaap:OperatingSegmentsMember;us-gaap:StatementBusinessSegmentsAxis=aapl:RestOfAsiaPacificSegmentMember,1
AAPL_10K_20250927,0000320193-25-000079,10-K,ResearchAndDevelopmentExpense,us-gaap,Research and Development Expense,34550000000.0,usd,-6,duration,2024-09-29,2025-09-27,12.0,FY ended 2025-09-27,1,srt:ConsolidationItemsAxis=us-gaap:CorporateNonSegmentMember,1
AAPL_10K_20250927,0000320193-25-000079,10-K,SellingAndMarketingExpense,us-gaap,Selling and Marketing Expense,10174000000.0,usd,-6,duration,2024-09-29,2025-09-27,12.0,FY ended 2025-09-27,2,srt:ConsolidationItemsAxis=us-gaap:OperatingSegmentsMember;us-gaap:StatementBusinessSegmentsAxis=aapl:AmericasSegmentMember,1
AAPL_10K_20250927,0000320193-25-000079,10-K,SellingAndMarketingExpense,us-gaap,Selling and Marketing Expense,4676000000.0,usd,-6,duration,2024-09-29,2025-09-27,12.0,FY ended 2025-09-27,2,srt:ConsolidationItemsAxis=us-gaap:OperatingSegmentsMember;us-gaap:StatementBusinessSegmentsAxis=aapl:EuropeSegmentMember,1
AAPL_10K_20250927,0000320193-25-000079,10-K,SellingAndMarketingExpense,us-gaap,Selling and Marketing Expense,2319000000.0,usd,-6,duration,2024-09-29,2025-09-27,12.0,FY ended 2025-09-27,2,srt:ConsolidationItemsAxis=us-gaap:OperatingSegmentsMember;us-gaap:StatementBusinessSegmentsAxis=aapl:GreaterChinaSegmentMember,1
AAPL_10K_20250927,0000320193-25-000079,10-K,SellingAndMarketingExpense,us-gaap,Selling and Marketing Expense,969000000.0,usd,-6,duration,2024-09-29,2025-09-27,12.0,FY ended 2025-09-27,2,srt:ConsolidationItemsAxis=us-gaap:OperatingSegmentsMember;us-gaap:StatementBusinessSegmentsAxis=aapl:JapanSegmentMember,1
AAPL_10K_20250927,0000320193-25-000079,10-K,SellingAndMarketingExpense,us-gaap,Selling and Marketing Expense,1386000000.0,usd,-6,duration,2024-09-29,2025-09-27,12.0,FY ended 2025-09-27,2,srt:ConsolidationItemsAxis=us-gaap:OperatingSegmentsMember;us-gaap:StatementBusinessSegmentsAxis=aapl:RestOfAsiaPacificSegmentMember,1
AAPL_10K_20250927,0000320193-25-000079,10-K,SellingAndMarketingExpense,us-gaap,Selling and Marketing Expense,19524000000.0,usd,-6,duration,2024-09-29,2025-09-27,12.0,FY ended 2025-09-27,0,,1
AAPL_10K_20250927,0000320193-25-000079,10-K,GeneralAndAdministrativeExpense,us-gaap,General and Administrative Expense,8077000000.0,usd,-6,duration,2024-09-29,2025-09-27,12.0,FY ended 2025-09-27,1,srt:ConsolidationItemsAxis=us-gaap:CorporateNonSegmentMember,1
AAPL_10K_20250927,0000320193-25-000079,10-K,GeneralAndAdministrativeExpense,us-gaap,General and Administrative Expense,8077000000.0,usd,-6,duration,2024-09-29,2025-09-27,12.0,FY ended 2025-09-27,0,,1
AAPL_10K_20250927,0000320193-25-000079,10-K,OperatingIncomeLoss,us-gaap,Operating Income (Loss),72480000000.0,usd,-6,duration,2024-09-29,2025-09-27,12.0,FY ended 2025-09-27,2,srt:ConsolidationItemsAxis=us-gaap:OperatingSegmentsMember;us-gaap:StatementBusinessSegmentsAxis=aapl:AmericasSegmentMember,1
AAPL_10K_20250927,0000320193-25-000079,10-K,OperatingIncomeLoss,us-gaap,Operating Income (Loss),47739000000.0,usd,-6,duration,2024-09-29,2025-09-27,12.0,FY ended 2025-09-27,2,srt:ConsolidationItemsAxis=us-gaap:OperatingSegmentsMember;us-gaap:StatementBusinessSegmentsAxis=aapl:EuropeSegmentMember,1
AAPL_10K_20250927,0000320193-25-000079,10-K,OperatingIncomeLoss,us-gaap,Operating Income (Loss),26917000000.0,usd,-6,duration,2024-09-29,2025-09-27,12.0,FY ended 2025-09-27,2,srt:ConsolidationItemsAxis=us-gaap:OperatingSegmentsMember;us-gaap:StatementBusinessSegmentsAxis=aapl:GreaterChinaSegmentMember,1
AAPL_10K_20250927,0000320193-25-000079,10-K,OperatingIncomeLoss,us-gaap,Operating Income (Loss),13955000000.0,usd,-6,duration,2024-09-29,2025-09-27,12.0,FY ended 2025-09-27,2,srt:ConsolidationItemsAxis=us-gaap:OperatingSegmentsMember;us-gaap:StatementBusinessSegmentsAxis=aapl:JapanSegmentMember,1
AAPL_10K_20250927,0000320193-25-000079,10-K,OperatingIncomeLoss,us-gaap,Operating Income (Loss),14586000000.0,usd,-6,duration,2024-09-29,2025-09-27,12.0,FY ended 2025-09-27,2,srt:ConsolidationItemsAxis=us-gaap:OperatingSegmentsMember;us-gaap:StatementBusinessSegmentsAxis=aapl:RestOfAsiaPacificSegmentMember,1
AAPL_10K_20250927,0000320193-25-000079,10-K,OperatingIncomeLoss,us-gaap,Operating Income (Loss),-42627000000.0,usd,-6,duration,2024-09-29,2025-09-27,12.0,FY ended 2025-09-27,1,srt:ConsolidationItemsAxis=us-gaap:CorporateNonSegmentMember,1
AAPL_10K_20250927,0000320193-25-000079,10-K,RevenueFromContractWithCustomerExcludingAssessedTax,us-gaap,"Revenue from Contract with Customer, Excluding Assessed Tax",167045000000.0,usd,-6,duration,2023-10-01,2024-09-28,12.0,FY ended 2024-09-28,2,srt:ConsolidationItemsAxis=us-gaap:OperatingSegmentsMember;us-gaap:StatementBusinessSegmentsAxis=aapl:AmericasSegmentMember,1
AAPL_10K_20250927,0000320193-25-000079,10-K,RevenueFromContractWithCustomerExcludingAssessedTax,us-gaap,"Revenue from Contract with Customer, Excluding Assessed Tax",101328000000.0,usd,-6,duration,2023-10-01,2024-09-28,12.0,FY ended 2024-09-28,2,srt:ConsolidationItemsAxis=us-gaap:OperatingSegmentsMember;us-gaap:StatementBusinessSegmentsAxis=aapl:EuropeSegmentMember,1
AAPL_10K_20250927,0000320193-25-000079,10-K,RevenueFromContractWithCustomerExcludingAssessedTax,us-gaap,"Revenue from Contract with Customer, Excluding Assessed Tax",66952000000.0,usd,-6,duration,2023-10-01,2024-09-28,12.0,FY ended 2024-09-28,2,srt:ConsolidationItemsAxis=us-gaap:OperatingSegmentsMember;us-gaap:StatementBusinessSegmentsAxis=aapl:GreaterChinaSegmentMember,1
AAPL_10K_20250927,0000320193-25-000079,10-K,RevenueFromContractWithCustomerExcludingAssessedTax,us-gaap,"Revenue from Contract with Customer, Excluding Assessed Tax",25052000000.0,usd,-6,duration,2023-10-01,2024-09-28,12.0,FY ended 2024-09-28,2,srt:ConsolidationItemsAxis=us-gaap:OperatingSegmentsMember;us-gaap:StatementBusinessSegmentsAxis=aapl:JapanSegmentMember,1
AAPL_10K_20250927,0000320193-25-000079,10-K,RevenueFromContractWithCustomerExcludingAssessedTax,us-gaap,"Revenue from Contract with Customer, Excluding Assessed Tax",30658000000.0,usd,-6,duration,2023-10-01,2024-09-28,12.0,FY ended 2024-09-28,2,srt:ConsolidationItemsAxis=us-gaap:OperatingSegmentsMember;us-gaap:StatementBusinessSegmentsAxis=aapl:RestOfAsiaPacificSegmentMember,1
AAPL_10K_20250927,0000320193-25-000079,10-K,CostOfGoodsAndServicesSold,us-gaap,Cost of Product and Service Sold,89587000000.0,usd,-6,duration,2023-10-01,2024-09-28,12.0,FY ended 2024-09-28,2,srt:ConsolidationItemsAxis=us-gaap:OperatingSegmentsMember;us-gaap:StatementBusinessSegmentsAxis=aapl:AmericasSegmentMember,1
AAPL_10K_20250927,0000320193-25-000079,10-K,CostOfGoodsAndServicesSold,us-gaap,Cost of Product and Service Sold,55197000000.0,usd,-6,duration,2023-10-01,2024-09-28,12.0,FY ended 2024-09-28,2,srt:ConsolidationItemsAxis=us-gaap:OperatingSegmentsMember;us-gaap:StatementBusinessSegmentsAxis=aapl:EuropeSegmentMember,1
AAPL_10K_20250927,0000320193-25-000079,10-K,CostOfGoodsAndServicesSold,us-gaap,Cost of Product and Service Sold,37519000000.0,usd,-6,duration,2023-10-01,2024-09-28,12.0,FY ended 2024-09-28,2,srt:ConsolidationItemsAxis=us-gaap:OperatingSegmentsMember;us-gaap:StatementBusinessSegmentsAxis=aapl:GreaterChinaSegmentMember,1
AAPL_10K_20250927,0000320193-25-000079,10-K,CostOfGoodsAndServicesSold,us-gaap,Cost of Product and Service Sold,11744000000.0,usd,-6,duration,2023-10-01,2024-09-28,12.0,FY ended 2024-09-28,2,srt:ConsolidationItemsAxis=us-gaap:OperatingSegmentsMember;us-gaap:StatementBusinessSegmentsAxis=aapl:JapanSegmentMember,1
AAPL_10K_20250927,0000320193-25-000079,10-K,CostOfGoodsAndServicesSold,us-gaap,Cost of Product and Service Sold,16305000000.0,usd,-6,duration,2023-10-01,2024-09-28,12.0,FY ended 2024-09-28,2,srt:ConsolidationItemsAxis=us-gaap:OperatingSegmentsMember;us-gaap:StatementBusinessSegmentsAxis=aapl:RestOfAsiaPacificSegmentMember,1
AAPL_10K_20250927,0000320193-25-000079,10-K,ResearchAndDevelopmentExpense,us-gaap,Research and Development Expense,31370000000.0,usd,-6,duration,2023-10-01,2024-09-28,12.0,FY ended 2024-09-28,1,srt:ConsolidationItemsAxis=us-gaap:CorporateNonSegmentMember,1
AAPL_10K_20250927,0000320193-25-000079,10-K,SellingAndMarketingExpense,us-gaap,Selling and Marketing Expense,9802000000.0,usd,-6,duration,2023-10-01,2024-09-28,12.0,FY ended 2024-09-28,2,srt:ConsolidationItemsAxis=us-gaap:OperatingSegmentsMember;us-gaap:StatementBusinessSegmentsAxis=aapl:AmericasSegmentMember,1
AAPL_10K_20250927,0000320193-25-000079,10-K,SellingAndMarketingExpense,us-gaap,Selling and Marketing Expense,4341000000.0,usd,-6,duration,2023-10-01,2024-09-28,12.0,FY ended 2024-09-28,2,srt:ConsolidationItemsAxis=us-gaap:OperatingSegmentsMember;us-gaap:StatementBusinessSegmentsAxis=aapl:EuropeSegmentMember,1
AAPL_10K_20250927,0000320193-25-000079,10-K,SellingAndMarketingExpense,us-gaap,Selling and Marketing Expense,2351000000.0,usd,-6,duration,2023-10-01,2024-09-28,12.0,FY ended 2024-09-28,2,srt:ConsolidationItemsAxis=us-gaap:OperatingSegmentsMember;us-gaap:StatementBusinessSegmentsAxis=aapl:GreaterChinaSegmentMember,1
AAPL_10K_20250927,0000320193-25-000079,10-K,SellingAndMarketingExpense,us-gaap,Selling and Marketing Expense,854000000.0,usd,-6,duration,2023-10-01,2024-09-28,12.0,FY ended 2024-09-28,2,srt:ConsolidationItemsAxis=us-gaap:OperatingSegmentsMember;us-gaap:StatementBusinessSegmentsAxis=aapl:JapanSegmentMember,1
AAPL_10K_20250927,0000320193-25-000079,10-K,SellingAndMarketingExpense,us-gaap,Selling and Marketing Expense,1291000000.0,usd,-6,duration,2023-10-01,2024-09-28,12.0,FY ended 2024-09-28,2,srt:ConsolidationItemsAxis=us-gaap:OperatingSegmentsMember;us-gaap:StatementBusinessSegmentsAxis=aapl:RestOfAsiaPacificSegmentMember,1
AAPL_10K_20250927,0000320193-25-000079,10-K,SellingAndMarketingExpense,us-gaap,Selling and Marketing Expense,18639000000.0,usd,-6,duration,2023-10-01,2024-09-28,12.0,FY ended 2024-09-28,0,,1
AAPL_10K_20250927,0000320193-25-000079,10-K,GeneralAndAdministrativeExpense,us-gaap,General and Administrative Expense,7458000000.0,usd,-6,duration,2023-10-01,2024-09-28,12.0,FY ended 2024-09-28,1,srt:ConsolidationItemsAxis=us-gaap:CorporateNonSegmentMember,1
AAPL_10K_20250927,0000320193-25-000079,10-K,GeneralAndAdministrativeExpense,us-gaap,General and Administrative Expense,7458000000.0,usd,-6,duration,2023-10-01,2024-09-28,12.0,FY ended 2024-09-28,0,,1
AAPL_10K_20250927,0000320193-25-000079,10-K,OperatingIncomeLoss,us-gaap,Operating Income (Loss),67656000000.0,usd,-6,duration,2023-10-01,2024-09-28,12.0,FY ended 2024-09-28,2,srt:ConsolidationItemsAxis=us-gaap:OperatingSegmentsMember;us-gaap:StatementBusinessSegmentsAxis=aapl:AmericasSegmentMember,1
AAPL_10K_20250927,0000320193-25-000079,10-K,OperatingIncomeLoss,us-gaap,Operating Income (Loss),41790000000.0,usd,-6,duration,2023-10-01,2024-09-28,12.0,FY ended 2024-09-28,2,srt:ConsolidationItemsAxis=us-gaap:OperatingSegmentsMember;us-gaap:StatementBusinessSegmentsAxis=aapl:EuropeSegmentMember,1
AAPL_10K_20250927,0000320193-25-000079,10-K,OperatingIncomeLoss,us-gaap,Operating Income (Loss),27082000000.0,usd,-6,duration,2023-10-01,2024-09-28,12.0,FY ended 2024-09-28,2,srt:ConsolidationItemsAxis=us-gaap:OperatingSegmentsMember;us-gaap:StatementBusinessSegmentsAxis=aapl:GreaterChinaSegmentMember,1
AAPL_10K_20250927,0000320193-25-000079,10-K,OperatingIncomeLoss,us-gaap,Operating Income (Loss),12454000000.0,usd,-6,duration,2023-10-01,2024-09-28,12.0,FY ended 2024-09-28,2,srt:ConsolidationItemsAxis=us-gaap:OperatingSegmentsMember;us-gaap:StatementBusinessSegmentsAxis=aapl:JapanSegmentMember,1
AAPL_10K_20250927,0000320193-25-000079,10-K,OperatingIncomeLoss,us-gaap,Operating Income (Loss),13062000000.0,usd,-6,duration,2023-10-01,2024-09-28,12.0,FY ended 2024-09-28,2,srt:ConsolidationItemsAxis=us-gaap:OperatingSegmentsMember;us-gaap:StatementBusinessSegmentsAxis=aapl:RestOfAsiaPacificSegmentMember,1
AAPL_10K_20250927,0000320193-25-000079,10-K,OperatingIncomeLoss,us-gaap,Operating Income (Loss),-38828000000.0,usd,-6,duration,2023-10-01,2024-09-28,12.0,FY ended 2024-09-28,1,srt:ConsolidationItemsAxis=us-gaap:CorporateNonSegmentMember,1
AAPL_10K_20250927,0000320193-25-000079,10-K,RevenueFromContractWithCustomerExcludingAssessedTax,us-gaap,"Revenue from Contract with Customer, Excluding Assessed Tax",162560000000.0,usd,-6,duration,2022-09-25,2023-09-30,12.0,FY ended 2023-09-30,2,srt:ConsolidationItemsAxis=us-gaap:OperatingSegmentsMember;us-gaap:StatementBusinessSegmentsAxis=aapl:AmericasSegmentMember,1
AAPL_10K_20250927,0000320193-25-000079,10-K,RevenueFromContractWithCustomerExcludingAssessedTax,us-gaap,"Revenue from Contract with Customer, Excluding Assessed Tax",94294000000.0,usd,-6,duration,2022-09-25,2023-09-30,12.0,FY ended 2023-09-30,2,srt:ConsolidationItemsAxis=us-gaap:OperatingSegmentsMember;us-gaap:StatementBusinessSegmentsAxis=aapl:EuropeSegmentMember,1
AAPL_10K_20250927,0000320193-25-000079,10-K,RevenueFromContractWithCustomerExcludingAssessedTax,us-gaap,"Revenue from Contract with Customer, Excluding Assessed Tax",72559000000.0,usd,-6,duration,2022-09-25,2023-09-30,12.0,FY ended 2023-09-30,2,srt:ConsolidationItemsAxis=us-gaap:OperatingSegmentsMember;us-gaap:StatementBusinessSegmentsAxis=aapl:GreaterChinaSegmentMember,1
AAPL_10K_20250927,0000320193-25-000079,10-K,RevenueFromContractWithCustomerExcludingAssessedTax,us-gaap,"Revenue from Contract with Customer, Excluding Assessed Tax",24257000000.0,usd,-6,duration,2022-09-25,2023-09-30,12.0,FY ended 2023-09-30,2,srt:ConsolidationItemsAxis=us-gaap:OperatingSegmentsMember;us-gaap:StatementBusinessSegmentsAxis=aapl:JapanSegmentMember,1
AAPL_10K_20250927,0000320193-25-000079,10-K,RevenueFromContractWithCustomerExcludingAssessedTax,us-gaap,"Revenue from Contract with Customer, Excluding Assessed Tax",29615000000.0,usd,-6,duration,2022-09-25,2023-09-30,12.0,FY ended 2023-09-30,2,srt:ConsolidationItemsAxis=us-gaap:OperatingSegmentsMember;us-gaap:StatementBusinessSegmentsAxis=aapl:RestOfAsiaPacificSegmentMember,1
AAPL_10K_20250927,0000320193-25-000079,10-K,CostOfGoodsAndServicesSold,us-gaap,Cost of Product and Service Sold,92394000000.0,usd,-6,duration,2022-09-25,2023-09-30,12.0,FY ended 2023-09-30,2,srt:ConsolidationItemsAxis=us-gaap:OperatingSegmentsMember;us-gaap:StatementBusinessSegmentsAxis=aapl:AmericasSegmentMember,1
AAPL_10K_20250927,0000320193-25-000079,10-K,CostOfGoodsAndServicesSold,us-gaap,Cost of Product and Service Sold,54101000000.0,usd,-6,duration,2022-09-25,2023-09-30,12.0,FY ended 2023-09-30,2,srt:ConsolidationItemsAxis=us-gaap:OperatingSegmentsMember;us-gaap:StatementBusinessSegmentsAxis=aapl:EuropeSegmentMember,1
AAPL_10K_20250927,0000320193-25-000079,10-K,CostOfGoodsAndServicesSold,us-gaap,Cost of Product and Service Sold,39787000000.0,usd,-6,duration,2022-09-25,2023-09-30,12.0,FY ended 2023-09-30,2,srt:ConsolidationItemsAxis=us-gaap:OperatingSegmentsMember;us-gaap:StatementBusinessSegmentsAxis=aapl:GreaterChinaSegmentMember,1
AAPL_10K_20250927,0000320193-25-000079,10-K,CostOfGoodsAndServicesSold,us-gaap,Cost of Product and Service Sold,11542000000.0,usd,-6,duration,2022-09-25,2023-09-30,12.0,FY ended 2023-09-30,2,srt:ConsolidationItemsAxis=us-gaap:OperatingSegmentsMember;us-gaap:StatementBusinessSegmentsAxis=aapl:JapanSegmentMember,1
AAPL_10K_20250927,0000320193-25-000079,10-K,CostOfGoodsAndServicesSold,us-gaap,Cost of Product and Service Sold,16313000000.0,usd,-6,duration,2022-09-25,2023-09-30,12.0,FY ended 2023-09-30,2,srt:ConsolidationItemsAxis=us-gaap:OperatingSegmentsMember;us-gaap:StatementBusinessSegmentsAxis=aapl:RestOfAsiaPacificSegmentMember,1
AAPL_10K_20250927,0000320193-25-000079,10-K,ResearchAndDevelopmentExpense,us-gaap,Research and Development Expense,29915000000.0,usd,-6,duration,2022-09-25,2023-09-30,12.0,FY ended 2023-09-30,1,srt:ConsolidationItemsAxis=us-gaap:CorporateNonSegmentMember,1
AAPL_10K_20250927,0000320193-25-000079,10-K,SellingAndMarketingExpense,us-gaap,Selling and Marketing Expense,9658000000.0,usd,-6,duration,2022-09-25,2023-09-30,12.0,FY ended 2023-09-30,2,srt:ConsolidationItemsAxis=us-gaap:OperatingSegmentsMember;us-gaap:StatementBusinessSegmentsAxis=aapl:AmericasSegmentMember,1
AAPL_10K_20250927,0000320193-25-000079,10-K,SellingAndMarketingExpense,us-gaap,Selling and Marketing Expense,4095000000.0,usd,-6,duration,2022-09-25,2023-09-30,12.0,FY ended 2023-09-30,2,srt:ConsolidationItemsAxis=us-gaap:OperatingSegmentsMember;us-gaap:StatementBusinessSegmentsAxis=aapl:EuropeSegmentMember,1
AAPL_10K_20250927,0000320193-25-000079,10-K,SellingAndMarketingExpense,us-gaap,Selling and Marketing Expense,2444000000.0,usd,-6,duration,2022-09-25,2023-09-30,12.0,FY ended 2023-09-30,2,srt:ConsolidationItemsAxis=us-gaap:OperatingSegmentsMember;us-gaap:StatementBusinessSegmentsAxis=aapl:GreaterChinaSegmentMember,1
AAPL_10K_20250927,0000320193-25-000079,10-K,SellingAndMarketingExpense,us-gaap,Selling and Marketing Expense,827000000.0,usd,-6,duration,2022-09-25,2023-09-30,12.0,FY ended 2023-09-30,2,srt:ConsolidationItemsAxis=us-gaap:OperatingSegmentsMember;us-gaap:StatementBusinessSegmentsAxis=aapl:JapanSegmentMember,1
AAPL_10K_20250927,0000320193-25-000079,10-K,SellingAndMarketingExpense,us-gaap,Selling and Marketing Expense,1236000000.0,usd,-6,duration,2022-09-25,2023-09-30,12.0,FY ended 2023-09-30,2,srt:ConsolidationItemsAxis=us-gaap:OperatingSegmentsMember;us-gaap:StatementBusinessSegmentsAxis=aapl:RestOfAsiaPacificSegmentMember,1
AAPL_10K_20250927,0000320193-25-000079,10-K,SellingAndMarketingExpense,us-gaap,Selling and Marketing Expense,18260000000.0,usd,-6,duration,2022-09-25,2023-09-30,12.0,FY ended 2023-09-30,0,,1
AAPL_10K_20250927,0000320193-25-000079,10-K,GeneralAndAdministrativeExpense,us-gaap,General and Administrative Expense,6672000000.0,usd,-6,duration,2022-09-25,2023-09-30,12.0,FY ended 2023-09-30,1,srt:ConsolidationItemsAxis=us-gaap:CorporateNonSegmentMember,1
AAPL_10K_20250927,0000320193-25-000079,10-K,GeneralAndAdministrativeExpense,us-gaap,General and Administrative Expense,6672000000.0,usd,-6,duration,2022-09-25,2023-09-30,12.0,FY ended 2023-09-30,0,,1
AAPL_10K_20250927,0000320193-25-000079,10-K,OperatingIncomeLoss,us-gaap,Operating Income (Loss),60508000000.0,usd,-6,duration,2022-09-25,2023-09-30,12.0,FY ended 2023-09-30,2,srt:ConsolidationItemsAxis=us-gaap:OperatingSegmentsMember;us-gaap:StatementBusinessSegmentsAxis=aapl:AmericasSegmentMember,1
AAPL_10K_20250927,0000320193-25-000079,10-K,OperatingIncomeLoss,us-gaap,Operating Income (Loss),36098000000.0,usd,-6,duration,2022-09-25,2023-09-30,12.0,FY ended 2023-09-30,2,srt:ConsolidationItemsAxis=us-gaap:OperatingSegmentsMember;us-gaap:StatementBusinessSegmentsAxis=aapl:EuropeSegmentMember,1
AAPL_10K_20250927,0000320193-25-000079,10-K,OperatingIncomeLoss,us-gaap,Operating Income (Loss),30328000000.0,usd,-6,duration,2022-09-25,2023-09-30,12.0,FY ended 2023-09-30,2,srt:ConsolidationItemsAxis=us-gaap:OperatingSegmentsMember;us-gaap:StatementBusinessSegmentsAxis=aapl:GreaterChinaSegmentMember,1
AAPL_10K_20250927,0000320193-25-000079,10-K,OperatingIncomeLoss,us-gaap,Operating Income (Loss),11888000000.0,usd,-6,duration,2022-09-25,2023-09-30,12.0,FY ended 2023-09-30,2,srt:ConsolidationItemsAxis=us-gaap:OperatingSegmentsMember;us-gaap:StatementBusinessSegmentsAxis=aapl:JapanSegmentMember,1
AAPL_10K_20250927,0000320193-25-000079,10-K,OperatingIncomeLoss,us-gaap,Operating Income (Loss),12066000000.0,usd,-6,duration,2022-09-25,2023-09-30,12.0,FY ended 2023-09-30,2,srt:ConsolidationItemsAxis=us-gaap:OperatingSegmentsMember;us-gaap:StatementBusinessSegmentsAxis=aapl:RestOfAsiaPacificSegmentMember,1
AAPL_10K_20250927,0000320193-25-000079,10-K,OperatingIncomeLoss,us-gaap,Operating Income (Loss),-36587000000.0,usd,-6,duration,2022-09-25,2023-09-30,12.0,FY ended 2023-09-30,1,srt:ConsolidationItemsAxis=us-gaap:CorporateNonSegmentMember,1
AAPL_10K_20250927,0000320193-25-000079,10-K,RevenueFromContractWithCustomerExcludingAssessedTax,us-gaap,"Revenue from Contract with Customer, Excluding Assessed Tax",151790000000.0,usd,-6,duration,2024-09-29,2025-09-27,12.0,FY ended 2025-09-27,1,srt:StatementGeographicalAxis=country:US,1
AAPL_10K_20250927,0000320193-25-000079,10-K,RevenueFromContractWithCustomerExcludingAssessedTax,us-gaap,"Revenue from Contract with Customer, Excluding Assessed Tax",142196000000.0,usd,-6,duration,2023-10-01,2024-09-28,12.0,FY ended 2024-09-28,1,srt:StatementGeographicalAxis=country:US,1
AAPL_10K_20250927,0000320193-25-000079,10-K,RevenueFromContractWithCustomerExcludingAssessedTax,us-gaap,"Revenue from Contract with Customer, Excluding Assessed Tax",138573000000.0,usd,-6,duration,2022-09-25,2023-09-30,12.0,FY ended 2023-09-30,1,srt:StatementGeographicalAxis=country:US,1
AAPL_10K_20250927,0000320193-25-000079,10-K,RevenueFromContractWithCustomerExcludingAssessedTax,us-gaap,"Revenue from Contract with Customer, Excluding Assessed Tax",64377000000.0,usd,-6,duration,2024-09-29,2025-09-27,12.0,FY ended 2025-09-27,1,srt:StatementGeographicalAxis=country:CN,1
AAPL_10K_20250927,0000320193-25-000079,10-K,RevenueFromContractWithCustomerExcludingAssessedTax,us-gaap,"Revenue from Contract with Customer, Excluding Assessed Tax",66952000000.0,usd,-6,duration,2023-10-01,2024-09-28,12.0,FY ended 2024-09-28,1,srt:StatementGeographicalAxis=country:CN,1
AAPL_10K_20250927,0000320193-25-000079,10-K,RevenueFromContractWithCustomerExcludingAssessedTax,us-gaap,"Revenue from Contract with Customer, Excluding Assessed Tax",72559000000.0,usd,-6,duration,2022-09-25,2023-09-30,12.0,FY ended 2023-09-30,1,srt:StatementGeographicalAxis=country:CN,1
AAPL_10K_20250927,0000320193-25-000079,10-K,RevenueFromContractWithCustomerExcludingAssessedTax,us-gaap,"Revenue from Contract with Customer, Excluding Assessed Tax",199994000000.0,usd,-6,duration,2024-09-29,2025-09-27,12.0,FY ended 2025-09-27,1,srt:StatementGeographicalAxis=aapl:OtherCountriesMember,1
AAPL_10K_20250927,0000320193-25-000079,10-K,RevenueFromContractWithCustomerExcludingAssessedTax,us-gaap,"Revenue from Contract with Customer, Excluding Assessed Tax",181887000000.0,usd,-6,duration,2023-10-01,2024-09-28,12.0,FY ended 2024-09-28,1,srt:StatementGeographicalAxis=aapl:OtherCountriesMember,1
AAPL_10K_20250927,0000320193-25-000079,10-K,RevenueFromContractWithCustomerExcludingAssessedTax,us-gaap,"Revenue from Contract with Customer, Excluding Assessed Tax",172153000000.0,usd,-6,duration,2022-09-25,2023-09-30,12.0,FY ended 2023-09-30,1,srt:StatementGeographicalAxis=aapl:OtherCountriesMember,1
AAPL_10K_20250927,0000320193-25-000079,10-K,NoncurrentAssets,us-gaap,Long-Lived Assets,40274000000.0,usd,-6,instant,,2025-09-27,,2025-09-27,1,srt:StatementGeographicalAxis=country:US,1
AAPL_10K_20250927,0000320193-25-000079,10-K,NoncurrentAssets,us-gaap,Long-Lived Assets,35664000000.0,usd,-6,instant,,2024-09-28,,2024-09-28,1,srt:StatementGeographicalAxis=country:US,1
AAPL_10K_20250927,0000320193-25-000079,10-K,NoncurrentAssets,us-gaap,Long-Lived Assets,3617000000.0,usd,-6,instant,,2025-09-27,,2025-09-27,1,srt:StatementGeographicalAxis=country:CN,1
AAPL_10K_20250927,0000320193-25-000079,10-K,NoncurrentAssets,us-gaap,Long-Lived Assets,4797000000.0,usd,-6,instant,,2024-09-28,,2024-09-28,1,srt:StatementGeographicalAxis=country:CN,1
AAPL_10K_20250927,0000320193-25-000079,10-K,NoncurrentAssets,us-gaap,Long-Lived Assets,5943000000.0,usd,-6,instant,,2025-09-27,,2025-09-27,1,srt:StatementGeographicalAxis=aapl:OtherCountriesMember,1
AAPL_10K_20250927,0000320193-25-000079,10-K,NoncurrentAssets,us-gaap,Long-Lived Assets,5219000000.0,usd,-6,instant,,2024-09-28,,2024-09-28,1,srt:StatementGeographicalAxis=aapl:OtherCountriesMember,1
AAPL_10K_20250927,0000320193-25-000079,10-K,NoncurrentAssets,us-gaap,Long-Lived Assets,49834000000.0,usd,-6,instant,,2025-09-27,,2025-09-27,0,,1
AAPL_10K_20250927,0000320193-25-000079,10-K,NoncurrentAssets,us-gaap,Long-Lived Assets,45680000000.0,usd,-6,instant,,2024-09-28,,2024-09-28,0,,1
AAPL_10Q_20260627,0000320193-26-000020,10-Q,EntityCommonStockSharesOutstanding,dei,"Entity Common Stock, Shares Outstanding",14594180000.0,shares,-3,instant,,2026-07-17,,2026-07-17,0,,1
AAPL_10Q_20260627,0000320193-26-000020,10-Q,RevenueFromContractWithCustomerExcludingAssessedTax,us-gaap,"Revenue from Contract with Customer, Excluding Assessed Tax",78678000000.0,usd,-6,duration,2026-03-29,2026-06-27,3.0,3M ended 2026-06-27,1,srt:ProductOrServiceAxis=us-gaap:ProductMember,1
AAPL_10Q_20260627,0000320193-26-000020,10-Q,RevenueFromContractWithCustomerExcludingAssessedTax,us-gaap,"Revenue from Contract with Customer, Excluding Assessed Tax",66613000000.0,usd,-6,duration,2025-03-30,2025-06-28,3.0,3M ended 2025-06-28,1,srt:ProductOrServiceAxis=us-gaap:ProductMember,1
AAPL_10Q_20260627,0000320193-26-000020,10-Q,RevenueFromContractWithCustomerExcludingAssessedTax,us-gaap,"Revenue from Contract with Customer, Excluding Assessed Tax",272629000000.0,usd,-6,duration,2025-09-28,2026-06-27,9.0,9M ended 2026-06-27,1,srt:ProductOrServiceAxis=us-gaap:ProductMember,1
AAPL_10Q_20260627,0000320193-26-000020,10-Q,RevenueFromContractWithCustomerExcludingAssessedTax,us-gaap,"Revenue from Contract with Customer, Excluding Assessed Tax",233287000000.0,usd,-6,duration,2024-09-29,2025-06-28,9.0,9M ended 2025-06-28,1,srt:ProductOrServiceAxis=us-gaap:ProductMember,1
AAPL_10Q_20260627,0000320193-26-000020,10-Q,RevenueFromContractWithCustomerExcludingAssessedTax,us-gaap,"Revenue from Contract with Customer, Excluding Assessed Tax",30739000000.0,usd,-6,duration,2026-03-29,2026-06-27,3.0,3M ended 2026-06-27,1,srt:ProductOrServiceAxis=us-gaap:ServiceMember,2
AAPL_10Q_20260627,0000320193-26-000020,10-Q,RevenueFromContractWithCustomerExcludingAssessedTax,us-gaap,"Revenue from Contract with Customer, Excluding Assessed Tax",27423000000.0,usd,-6,duration,2025-03-30,2025-06-28,3.0,3M ended 2025-06-28,1,srt:ProductOrServiceAxis=us-gaap:ServiceMember,2
AAPL_10Q_20260627,0000320193-26-000020,10-Q,RevenueFromContractWithCustomerExcludingAssessedTax,us-gaap,"Revenue from Contract with Customer, Excluding Assessed Tax",91728000000.0,usd,-6,duration,2025-09-28,2026-06-27,9.0,9M ended 2026-06-27,1,srt:ProductOrServiceAxis=us-gaap:ServiceMember,2
AAPL_10Q_20260627,0000320193-26-000020,10-Q,RevenueFromContractWithCustomerExcludingAssessedTax,us-gaap,"Revenue from Contract with Customer, Excluding Assessed Tax",80408000000.0,usd,-6,duration,2024-09-29,2025-06-28,9.0,9M ended 2025-06-28,1,srt:ProductOrServiceAxis=us-gaap:ServiceMember,2
AAPL_10Q_20260627,0000320193-26-000020,10-Q,RevenueFromContractWithCustomerExcludingAssessedTax,us-gaap,"Revenue from Contract with Customer, Excluding Assessed Tax",109417000000.0,usd,-6,duration,2026-03-29,2026-06-27,3.0,3M ended 2026-06-27,0,,3
AAPL_10Q_20260627,0000320193-26-000020,10-Q,RevenueFromContractWithCustomerExcludingAssessedTax,us-gaap,"Revenue from Contract with Customer, Excluding Assessed Tax",94036000000.0,usd,-6,duration,2025-03-30,2025-06-28,3.0,3M ended 2025-06-28,0,,3
AAPL_10Q_20260627,0000320193-26-000020,10-Q,RevenueFromContractWithCustomerExcludingAssessedTax,us-gaap,"Revenue from Contract with Customer, Excluding Assessed Tax",364357000000.0,usd,-6,duration,2025-09-28,2026-06-27,9.0,9M ended 2026-06-27,0,,3
AAPL_10Q_20260627,0000320193-26-000020,10-Q,RevenueFromContractWithCustomerExcludingAssessedTax,us-gaap,"Revenue from Contract with Customer, Excluding Assessed Tax",313695000000.0,usd,-6,duration,2024-09-29,2025-06-28,9.0,9M ended 2025-06-28,0,,3
AAPL_10Q_20260627,0000320193-26-000020,10-Q,CostOfGoodsAndServicesSold,us-gaap,Cost of Product and Service Sold,47153000000.0,usd,-6,duration,2026-03-29,2026-06-27,3.0,3M ended 2026-06-27,1,srt:ProductOrServiceAxis=us-gaap:ProductMember,1
AAPL_10Q_20260627,0000320193-26-000020,10-Q,CostOfGoodsAndServicesSold,us-gaap,Cost of Product and Service Sold,43620000000.0,usd,-6,duration,2025-03-30,2025-06-28,3.0,3M ended 2025-06-28,1,srt:ProductOrServiceAxis=us-gaap:ProductMember,1
AAPL_10Q_20260627,0000320193-26-000020,10-Q,CostOfGoodsAndServicesSold,us-gaap,Cost of Product and Service Sold,163810000000.0,usd,-6,duration,2025-09-28,2026-06-27,9.0,9M ended 2026-06-27,1,srt:ProductOrServiceAxis=us-gaap:ProductMember,1
AAPL_10Q_20260627,0000320193-26-000020,10-Q,CostOfGoodsAndServicesSold,us-gaap,Cost of Product and Service Sold,147097000000.0,usd,-6,duration,2024-09-29,2025-06-28,9.0,9M ended 2025-06-28,1,srt:ProductOrServiceAxis=us-gaap:ProductMember,1
AAPL_10Q_20260627,0000320193-26-000020,10-Q,CostOfGoodsAndServicesSold,us-gaap,Cost of Product and Service Sold,7494000000.0,usd,-6,duration,2026-03-29,2026-06-27,3.0,3M ended 2026-06-27,1,srt:ProductOrServiceAxis=us-gaap:ServiceMember,1
AAPL_10Q_20260627,0000320193-26-000020,10-Q,CostOfGoodsAndServicesSold,us-gaap,Cost of Product and Service Sold,6698000000.0,usd,-6,duration,2025-03-30,2025-06-28,3.0,3M ended 2025-06-28,1,srt:ProductOrServiceAxis=us-gaap:ServiceMember,1
AAPL_10Q_20260627,0000320193-26-000020,10-Q,CostOfGoodsAndServicesSold,us-gaap,Cost of Product and Service Sold,21765000000.0,usd,-6,duration,2025-09-28,2026-06-27,9.0,9M ended 2026-06-27,1,srt:ProductOrServiceAxis=us-gaap:ServiceMember,1
AAPL_10Q_20260627,0000320193-26-000020,10-Q,CostOfGoodsAndServicesSold,us-gaap,Cost of Product and Service Sold,19738000000.0,usd,-6,duration,2024-09-29,2025-06-28,9.0,9M ended 2025-06-28,1,srt:ProductOrServiceAxis=us-gaap:ServiceMember,1
AAPL_10Q_20260627,0000320193-26-000020,10-Q,CostOfGoodsAndServicesSold,us-gaap,Cost of Product and Service Sold,54647000000.0,usd,-6,duration,2026-03-29,2026-06-27,3.0,3M ended 2026-06-27,0,,2
AAPL_10Q_20260627,0000320193-26-000020,10-Q,CostOfGoodsAndServicesSold,us-gaap,Cost of Product and Service Sold,50318000000.0,usd,-6,duration,2025-03-30,2025-06-28,3.0,3M ended 2025-06-28,0,,2
AAPL_10Q_20260627,0000320193-26-000020,10-Q,CostOfGoodsAndServicesSold,us-gaap,Cost of Product and Service Sold,185575000000.0,usd,-6,duration,2025-09-28,2026-06-27,9.0,9M ended 2026-06-27,0,,2
AAPL_10Q_20260627,0000320193-26-000020,10-Q,CostOfGoodsAndServicesSold,us-gaap,Cost of Product and Service Sold,166835000000.0,usd,-6,duration,2024-09-29,2025-06-28,9.0,9M ended 2025-06-28,0,,2
AAPL_10Q_20260627,0000320193-26-000020,10-Q,GrossProfit,us-gaap,Gross Profit,54770000000.0,usd,-6,duration,2026-03-29,2026-06-27,3.0,3M ended 2026-06-27,0,,1
AAPL_10Q_20260627,0000320193-26-000020,10-Q,GrossProfit,us-gaap,Gross Profit,43718000000.0,usd,-6,duration,2025-03-30,2025-06-28,3.0,3M ended 2025-06-28,0,,1
AAPL_10Q_20260627,0000320193-26-000020,10-Q,GrossProfit,us-gaap,Gross Profit,178782000000.0,usd,-6,duration,2025-09-28,2026-06-27,9.0,9M ended 2026-06-27,0,,1
AAPL_10Q_20260627,0000320193-26-000020,10-Q,GrossProfit,us-gaap,Gross Profit,146860000000.0,usd,-6,duration,2024-09-29,2025-06-28,9.0,9M ended 2025-06-28,0,,1
AAPL_10Q_20260627,0000320193-26-000020,10-Q,ResearchAndDevelopmentExpense,us-gaap,Research and Development Expense,11729000000.0,usd,-6,duration,2026-03-29,2026-06-27,3.0,3M ended 2026-06-27,0,,2
AAPL_10Q_20260627,0000320193-26-000020,10-Q,ResearchAndDevelopmentExpense,us-gaap,Research and Development Expense,8866000000.0,usd,-6,duration,2025-03-30,2025-06-28,3.0,3M ended 2025-06-28,0,,2
AAPL_10Q_20260627,0000320193-26-000020,10-Q,ResearchAndDevelopmentExpense,us-gaap,Research and Development Expense,34035000000.0,usd,-6,duration,2025-09-28,2026-06-27,9.0,9M ended 2026-06-27,0,,2
AAPL_10Q_20260627,0000320193-26-000020,10-Q,ResearchAndDevelopmentExpense,us-gaap,Research and Development Expense,25684000000.0,usd,-6,duration,2024-09-29,2025-06-28,9.0,9M ended 2025-06-28,0,,2
AAPL_10Q_20260627,0000320193-26-000020,10-Q,SellingGeneralAndAdministrativeExpense,us-gaap,"Selling, General and Administrative Expense",7346000000.0,usd,-6,duration,2026-03-29,2026-06-27,3.0,3M ended 2026-06-27,0,,1
AAPL_10Q_20260627,0000320193-26-000020,10-Q,SellingGeneralAndAdministrativeExpense,us-gaap,"Selling, General and Administrative Expense",6650000000.0,usd,-6,duration,2025-03-30,2025-06-28,3.0,3M ended 2025-06-28,0,,1
AAPL_10Q_20260627,0000320193-26-000020,10-Q,SellingGeneralAndAdministrativeExpense,us-gaap,"Selling, General and Administrative Expense",22315000000.0,usd,-6,duration,2025-09-28,2026-06-27,9.0,9M ended 2026-06-27,0,,1
AAPL_10Q_20260627,0000320193-26-000020,10-Q,SellingGeneralAndAdministrativeExpense,us-gaap,"Selling, General and Administrative Expense",20553000000.0,usd,-6,duration,2024-09-29,2025-06-28,9.0,9M ended 2025-06-28,0,,1
AAPL_10Q_20260627,0000320193-26-000020,10-Q,OperatingExpenses,us-gaap,Operating Expenses,19075000000.0,usd,-6,duration,2026-03-29,2026-06-27,3.0,3M ended 2026-06-27,0,,1
AAPL_10Q_20260627,0000320193-26-000020,10-Q,OperatingExpenses,us-gaap,Operating Expenses,15516000000.0,usd,-6,duration,2025-03-30,2025-06-28,3.0,3M ended 2025-06-28,0,,1
AAPL_10Q_20260627,0000320193-26-000020,10-Q,OperatingExpenses,us-gaap,Operating Expenses,56350000000.0,usd,-6,duration,2025-09-28,2026-06-27,9.0,9M ended 2026-06-27,0,,1
AAPL_10Q_20260627,0000320193-26-000020,10-Q,OperatingExpenses,us-gaap,Operating Expenses,46237000000.0,usd,-6,duration,2024-09-29,2025-06-28,9.0,9M ended 2025-06-28,0,,1
AAPL_10Q_20260627,0000320193-26-000020,10-Q,OperatingIncomeLoss,us-gaap,Operating Income (Loss),35695000000.0,usd,-6,duration,2026-03-29,2026-06-27,3.0,3M ended 2026-06-27,0,,2
AAPL_10Q_20260627,0000320193-26-000020,10-Q,OperatingIncomeLoss,us-gaap,Operating Income (Loss),28202000000.0,usd,-6,duration,2025-03-30,2025-06-28,3.0,3M ended 2025-06-28,0,,2
AAPL_10Q_20260627,0000320193-26-000020,10-Q,OperatingIncomeLoss,us-gaap,Operating Income (Loss),122432000000.0,usd,-6,duration,2025-09-28,2026-06-27,9.0,9M ended 2026-06-27,0,,2
AAPL_10Q_20260627,0000320193-26-000020,10-Q,OperatingIncomeLoss,us-gaap,Operating Income (Loss),100623000000.0,usd,-6,duration,2024-09-29,2025-06-28,9.0,9M ended 2025-06-28,0,,2
AAPL_10Q_20260627,0000320193-26-000020,10-Q,NonoperatingIncomeExpense,us-gaap,Nonoperating Income (Expense),572000000.0,usd,-6,duration,2026-03-29,2026-06-27,3.0,3M ended 2026-06-27,0,,1
AAPL_10Q_20260627,0000320193-26-000020,10-Q,NonoperatingIncomeExpense,us-gaap,Nonoperating Income (Expense),-171000000.0,usd,-6,duration,2025-03-30,2025-06-28,3.0,3M ended 2025-06-28,0,,1
AAPL_10Q_20260627,0000320193-26-000020,10-Q,NonoperatingIncomeExpense,us-gaap,Nonoperating Income (Expense),670000000.0,usd,-6,duration,2025-09-28,2026-06-27,9.0,9M ended 2026-06-27,0,,1
AAPL_10Q_20260627,0000320193-26-000020,10-Q,NonoperatingIncomeExpense,us-gaap,Nonoperating Income (Expense),-698000000.0,usd,-6,duration,2024-09-29,2025-06-28,9.0,9M ended 2025-06-28,0,,1
AAPL_10Q_20260627,0000320193-26-000020,10-Q,IncomeLossFromContinuingOperationsBeforeIncomeTaxesExtraordinaryItemsNoncontrollingInterest,us-gaap,"Income (Loss) from Continuing Operations before Income Taxes, Noncontrolling Interest",36267000000.0,usd,-6,duration,2026-03-29,2026-06-27,3.0,3M ended 2026-06-27,0,,1
AAPL_10Q_20260627,0000320193-26-000020,10-Q,IncomeLossFromContinuingOperationsBeforeIncomeTaxesExtraordinaryItemsNoncontrollingInterest,us-gaap,"Income (Loss) from Continuing Operations before Income Taxes, Noncontrolling Interest",28031000000.0,usd,-6,duration,2025-03-30,2025-06-28,3.0,3M ended 2025-06-28,0,,1
AAPL_10Q_20260627,0000320193-26-000020,10-Q,IncomeLossFromContinuingOperationsBeforeIncomeTaxesExtraordinaryItemsNoncontrollingInterest,us-gaap,"Income (Loss) from Continuing Operations before Income Taxes, Noncontrolling Interest",123102000000.0,usd,-6,duration,2025-09-28,2026-06-27,9.0,9M ended 2026-06-27,0,,1
AAPL_10Q_20260627,0000320193-26-000020,10-Q,IncomeLossFromContinuingOperationsBeforeIncomeTaxesExtraordinaryItemsNoncontrollingInterest,us-gaap,"Income (Loss) from Continuing Operations before Income Taxes, Noncontrolling Interest",99925000000.0,usd,-6,duration,2024-09-29,2025-06-28,9.0,9M ended 2025-06-28,0,,1
AAPL_10Q_20260627,0000320193-26-000020,10-Q,IncomeTaxExpenseBenefit,us-gaap,Income Tax Expense (Benefit),6478000000.0,usd,-6,duration,2026-03-29,2026-06-27,3.0,3M ended 2026-06-27,0,,1
AAPL_10Q_20260627,0000320193-26-000020,10-Q,IncomeTaxExpenseBenefit,us-gaap,Income Tax Expense (Benefit),4597000000.0,usd,-6,duration,2025-03-30,2025-06-28,3.0,3M ended 2025-06-28,0,,1
AAPL_10Q_20260627,0000320193-26-000020,10-Q,IncomeTaxExpenseBenefit,us-gaap,Income Tax Expense (Benefit),21638000000.0,usd,-6,duration,2025-09-28,2026-06-27,9.0,9M ended 2026-06-27,0,,1
AAPL_10Q_20260627,0000320193-26-000020,10-Q,IncomeTaxExpenseBenefit,us-gaap,Income Tax Expense (Benefit),15381000000.0,usd,-6,duration,2024-09-29,2025-06-28,9.0,9M ended 2025-06-28,0,,1
AAPL_10Q_20260627,0000320193-26-000020,10-Q,NetIncomeLoss,us-gaap,Net Income (Loss) Attributable to Parent,29789000000.0,usd,-6,duration,2026-03-29,2026-06-27,3.0,3M ended 2026-06-27,0,,3
AAPL_10Q_20260627,0000320193-26-000020,10-Q,NetIncomeLoss,us-gaap,Net Income (Loss) Attributable to Parent,23434000000.0,usd,-6,duration,2025-03-30,2025-06-28,3.0,3M ended 2025-06-28,0,,3
AAPL_10Q_20260627,0000320193-26-000020,10-Q,NetIncomeLoss,us-gaap,Net Income (Loss) Attributable to Parent,101464000000.0,usd,-6,duration,2025-09-28,2026-06-27,9.0,9M ended 2026-06-27,0,,4
AAPL_10Q_20260627,0000320193-26-000020,10-Q,NetIncomeLoss,us-gaap,Net Income (Loss) Attributable to Parent,84544000000.0,usd,-6,duration,2024-09-29,2025-06-28,9.0,9M ended 2025-06-28,0,,4
AAPL_10Q_20260627,0000320193-26-000020,10-Q,EarningsPerShareBasic,us-gaap,"Earnings Per Share, Basic",2.03,usdPerShare,2,duration,2026-03-29,2026-06-27,3.0,3M ended 2026-06-27,0,,2
AAPL_10Q_20260627,0000320193-26-000020,10-Q,EarningsPerShareBasic,us-gaap,"Earnings Per Share, Basic",1.57,usdPerShare,2,duration,2025-03-30,2025-06-28,3.0,3M ended 2025-06-28,0,,2
AAPL_10Q_20260627,0000320193-26-000020,10-Q,EarningsPerShareBasic,us-gaap,"Earnings Per Share, Basic",6.91,usdPerShare,2,duration,2025-09-28,2026-06-27,9.0,9M ended 2026-06-27,0,,2
AAPL_10Q_20260627,0000320193-26-000020,10-Q,EarningsPerShareBasic,us-gaap,"Earnings Per Share, Basic",5.64,usdPerShare,2,duration,2024-09-29,2025-06-28,9.0,9M ended 2025-06-28,0,,2
AAPL_10Q_20260627,0000320193-26-000020,10-Q,EarningsPerShareDiluted,us-gaap,"Earnings Per Share, Diluted",2.02,usdPerShare,2,duration,2026-03-29,2026-06-27,3.0,3M ended 2026-06-27,0,,2
AAPL_10Q_20260627,0000320193-26-000020,10-Q,EarningsPerShareDiluted,us-gaap,"Earnings Per Share, Diluted",1.57,usdPerShare,2,duration,2025-03-30,2025-06-28,3.0,3M ended 2025-06-28,0,,2
AAPL_10Q_20260627,0000320193-26-000020,10-Q,EarningsPerShareDiluted,us-gaap,"Earnings Per Share, Diluted",6.88,usdPerShare,2,duration,2025-09-28,2026-06-27,9.0,9M ended 2026-06-27,0,,2
AAPL_10Q_20260627,0000320193-26-000020,10-Q,EarningsPerShareDiluted,us-gaap,"Earnings Per Share, Diluted",5.62,usdPerShare,2,duration,2024-09-29,2025-06-28,9.0,9M ended 2025-06-28,0,,2
AAPL_10Q_20260627,0000320193-26-000020,10-Q,WeightedAverageNumberOfSharesOutstandingBasic,us-gaap,"Weighted Average Number of Shares Outstanding, Basic",14656110000.0,shares,-3,duration,2026-03-29,2026-06-27,3.0,3M ended 2026-06-27,0,,2
AAPL_10Q_20260627,0000320193-26-000020,10-Q,WeightedAverageNumberOfSharesOutstandingBasic,us-gaap,"Weighted Average Number of Shares Outstanding, Basic",14902886000.0,shares,-3,duration,2025-03-30,2025-06-28,3.0,3M ended 2025-06-28,0,,2
AAPL_10Q_20260627,0000320193-26-000020,10-Q,WeightedAverageNumberOfSharesOutstandingBasic,us-gaap,"Weighted Average Number of Shares Outstanding, Basic",14692515000.0,shares,-3,duration,2025-09-28,2026-06-27,9.0,9M ended 2026-06-27,0,,2
AAPL_10Q_20260627,0000320193-26-000020,10-Q,WeightedAverageNumberOfSharesOutstandingBasic,us-gaap,"Weighted Average Number of Shares Outstanding, Basic",14992898000.0,shares,-3,duration,2024-09-29,2025-06-28,9.0,9M ended 2025-06-28,0,,2
AAPL_10Q_20260627,0000320193-26-000020,10-Q,WeightedAverageNumberOfDilutedSharesOutstanding,us-gaap,"Weighted Average Number of Shares Outstanding, Diluted",14714676000.0,shares,-3,duration,2026-03-29,2026-06-27,3.0,3M ended 2026-06-27,0,,2
AAPL_10Q_20260627,0000320193-26-000020,10-Q,WeightedAverageNumberOfDilutedSharesOutstanding,us-gaap,"Weighted Average Number of Shares Outstanding, Diluted",14948179000.0,shares,-3,duration,2025-03-30,2025-06-28,3.0,3M ended 2025-06-28,0,,2
AAPL_10Q_20260627,0000320193-26-000020,10-Q,WeightedAverageNumberOfDilutedSharesOutstanding,us-gaap,"Weighted Average Number of Shares Outstanding, Diluted",14750302000.0,shares,-3,duration,2025-09-28,2026-06-27,9.0,9M ended 2026-06-27,0,,2
AAPL_10Q_20260627,0000320193-26-000020,10-Q,WeightedAverageNumberOfDilutedSharesOutstanding,us-gaap,"Weighted Average Number of Shares Outstanding, Diluted",15051726000.0,shares,-3,duration,2024-09-29,2025-06-28,9.0,9M ended 2025-06-28,0,,2
AAPL_10Q_20260627,0000320193-26-000020,10-Q,OtherComprehensiveIncomeLossForeignCurrencyTransactionAndTranslationAdjustmentNetOfTax,us-gaap,"Other Comprehensive Income (Loss), Foreign Currency Transaction and Translation Adjustment, Net of Tax",-24000000.0,usd,-6,duration,2026-03-29,2026-06-27,3.0,3M ended 2026-06-27,0,,1
AAPL_10Q_20260627,0000320193-26-000020,10-Q,OtherComprehensiveIncomeLossForeignCurrencyTransactionAndTranslationAdjustmentNetOfTax,us-gaap,"Other Comprehensive Income (Loss), Foreign Currency Transaction and Translation Adjustment, Net of Tax",449000000.0,usd,-6,duration,2025-03-30,2025-06-28,3.0,3M ended 2025-06-28,0,,1
AAPL_10Q_20260627,0000320193-26-000020,10-Q,OtherComprehensiveIncomeLossForeignCurrencyTransactionAndTranslationAdjustmentNetOfTax,us-gaap,"Other Comprehensive Income (Loss), Foreign Currency Transaction and Translation Adjustment, Net of Tax",-116000000.0,usd,-6,duration,2025-09-28,2026-06-27,9.0,9M ended 2026-06-27,0,,1
AAPL_10Q_20260627,0000320193-26-000020,10-Q,OtherComprehensiveIncomeLossForeignCurrencyTransactionAndTranslationAdjustmentNetOfTax,us-gaap,"Other Comprehensive Income (Loss), Foreign Currency Transaction and Translation Adjustment, Net of Tax",-86000000.0,usd,-6,duration,2024-09-29,2025-06-28,9.0,9M ended 2025-06-28,0,,1
AAPL_10Q_20260627,0000320193-26-000020,10-Q,OtherComprehensiveIncomeLossCashFlowHedgeGainLossBeforeReclassificationAfterTax,us-gaap,"Other Comprehensive Income (Loss), Cash Flow Hedge, Gain (Loss), before Reclassification, after Tax",356000000.0,usd,-6,duration,2026-03-29,2026-06-27,3.0,3M ended 2026-06-27,0,,1
AAPL_10Q_20260627,0000320193-26-000020,10-Q,OtherComprehensiveIncomeLossCashFlowHedgeGainLossBeforeReclassificationAfterTax,us-gaap,"Other Comprehensive Income (Loss), Cash Flow Hedge, Gain (Loss), before Reclassification, after Tax",-523000000.0,usd,-6,duration,2025-03-30,2025-06-28,3.0,3M ended 2025-06-28,0,,1
AAPL_10Q_20260627,0000320193-26-000020,10-Q,OtherComprehensiveIncomeLossCashFlowHedgeGainLossBeforeReclassificationAfterTax,us-gaap,"Other Comprehensive Income (Loss), Cash Flow Hedge, Gain (Loss), before Reclassification, after Tax",729000000.0,usd,-6,duration,2025-09-28,2026-06-27,9.0,9M ended 2026-06-27,0,,1
AAPL_10Q_20260627,0000320193-26-000020,10-Q,OtherComprehensiveIncomeLossCashFlowHedgeGainLossBeforeReclassificationAfterTax,us-gaap,"Other Comprehensive Income (Loss), Cash Flow Hedge, Gain (Loss), before Reclassification, after Tax",810000000.0,usd,-6,duration,2024-09-29,2025-06-28,9.0,9M ended 2025-06-28,0,,1
AAPL_10Q_20260627,0000320193-26-000020,10-Q,OtherComprehensiveIncomeLossCashFlowHedgeGainLossReclassificationAfterTax,us-gaap,"Other Comprehensive Income (Loss), Cash Flow Hedge, Gain (Loss), Reclassification, after Tax",-67000000.0,usd,-6,duration,2026-03-29,2026-06-27,3.0,3M ended 2026-06-27,0,,1
AAPL_10Q_20260627,0000320193-26-000020,10-Q,OtherComprehensiveIncomeLossCashFlowHedgeGainLossReclassificationAfterTax,us-gaap,"Other Comprehensive Income (Loss), Cash Flow Hedge, Gain (Loss), Reclassification, after Tax",571000000.0,usd,-6,duration,2025-03-30,2025-06-28,3.0,3M ended 2025-06-28,0,,1
AAPL_10Q_20260627,0000320193-26-000020,10-Q,OtherComprehensiveIncomeLossCashFlowHedgeGainLossReclassificationAfterTax,us-gaap,"Other Comprehensive Income (Loss), Cash Flow Hedge, Gain (Loss), Reclassification, after Tax",-348000000.0,usd,-6,duration,2025-09-28,2026-06-27,9.0,9M ended 2026-06-27,0,,1
AAPL_10Q_20260627,0000320193-26-000020,10-Q,OtherComprehensiveIncomeLossCashFlowHedgeGainLossReclassificationAfterTax,us-gaap,"Other Comprehensive Income (Loss), Cash Flow Hedge, Gain (Loss), Reclassification, after Tax",415000000.0,usd,-6,duration,2024-09-29,2025-06-28,9.0,9M ended 2025-06-28,0,,1
AAPL_10Q_20260627,0000320193-26-000020,10-Q,OtherComprehensiveIncomeLossCashFlowHedgeGainLossAfterReclassificationAndTax,us-gaap,"Other Comprehensive Income (Loss), Cash Flow Hedge, Gain (Loss), after Reclassification and Tax",423000000.0,usd,-6,duration,2026-03-29,2026-06-27,3.0,3M ended 2026-06-27,0,,1
AAPL_10Q_20260627,0000320193-26-000020,10-Q,OtherComprehensiveIncomeLossCashFlowHedgeGainLossAfterReclassificationAndTax,us-gaap,"Other Comprehensive Income (Loss), Cash Flow Hedge, Gain (Loss), after Reclassification and Tax",-1094000000.0,usd,-6,duration,2025-03-30,2025-06-28,3.0,3M ended 2025-06-28,0,,1
AAPL_10Q_20260627,0000320193-26-000020,10-Q,OtherComprehensiveIncomeLossCashFlowHedgeGainLossAfterReclassificationAndTax,us-gaap,"Other Comprehensive Income (Loss), Cash Flow Hedge, Gain (Loss), after Reclassification and Tax",1077000000.0,usd,-6,duration,2025-09-28,2026-06-27,9.0,9M ended 2026-06-27,0,,1
AAPL_10Q_20260627,0000320193-26-000020,10-Q,OtherComprehensiveIncomeLossCashFlowHedgeGainLossAfterReclassificationAndTax,us-gaap,"Other Comprehensive Income (Loss), Cash Flow Hedge, Gain (Loss), after Reclassification and Tax",395000000.0,usd,-6,duration,2024-09-29,2025-06-28,9.0,9M ended 2025-06-28,0,,1
AAPL_10Q_20260627,0000320193-26-000020,10-Q,OtherComprehensiveIncomeUnrealizedHoldingGainLossOnSecuritiesArisingDuringPeriodNetOfTax,us-gaap,"OCI, Debt Securities, Available-for-Sale, Unrealized Holding Gain (Loss), before Adjustment, after Tax",441000000.0,usd,-6,duration,2026-03-29,2026-06-27,3.0,3M ended 2026-06-27,0,,1
AAPL_10Q_20260627,0000320193-26-000020,10-Q,OtherComprehensiveIncomeUnrealizedHoldingGainLossOnSecuritiesArisingDuringPeriodNetOfTax,us-gaap,"OCI, Debt Securities, Available-for-Sale, Unrealized Holding Gain (Loss), before Adjustment, after Tax",640000000.0,usd,-6,duration,2025-03-30,2025-06-28,3.0,3M ended 2025-06-28,0,,1
AAPL_10Q_20260627,0000320193-26-000020,10-Q,OtherComprehensiveIncomeUnrealizedHoldingGainLossOnSecuritiesArisingDuringPeriodNetOfTax,us-gaap,"OCI, Debt Securities, Available-for-Sale, Unrealized Holding Gain (Loss), before Adjustment, after Tax",57000000.0,usd,-6,duration,2025-09-28,2026-06-27,9.0,9M ended 2026-06-27,0,,1
AAPL_10Q_20260627,0000320193-26-000020,10-Q,OtherComprehensiveIncomeUnrealizedHoldingGainLossOnSecuritiesArisingDuringPeriodNetOfTax,us-gaap,"OCI, Debt Securities, Available-for-Sale, Unrealized Holding Gain (Loss), before Adjustment, after Tax",90000000.0,usd,-6,duration,2024-09-29,2025-06-28,9.0,9M ended 2025-06-28,0,,1
AAPL_10Q_20260627,0000320193-26-000020,10-Q,OtherComprehensiveIncomeLossReclassificationAdjustmentFromAOCIForSaleOfSecuritiesNetOfTax,us-gaap,"Other Comprehensive Income (Loss), Reclassification Adjustment from AOCI for Sale of Securities, Net of Tax",-27000000.0,usd,-6,duration,2026-03-29,2026-06-27,3.0,3M ended 2026-06-27,0,,1
AAPL_10Q_20260627,0000320193-26-000020,10-Q,OtherComprehensiveIncomeLossReclassificationAdjustmentFromAOCIForSaleOfSecuritiesNetOfTax,us-gaap,"Other Comprehensive Income (Loss), Reclassification Adjustment from AOCI for Sale of Securities, Net of Tax",1000000.0,usd,-6,duration,2025-03-30,2025-06-28,3.0,3M ended 2025-06-28,0,,1
AAPL_10Q_20260627,0000320193-26-000020,10-Q,OtherComprehensiveIncomeLossReclassificationAdjustmentFromAOCIForSaleOfSecuritiesNetOfTax,us-gaap,"Other Comprehensive Income (Loss), Reclassification Adjustment from AOCI for Sale of Securities, Net of Tax",-45000000.0,usd,-6,duration,2025-09-28,2026-06-27,9.0,9M ended 2026-06-27,0,,1
AAPL_10Q_20260627,0000320193-26-000020,10-Q,OtherComprehensiveIncomeLossReclassificationAdjustmentFromAOCIForSaleOfSecuritiesNetOfTax,us-gaap,"Other Comprehensive Income (Loss), Reclassification Adjustment from AOCI for Sale of Securities, Net of Tax",-404000000.0,usd,-6,duration,2024-09-29,2025-06-28,9.0,9M ended 2025-06-28,0,,1
AAPL_10Q_20260627,0000320193-26-000020,10-Q,OtherComprehensiveIncomeLossAvailableForSaleSecuritiesAdjustmentNetOfTax,us-gaap,"OCI, Debt Securities, Available-for-Sale, Gain (Loss), after Adjustment and Tax",468000000.0,usd,-6,duration,2026-03-29,2026-06-27,3.0,3M ended 2026-06-27,0,,1
AAPL_10Q_20260627,0000320193-26-000020,10-Q,OtherComprehensiveIncomeLossAvailableForSaleSecuritiesAdjustmentNetOfTax,us-gaap,"OCI, Debt Securities, Available-for-Sale, Gain (Loss), after Adjustment and Tax",639000000.0,usd,-6,duration,2025-03-30,2025-06-28,3.0,3M ended 2025-06-28,0,,1
AAPL_10Q_20260627,0000320193-26-000020,10-Q,OtherComprehensiveIncomeLossAvailableForSaleSecuritiesAdjustmentNetOfTax,us-gaap,"OCI, Debt Securities, Available-for-Sale, Gain (Loss), after Adjustment and Tax",102000000.0,usd,-6,duration,2025-09-28,2026-06-27,9.0,9M ended 2026-06-27,0,,1
AAPL_10Q_20260627,0000320193-26-000020,10-Q,OtherComprehensiveIncomeLossAvailableForSaleSecuritiesAdjustmentNetOfTax,us-gaap,"OCI, Debt Securities, Available-for-Sale, Gain (Loss), after Adjustment and Tax",494000000.0,usd,-6,duration,2024-09-29,2025-06-28,9.0,9M ended 2025-06-28,0,,1
AAPL_10Q_20260627,0000320193-26-000020,10-Q,OtherComprehensiveIncomeLossNetOfTaxPortionAttributableToParent,us-gaap,"Other Comprehensive Income (Loss), Net of Tax, Portion Attributable to Parent",867000000.0,usd,-6,duration,2026-03-29,2026-06-27,3.0,3M ended 2026-06-27,0,,1
AAPL_10Q_20260627,0000320193-26-000020,10-Q,OtherComprehensiveIncomeLossNetOfTaxPortionAttributableToParent,us-gaap,"Other Comprehensive Income (Loss), Net of Tax, Portion Attributable to Parent",-6000000.0,usd,-6,duration,2025-03-30,2025-06-28,3.0,3M ended 2025-06-28,0,,1
AAPL_10Q_20260627,0000320193-26-000020,10-Q,OtherComprehensiveIncomeLossNetOfTaxPortionAttributableToParent,us-gaap,"Other Comprehensive Income (Loss), Net of Tax, Portion Attributable to Parent",1063000000.0,usd,-6,duration,2025-09-28,2026-06-27,9.0,9M ended 2026-06-27,0,,1
AAPL_10Q_20260627,0000320193-26-000020,10-Q,OtherComprehensiveIncomeLossNetOfTaxPortionAttributableToParent,us-gaap,"Other Comprehensive Income (Loss), Net of Tax, Portion Attributable to Parent",803000000.0,usd,-6,duration,2024-09-29,2025-06-28,9.0,9M ended 2025-06-28,0,,1
AAPL_10Q_20260627,0000320193-26-000020,10-Q,ComprehensiveIncomeNetOfTax,us-gaap,"Comprehensive Income (Loss), Net of Tax, Attributable to Parent",30656000000.0,usd,-6,duration,2026-03-29,2026-06-27,3.0,3M ended 2026-06-27,0,,1
AAPL_10Q_20260627,0000320193-26-000020,10-Q,ComprehensiveIncomeNetOfTax,us-gaap,"Comprehensive Income (Loss), Net of Tax, Attributable to Parent",23428000000.0,usd,-6,duration,2025-03-30,2025-06-28,3.0,3M ended 2025-06-28,0,,1
AAPL_10Q_20260627,0000320193-26-000020,10-Q,ComprehensiveIncomeNetOfTax,us-gaap,"Comprehensive Income (Loss), Net of Tax, Attributable to Parent",102527000000.0,usd,-6,duration,2025-09-28,2026-06-27,9.0,9M ended 2026-06-27,0,,1
AAPL_10Q_20260627,0000320193-26-000020,10-Q,ComprehensiveIncomeNetOfTax,us-gaap,"Comprehensive Income (Loss), Net of Tax, Attributable to Parent",85347000000.0,usd,-6,duration,2024-09-29,2025-06-28,9.0,9M ended 2025-06-28,0,,1
AAPL_10Q_20260627,0000320193-26-000020,10-Q,CashAndCashEquivalentsAtCarryingValue,us-gaap,Cash and Cash Equivalent,39544000000.0,usd,-6,instant,,2026-06-27,,2026-06-27,0,,2
AAPL_10Q_20260627,0000320193-26-000020,10-Q,CashAndCashEquivalentsAtCarryingValue,us-gaap,Cash and Cash Equivalent,35934000000.0,usd,-6,instant,,2025-09-27,,2025-09-27,0,,2
AAPL_10Q_20260627,0000320193-26-000020,10-Q,MarketableSecuritiesCurrent,us-gaap,"Marketable Securities, Current",22855000000.0,usd,-6,instant,,2026-06-27,,2026-06-27,0,,2
AAPL_10Q_20260627,0000320193-26-000020,10-Q,MarketableSecuritiesCurrent,us-gaap,"Marketable Securities, Current",18763000000.0,usd,-6,instant,,2025-09-27,,2025-09-27,0,,2
AAPL_10Q_20260627,0000320193-26-000020,10-Q,AccountsReceivableNetCurrent,us-gaap,"Accounts Receivable, after Allowance for Credit Loss, Current",31398000000.0,usd,-6,instant,,2026-06-27,,2026-06-27,0,,1
AAPL_10Q_20260627,0000320193-26-000020,10-Q,AccountsReceivableNetCurrent,us-gaap,"Accounts Receivable, after Allowance for Credit Loss, Current",39777000000.0,usd,-6,instant,,2025-09-27,,2025-09-27,0,,1
AAPL_10Q_20260627,0000320193-26-000020,10-Q,NontradeReceivablesCurrent,us-gaap,"Nontrade Receivables, Current",27509000000.0,usd,-6,instant,,2026-06-27,,2026-06-27,0,,1
AAPL_10Q_20260627,0000320193-26-000020,10-Q,NontradeReceivablesCurrent,us-gaap,"Nontrade Receivables, Current",33180000000.0,usd,-6,instant,,2025-09-27,,2025-09-27,0,,1
AAPL_10Q_20260627,0000320193-26-000020,10-Q,InventoryNet,us-gaap,"Inventory, Net",11092000000.0,usd,-6,instant,,2026-06-27,,2026-06-27,0,,2
AAPL_10Q_20260627,0000320193-26-000020,10-Q,InventoryNet,us-gaap,"Inventory, Net",5718000000.0,usd,-6,instant,,2025-09-27,,2025-09-27,0,,2
AAPL_10Q_20260627,0000320193-26-000020,10-Q,OtherAssetsCurrent,us-gaap,"Other Assets, Current",17420000000.0,usd,-6,instant,,2026-06-27,,2026-06-27,0,,1
AAPL_10Q_20260627,0000320193-26-000020,10-Q,OtherAssetsCurrent,us-gaap,"Other Assets, Current",14585000000.0,usd,-6,instant,,2025-09-27,,2025-09-27,0,,1
AAPL_10Q_20260627,0000320193-26-000020,10-Q,AssetsCurrent,us-gaap,"Assets, Current",149818000000.0,usd,-6,instant,,2026-06-27,,2026-06-27,0,,1
AAPL_10Q_20260627,0000320193-26-000020,10-Q,AssetsCurrent,us-gaap,"Assets, Current",147957000000.0,usd,-6,instant,,2025-09-27,,2025-09-27,0,,1
AAPL_10Q_20260627,0000320193-26-000020,10-Q,MarketableSecuritiesNoncurrent,us-gaap,"Marketable Securities, Noncurrent",84118000000.0,usd,-6,instant,,2026-06-27,,2026-06-27,0,,2
AAPL_10Q_20260627,0000320193-26-000020,10-Q,MarketableSecuritiesNoncurrent,us-gaap,"Marketable Securities, Noncurrent",77723000000.0,usd,-6,instant,,2025-09-27,,2025-09-27,0,,2
AAPL_10Q_20260627,0000320193-26-000020,10-Q,PropertyPlantAndEquipmentNet,us-gaap,"Property, Plant and Equipment, Net",51431000000.0,usd,-6,instant,,2026-06-27,,2026-06-27,0,,2
AAPL_10Q_20260627,0000320193-26-000020,10-Q,PropertyPlantAndEquipmentNet,us-gaap,"Property, Plant and Equipment, Net",49834000000.0,usd,-6,instant,,2025-09-27,,2025-09-27,0,,2
AAPL_10Q_20260627,0000320193-26-000020,10-Q,IntangibleAssetsNetExcludingGoodwillNoncurrent,aapl,"Intangible Assets, Net (Excluding Goodwill), Noncurrent",20342000000.0,usd,-6,instant,,2026-06-27,,2026-06-27,0,,2
AAPL_10Q_20260627,0000320193-26-000020,10-Q,IntangibleAssetsNetExcludingGoodwillNoncurrent,aapl,"Intangible Assets, Net (Excluding Goodwill), Noncurrent",11093000000.0,usd,-6,instant,,2025-09-27,,2025-09-27,0,,2
AAPL_10Q_20260627,0000320193-26-000020,10-Q,OtherAssetsNoncurrent,us-gaap,"Other Assets, Noncurrent",77557000000.0,usd,-6,instant,,2026-06-27,,2026-06-27,0,,1
AAPL_10Q_20260627,0000320193-26-000020,10-Q,OtherAssetsNoncurrent,us-gaap,"Other Assets, Noncurrent",72634000000.0,usd,-6,instant,,2025-09-27,,2025-09-27,0,,1
AAPL_10Q_20260627,0000320193-26-000020,10-Q,AssetsNoncurrent,us-gaap,"Assets, Noncurrent",233448000000.0,usd,-6,instant,,2026-06-27,,2026-06-27,0,,1
AAPL_10Q_20260627,0000320193-26-000020,10-Q,AssetsNoncurrent,us-gaap,"Assets, Noncurrent",211284000000.0,usd,-6,instant,,2025-09-27,,2025-09-27,0,,1
AAPL_10Q_20260627,0000320193-26-000020,10-Q,Assets,us-gaap,Assets,383266000000.0,usd,-6,instant,,2026-06-27,,2026-06-27,0,,1
AAPL_10Q_20260627,0000320193-26-000020,10-Q,Assets,us-gaap,Assets,359241000000.0,usd,-6,instant,,2025-09-27,,2025-09-27,0,,1
AAPL_10Q_20260627,0000320193-26-000020,10-Q,AccountsPayableCurrent,us-gaap,"Accounts Payable, Current",64525000000.0,usd,-6,instant,,2026-06-27,,2026-06-27,0,,1
AAPL_10Q_20260627,0000320193-26-000020,10-Q,AccountsPayableCurrent,us-gaap,"Accounts Payable, Current",69860000000.0,usd,-6,instant,,2025-09-27,,2025-09-27,0,,1
AAPL_10Q_20260627,0000320193-26-000020,10-Q,OtherLiabilitiesCurrent,us-gaap,"Other Liabilities, Current",62259000000.0,usd,-6,instant,,2026-06-27,,2026-06-27,0,,1
AAPL_10Q_20260627,0000320193-26-000020,10-Q,OtherLiabilitiesCurrent,us-gaap,"Other Liabilities, Current",66387000000.0,usd,-6,instant,,2025-09-27,,2025-09-27,0,,1
AAPL_10Q_20260627,0000320193-26-000020,10-Q,ContractWithCustomerLiabilityCurrent,us-gaap,"Contract with Customer, Liability, Current",9538000000.0,usd,-6,instant,,2026-06-27,,2026-06-27,0,,1
AAPL_10Q_20260627,0000320193-26-000020,10-Q,ContractWithCustomerLiabilityCurrent,us-gaap,"Contract with Customer, Liability, Current",9055000000.0,usd,-6,instant,,2025-09-27,,2025-09-27,0,,1
AAPL_10Q_20260627,0000320193-26-000020,10-Q,CommercialPaper,us-gaap,Commercial Paper,1997000000.0,usd,-6,instant,,2026-06-27,,2026-06-27,0,,1
AAPL_10Q_20260627,0000320193-26-000020,10-Q,CommercialPaper,us-gaap,Commercial Paper,7979000000.0,usd,-6,instant,,2025-09-27,,2025-09-27,0,,1
AAPL_10Q_20260627,0000320193-26-000020,10-Q,LongTermDebtCurrent,us-gaap,"Long-Term Debt, Current Maturities",11007000000.0,usd,-6,instant,,2026-06-27,,2026-06-27,0,,1
AAPL_10Q_20260627,0000320193-26-000020,10-Q,LongTermDebtCurrent,us-gaap,"Long-Term Debt, Current Maturities",12350000000.0,usd,-6,instant,,2025-09-27,,2025-09-27,0,,1
AAPL_10Q_20260627,0000320193-26-000020,10-Q,LiabilitiesCurrent,us-gaap,"Liabilities, Current",149326000000.0,usd,-6,instant,,2026-06-27,,2026-06-27,0,,1
AAPL_10Q_20260627,0000320193-26-000020,10-Q,LiabilitiesCurrent,us-gaap,"Liabilities, Current",165631000000.0,usd,-6,instant,,2025-09-27,,2025-09-27,0,,1
AAPL_10Q_20260627,0000320193-26-000020,10-Q,LongTermDebtNoncurrent,us-gaap,"Long-Term Debt, Excluding Current Maturities",71340000000.0,usd,-6,instant,,2026-06-27,,2026-06-27,0,,1
AAPL_10Q_20260627,0000320193-26-000020,10-Q,LongTermDebtNoncurrent,us-gaap,"Long-Term Debt, Excluding Current Maturities",78328000000.0,usd,-6,instant,,2025-09-27,,2025-09-27,0,,1
AAPL_10Q_20260627,0000320193-26-000020,10-Q,OtherLiabilitiesNoncurrent,us-gaap,"Other Liabilities, Noncurrent",55080000000.0,usd,-6,instant,,2026-06-27,,2026-06-27,0,,1
AAPL_10Q_20260627,0000320193-26-000020,10-Q,OtherLiabilitiesNoncurrent,us-gaap,"Other Liabilities, Noncurrent",41549000000.0,usd,-6,instant,,2025-09-27,,2025-09-27,0,,1
AAPL_10Q_20260627,0000320193-26-000020,10-Q,LiabilitiesNoncurrent,us-gaap,"Liabilities, Noncurrent",126420000000.0,usd,-6,instant,,2026-06-27,,2026-06-27,0,,1
AAPL_10Q_20260627,0000320193-26-000020,10-Q,LiabilitiesNoncurrent,us-gaap,"Liabilities, Noncurrent",119877000000.0,usd,-6,instant,,2025-09-27,,2025-09-27,0,,1
AAPL_10Q_20260627,0000320193-26-000020,10-Q,Liabilities,us-gaap,Liabilities,275746000000.0,usd,-6,instant,,2026-06-27,,2026-06-27,0,,1
AAPL_10Q_20260627,0000320193-26-000020,10-Q,Liabilities,us-gaap,Liabilities,285508000000.0,usd,-6,instant,,2025-09-27,,2025-09-27,0,,1
AAPL_10Q_20260627,0000320193-26-000020,10-Q,CommonStockParOrStatedValuePerShare,us-gaap,"Common Stock, Par or Stated Value Per Share",1e-05,usdPerShare,INF,instant,,2026-06-27,,2026-06-27,0,,1
AAPL_10Q_20260627,0000320193-26-000020,10-Q,CommonStockParOrStatedValuePerShare,us-gaap,"Common Stock, Par or Stated Value Per Share",1e-05,usdPerShare,INF,instant,,2025-09-27,,2025-09-27,0,,1
AAPL_10Q_20260627,0000320193-26-000020,10-Q,CommonStockSharesAuthorized,us-gaap,"Common Stock, Shares Authorized",50400000000.0,shares,INF,instant,,2026-06-27,,2026-06-27,0,,1
AAPL_10Q_20260627,0000320193-26-000020,10-Q,CommonStockSharesAuthorized,us-gaap,"Common Stock, Shares Authorized",50400000000.0,shares,INF,instant,,2025-09-27,,2025-09-27,0,,1
AAPL_10Q_20260627,0000320193-26-000020,10-Q,CommonStockSharesIssued,us-gaap,"Common Stock, Shares, Issued",14608963000.0,shares,-3,instant,,2026-06-27,,2026-06-27,0,,1
AAPL_10Q_20260627,0000320193-26-000020,10-Q,CommonStockSharesOutstanding,us-gaap,"Common Stock, Shares, Outstanding",14608963000.0,shares,-3,instant,,2026-06-27,,2026-06-27,0,,1
AAPL_10Q_20260627,0000320193-26-000020,10-Q,CommonStockSharesIssued,us-gaap,"Common Stock, Shares, Issued",14773260000.0,shares,-3,instant,,2025-09-27,,2025-09-27,0,,1
AAPL_10Q_20260627,0000320193-26-000020,10-Q,CommonStockSharesOutstanding,us-gaap,"Common Stock, Shares, Outstanding",14773260000.0,shares,-3,instant,,2025-09-27,,2025-09-27,0,,1
AAPL_10Q_20260627,0000320193-26-000020,10-Q,CommonStocksIncludingAdditionalPaidInCapital,us-gaap,"Common Stocks, Including Additional Paid in Capital",100702000000.0,usd,-6,instant,,2026-06-27,,2026-06-27,0,,1
AAPL_10Q_20260627,0000320193-26-000020,10-Q,CommonStocksIncludingAdditionalPaidInCapital,us-gaap,"Common Stocks, Including Additional Paid in Capital",93568000000.0,usd,-6,instant,,2025-09-27,,2025-09-27,0,,1
AAPL_10Q_20260627,0000320193-26-000020,10-Q,RetainedEarningsAccumulatedDeficit,us-gaap,Retained Earnings (Accumulated Deficit),11326000000.0,usd,-6,instant,,2026-06-27,,2026-06-27,0,,1
AAPL_10Q_20260627,0000320193-26-000020,10-Q,RetainedEarningsAccumulatedDeficit,us-gaap,Retained Earnings (Accumulated Deficit),-14264000000.0,usd,-6,instant,,2025-09-27,,2025-09-27,0,,1
AAPL_10Q_20260627,0000320193-26-000020,10-Q,AccumulatedOtherComprehensiveIncomeLossNetOfTax,us-gaap,"Accumulated Other Comprehensive Income (Loss), Net of Tax",-4508000000.0,usd,-6,instant,,2026-06-27,,2026-06-27,0,,1
AAPL_10Q_20260627,0000320193-26-000020,10-Q,AccumulatedOtherComprehensiveIncomeLossNetOfTax,us-gaap,"Accumulated Other Comprehensive Income (Loss), Net of Tax",-5571000000.0,usd,-6,instant,,2025-09-27,,2025-09-27,0,,1
AAPL_10Q_20260627,0000320193-26-000020,10-Q,StockholdersEquity,us-gaap,"Equity, Attributable to Parent",107520000000.0,usd,-6,instant,,2026-06-27,,2026-06-27,0,,3
AAPL_10Q_20260627,0000320193-26-000020,10-Q,StockholdersEquity,us-gaap,"Equity, Attributable to Parent",73733000000.0,usd,-6,instant,,2025-09-27,,2025-09-27,0,,2
AAPL_10Q_20260627,0000320193-26-000020,10-Q,LiabilitiesAndStockholdersEquity,us-gaap,Liabilities and Equity,383266000000.0,usd,-6,instant,,2026-06-27,,2026-06-27,0,,1
AAPL_10Q_20260627,0000320193-26-000020,10-Q,LiabilitiesAndStockholdersEquity,us-gaap,Liabilities and Equity,359241000000.0,usd,-6,instant,,2025-09-27,,2025-09-27,0,,1
AAPL_10Q_20260627,0000320193-26-000020,10-Q,StockholdersEquity,us-gaap,"Equity, Attributable to Parent",106491000000.0,usd,-6,instant,,2026-03-28,,2026-03-28,0,,1
AAPL_10Q_20260627,0000320193-26-000020,10-Q,StockholdersEquity,us-gaap,"Equity, Attributable to Parent",66796000000.0,usd,-6,instant,,2025-03-29,,2025-03-29,0,,1
AAPL_10Q_20260627,0000320193-26-000020,10-Q,StockholdersEquity,us-gaap,"Equity, Attributable to Parent",56950000000.0,usd,-6,instant,,2024-09-28,,2024-09-28,0,,1
AAPL_10Q_20260627,0000320193-26-000020,10-Q,StockholdersEquity,us-gaap,"Equity, Attributable to Parent",99507000000.0,usd,-6,instant,,2026-03-28,,2026-03-28,1,us-gaap:StatementEquityComponentsAxis=us-gaap:CommonStockIncludingAdditionalPaidInCapitalMember,1
AAPL_10Q_20260627,0000320193-26-000020,10-Q,StockholdersEquity,us-gaap,"Equity, Attributable to Parent",88711000000.0,usd,-6,instant,,2025-03-29,,2025-03-29,1,us-gaap:StatementEquityComponentsAxis=us-gaap:CommonStockIncludingAdditionalPaidInCapitalMember,1
AAPL_10Q_20260627,0000320193-26-000020,10-Q,StockholdersEquity,us-gaap,"Equity, Attributable to Parent",93568000000.0,usd,-6,instant,,2025-09-27,,2025-09-27,1,us-gaap:StatementEquityComponentsAxis=us-gaap:CommonStockIncludingAdditionalPaidInCapitalMember,1
AAPL_10Q_20260627,0000320193-26-000020,10-Q,StockholdersEquity,us-gaap,"Equity, Attributable to Parent",83276000000.0,usd,-6,instant,,2024-09-28,,2024-09-28,1,us-gaap:StatementEquityComponentsAxis=us-gaap:CommonStockIncludingAdditionalPaidInCapitalMember,1
AAPL_10Q_20260627,0000320193-26-000020,10-Q,StockIssuedDuringPeriodValueNewIssues,us-gaap,"Stock Issued During Period, Value, New Issues",0.0,usd,-6,duration,2026-03-29,2026-06-27,3.0,3M ended 2026-06-27,1,us-gaap:StatementEquityComponentsAxis=us-gaap:CommonStockIncludingAdditionalPaidInCapitalMember,1
AAPL_10Q_20260627,0000320193-26-000020,10-Q,StockIssuedDuringPeriodValueNewIssues,us-gaap,"Stock Issued During Period, Value, New Issues",0.0,usd,-6,duration,2025-03-30,2025-06-28,3.0,3M ended 2025-06-28,1,us-gaap:StatementEquityComponentsAxis=us-gaap:CommonStockIncludingAdditionalPaidInCapitalMember,1
AAPL_10Q_20260627,0000320193-26-000020,10-Q,StockIssuedDuringPeriodValueNewIssues,us-gaap,"Stock Issued During Period, Value, New Issues",878000000.0,usd,-6,duration,2025-09-28,2026-06-27,9.0,9M ended 2026-06-27,1,us-gaap:StatementEquityComponentsAxis=us-gaap:CommonStockIncludingAdditionalPaidInCapitalMember,1
AAPL_10Q_20260627,0000320193-26-000020,10-Q,StockIssuedDuringPeriodValueNewIssues,us-gaap,"Stock Issued During Period, Value, New Issues",825000000.0,usd,-6,duration,2024-09-29,2025-06-28,9.0,9M ended 2025-06-28,1,us-gaap:StatementEquityComponentsAxis=us-gaap:CommonStockIncludingAdditionalPaidInCapitalMember,1
AAPL_10Q_20260627,0000320193-26-000020,10-Q,AdjustmentsRelatedToTaxWithholdingForShareBasedCompensation,us-gaap,"Share-Based Payment Arrangement, Decrease for Tax Withholding Obligation",2396000000.0,usd,-6,duration,2026-03-29,2026-06-27,3.0,3M ended 2026-06-27,1,us-gaap:StatementEquityComponentsAxis=us-gaap:CommonStockIncludingAdditionalPaidInCapitalMember,1
AAPL_10Q_20260627,0000320193-26-000020,10-Q,AdjustmentsRelatedToTaxWithholdingForShareBasedCompensation,us-gaap,"Share-Based Payment Arrangement, Decrease for Tax Withholding Obligation",2163000000.0,usd,-6,duration,2025-03-30,2025-06-28,3.0,3M ended 2025-06-28,1,us-gaap:StatementEquityComponentsAxis=us-gaap:CommonStockIncludingAdditionalPaidInCapitalMember,1
AAPL_10Q_20260627,0000320193-26-000020,10-Q,AdjustmentsRelatedToTaxWithholdingForShareBasedCompensation,us-gaap,"Share-Based Payment Arrangement, Decrease for Tax Withholding Obligation",4704000000.0,usd,-6,duration,2025-09-28,2026-06-27,9.0,9M ended 2026-06-27,1,us-gaap:StatementEquityComponentsAxis=us-gaap:CommonStockIncludingAdditionalPaidInCapitalMember,1
AAPL_10Q_20260627,0000320193-26-000020,10-Q,AdjustmentsRelatedToTaxWithholdingForShareBasedCompensation,us-gaap,"Share-Based Payment Arrangement, Decrease for Tax Withholding Obligation",4260000000.0,usd,-6,duration,2024-09-29,2025-06-28,9.0,9M ended 2025-06-28,1,us-gaap:StatementEquityComponentsAxis=us-gaap:CommonStockIncludingAdditionalPaidInCapitalMember,1
AAPL_10Q_20260627,0000320193-26-000020,10-Q,AdjustmentsToAdditionalPaidInCapitalSharebasedCompensationRequisiteServicePeriodRecognitionValue,us-gaap,"APIC, Share-Based Payment Arrangement, Increase for Cost Recognition",3591000000.0,usd,-6,duration,2026-03-29,2026-06-27,3.0,3M ended 2026-06-27,1,us-gaap:StatementEquityComponentsAxis=us-gaap:CommonStockIncludingAdditionalPaidInCapitalMember,1
AAPL_10Q_20260627,0000320193-26-000020,10-Q,AdjustmentsToAdditionalPaidInCapitalSharebasedCompensationRequisiteServicePeriodRecognitionValue,us-gaap,"APIC, Share-Based Payment Arrangement, Increase for Cost Recognition",3258000000.0,usd,-6,duration,2025-03-30,2025-06-28,3.0,3M ended 2025-06-28,1,us-gaap:StatementEquityComponentsAxis=us-gaap:CommonStockIncludingAdditionalPaidInCapitalMember,1
AAPL_10Q_20260627,0000320193-26-000020,10-Q,AdjustmentsToAdditionalPaidInCapitalSharebasedCompensationRequisiteServicePeriodRecognitionValue,us-gaap,"APIC, Share-Based Payment Arrangement, Increase for Cost Recognition",10960000000.0,usd,-6,duration,2025-09-28,2026-06-27,9.0,9M ended 2026-06-27,1,us-gaap:StatementEquityComponentsAxis=us-gaap:CommonStockIncludingAdditionalPaidInCapitalMember,1
AAPL_10Q_20260627,0000320193-26-000020,10-Q,AdjustmentsToAdditionalPaidInCapitalSharebasedCompensationRequisiteServicePeriodRecognitionValue,us-gaap,"APIC, Share-Based Payment Arrangement, Increase for Cost Recognition",9965000000.0,usd,-6,duration,2024-09-29,2025-06-28,9.0,9M ended 2025-06-28,1,us-gaap:StatementEquityComponentsAxis=us-gaap:CommonStockIncludingAdditionalPaidInCapitalMember,1
AAPL_10Q_20260627,0000320193-26-000020,10-Q,StockholdersEquity,us-gaap,"Equity, Attributable to Parent",100702000000.0,usd,-6,instant,,2026-06-27,,2026-06-27,1,us-gaap:StatementEquityComponentsAxis=us-gaap:CommonStockIncludingAdditionalPaidInCapitalMember,2
AAPL_10Q_20260627,0000320193-26-000020,10-Q,StockholdersEquity,us-gaap,"Equity, Attributable to Parent",89806000000.0,usd,-6,instant,,2025-06-28,,2025-06-28,1,us-gaap:StatementEquityComponentsAxis=us-gaap:CommonStockIncludingAdditionalPaidInCapitalMember,2
AAPL_10Q_20260627,0000320193-26-000020,10-Q,StockholdersEquity,us-gaap,"Equity, Attributable to Parent",12359000000.0,usd,-6,instant,,2026-03-28,,2026-03-28,1,us-gaap:StatementEquityComponentsAxis=us-gaap:RetainedEarningsMember,1
AAPL_10Q_20260627,0000320193-26-000020,10-Q,StockholdersEquity,us-gaap,"Equity, Attributable to Parent",-15552000000.0,usd,-6,instant,,2025-03-29,,2025-03-29,1,us-gaap:StatementEquityComponentsAxis=us-gaap:RetainedEarningsMember,1
AAPL_10Q_20260627,0000320193-26-000020,10-Q,StockholdersEquity,us-gaap,"Equity, Attributable to Parent",-14264000000.0,usd,-6,instant,,2025-09-27,,2025-09-27,1,us-gaap:StatementEquityComponentsAxis=us-gaap:RetainedEarningsMember,1
AAPL_10Q_20260627,0000320193-26-000020,10-Q,StockholdersEquity,us-gaap,"Equity, Attributable to Parent",-19154000000.0,usd,-6,instant,,2024-09-28,,2024-09-28,1,us-gaap:StatementEquityComponentsAxis=us-gaap:RetainedEarningsMember,1
AAPL_10Q_20260627,0000320193-26-000020,10-Q,NetIncomeLoss,us-gaap,Net Income (Loss) Attributable to Parent,29789000000.0,usd,-6,duration,2026-03-29,2026-06-27,3.0,3M ended 2026-06-27,1,us-gaap:StatementEquityComponentsAxis=us-gaap:RetainedEarningsMember,1
AAPL_10Q_20260627,0000320193-26-000020,10-Q,NetIncomeLoss,us-gaap,Net Income (Loss) Attributable to Parent,23434000000.0,usd,-6,duration,2025-03-30,2025-06-28,3.0,3M ended 2025-06-28,1,us-gaap:StatementEquityComponentsAxis=us-gaap:RetainedEarningsMember,1
AAPL_10Q_20260627,0000320193-26-000020,10-Q,NetIncomeLoss,us-gaap,Net Income (Loss) Attributable to Parent,101464000000.0,usd,-6,duration,2025-09-28,2026-06-27,9.0,9M ended 2026-06-27,1,us-gaap:StatementEquityComponentsAxis=us-gaap:RetainedEarningsMember,1
AAPL_10Q_20260627,0000320193-26-000020,10-Q,NetIncomeLoss,us-gaap,Net Income (Loss) Attributable to Parent,84544000000.0,usd,-6,duration,2024-09-29,2025-06-28,9.0,9M ended 2025-06-28,1,us-gaap:StatementEquityComponentsAxis=us-gaap:RetainedEarningsMember,1
AAPL_10Q_20260627,0000320193-26-000020,10-Q,Dividends,us-gaap,Dividends,3998000000.0,usd,-6,duration,2026-03-29,2026-06-27,3.0,3M ended 2026-06-27,1,us-gaap:StatementEquityComponentsAxis=us-gaap:RetainedEarningsMember,1
AAPL_10Q_20260627,0000320193-26-000020,10-Q,Dividends,us-gaap,Dividends,3912000000.0,usd,-6,duration,2025-03-30,2025-06-28,3.0,3M ended 2025-06-28,1,us-gaap:StatementEquityComponentsAxis=us-gaap:RetainedEarningsMember,1
AAPL_10Q_20260627,0000320193-26-000020,10-Q,Dividends,us-gaap,Dividends,11733000000.0,usd,-6,duration,2025-09-28,2026-06-27,9.0,9M ended 2026-06-27,1,us-gaap:StatementEquityComponentsAxis=us-gaap:RetainedEarningsMember,1
AAPL_10Q_20260627,0000320193-26-000020,10-Q,Dividends,us-gaap,Dividends,11525000000.0,usd,-6,duration,2024-09-29,2025-06-28,9.0,9M ended 2025-06-28,1,us-gaap:StatementEquityComponentsAxis=us-gaap:RetainedEarningsMember,1
AAPL_10Q_20260627,0000320193-26-000020,10-Q,AdjustmentsRelatedToTaxWithholdingForShareBasedCompensation,us-gaap,"Share-Based Payment Arrangement, Decrease for Tax Withholding Obligation",875000000.0,usd,-6,duration,2026-03-29,2026-06-27,3.0,3M ended 2026-06-27,1,us-gaap:StatementEquityComponentsAxis=us-gaap:RetainedEarningsMember,1
AAPL_10Q_20260627,0000320193-26-000020,10-Q,AdjustmentsRelatedToTaxWithholdingForShareBasedCompensation,us-gaap,"Share-Based Payment Arrangement, Decrease for Tax Withholding Obligation",411000000.0,usd,-6,duration,2025-03-30,2025-06-28,3.0,3M ended 2025-06-28,1,us-gaap:StatementEquityComponentsAxis=us-gaap:RetainedEarningsMember,1
AAPL_10Q_20260627,0000320193-26-000020,10-Q,AdjustmentsRelatedToTaxWithholdingForShareBasedCompensation,us-gaap,"Share-Based Payment Arrangement, Decrease for Tax Withholding Obligation",1899000000.0,usd,-6,duration,2025-09-28,2026-06-27,9.0,9M ended 2026-06-27,1,us-gaap:StatementEquityComponentsAxis=us-gaap:RetainedEarningsMember,1
AAPL_10Q_20260627,0000320193-26-000020,10-Q,AdjustmentsRelatedToTaxWithholdingForShareBasedCompensation,us-gaap,"Share-Based Payment Arrangement, Decrease for Tax Withholding Obligation",1598000000.0,usd,-6,duration,2024-09-29,2025-06-28,9.0,9M ended 2025-06-28,1,us-gaap:StatementEquityComponentsAxis=us-gaap:RetainedEarningsMember,1
AAPL_10Q_20260627,0000320193-26-000020,10-Q,StockRepurchasedAndRetiredDuringPeriodValue,us-gaap,"Stock Repurchased and Retired During Period, Value",25949000000.0,usd,-6,duration,2026-03-29,2026-06-27,3.0,3M ended 2026-06-27,1,us-gaap:StatementEquityComponentsAxis=us-gaap:RetainedEarningsMember,1
AAPL_10Q_20260627,0000320193-26-000020,10-Q,StockRepurchasedAndRetiredDuringPeriodValue,us-gaap,"Stock Repurchased and Retired During Period, Value",21166000000.0,usd,-6,duration,2025-03-30,2025-06-28,3.0,3M ended 2025-06-28,1,us-gaap:StatementEquityComponentsAxis=us-gaap:RetainedEarningsMember,1
AAPL_10Q_20260627,0000320193-26-000020,10-Q,StockRepurchasedAndRetiredDuringPeriodValue,us-gaap,"Stock Repurchased and Retired During Period, Value",62242000000.0,usd,-6,duration,2025-09-28,2026-06-27,9.0,9M ended 2026-06-27,1,us-gaap:StatementEquityComponentsAxis=us-gaap:RetainedEarningsMember,1
AAPL_10Q_20260627,0000320193-26-000020,10-Q,StockRepurchasedAndRetiredDuringPeriodValue,us-gaap,"Stock Repurchased and Retired During Period, Value",69874000000.0,usd,-6,duration,2024-09-29,2025-06-28,9.0,9M ended 2025-06-28,1,us-gaap:StatementEquityComponentsAxis=us-gaap:RetainedEarningsMember,1
AAPL_10Q_20260627,0000320193-26-000020,10-Q,StockholdersEquity,us-gaap,"Equity, Attributable to Parent",11326000000.0,usd,-6,instant,,2026-06-27,,2026-06-27,1,us-gaap:StatementEquityComponentsAxis=us-gaap:RetainedEarningsMember,2
AAPL_10Q_20260627,0000320193-26-000020,10-Q,StockholdersEquity,us-gaap,"Equity, Attributable to Parent",-17607000000.0,usd,-6,instant,,2025-06-28,,2025-06-28,1,us-gaap:StatementEquityComponentsAxis=us-gaap:RetainedEarningsMember,2
AAPL_10Q_20260627,0000320193-26-000020,10-Q,StockholdersEquity,us-gaap,"Equity, Attributable to Parent",-5375000000.0,usd,-6,instant,,2026-03-28,,2026-03-28,1,us-gaap:StatementEquityComponentsAxis=us-gaap:AccumulatedOtherComprehensiveIncomeMember,1
AAPL_10Q_20260627,0000320193-26-000020,10-Q,StockholdersEquity,us-gaap,"Equity, Attributable to Parent",-6363000000.0,usd,-6,instant,,2025-03-29,,2025-03-29,1,us-gaap:StatementEquityComponentsAxis=us-gaap:AccumulatedOtherComprehensiveIncomeMember,1
AAPL_10Q_20260627,0000320193-26-000020,10-Q,StockholdersEquity,us-gaap,"Equity, Attributable to Parent",-5571000000.0,usd,-6,instant,,2025-09-27,,2025-09-27,1,us-gaap:StatementEquityComponentsAxis=us-gaap:AccumulatedOtherComprehensiveIncomeMember,1
AAPL_10Q_20260627,0000320193-26-000020,10-Q,StockholdersEquity,us-gaap,"Equity, Attributable to Parent",-7172000000.0,usd,-6,instant,,2024-09-28,,2024-09-28,1,us-gaap:StatementEquityComponentsAxis=us-gaap:AccumulatedOtherComprehensiveIncomeMember,1
AAPL_10Q_20260627,0000320193-26-000020,10-Q,OtherComprehensiveIncomeLossNetOfTaxPortionAttributableToParent,us-gaap,"Other Comprehensive Income (Loss), Net of Tax, Portion Attributable to Parent",867000000.0,usd,-6,duration,2026-03-29,2026-06-27,3.0,3M ended 2026-06-27,1,us-gaap:StatementEquityComponentsAxis=us-gaap:AccumulatedOtherComprehensiveIncomeMember,1
AAPL_10Q_20260627,0000320193-26-000020,10-Q,OtherComprehensiveIncomeLossNetOfTaxPortionAttributableToParent,us-gaap,"Other Comprehensive Income (Loss), Net of Tax, Portion Attributable to Parent",-6000000.0,usd,-6,duration,2025-03-30,2025-06-28,3.0,3M ended 2025-06-28,1,us-gaap:StatementEquityComponentsAxis=us-gaap:AccumulatedOtherComprehensiveIncomeMember,1
AAPL_10Q_20260627,0000320193-26-000020,10-Q,OtherComprehensiveIncomeLossNetOfTaxPortionAttributableToParent,us-gaap,"Other Comprehensive Income (Loss), Net of Tax, Portion Attributable to Parent",1063000000.0,usd,-6,duration,2025-09-28,2026-06-27,9.0,9M ended 2026-06-27,1,us-gaap:StatementEquityComponentsAxis=us-gaap:AccumulatedOtherComprehensiveIncomeMember,1
AAPL_10Q_20260627,0000320193-26-000020,10-Q,OtherComprehensiveIncomeLossNetOfTaxPortionAttributableToParent,us-gaap,"Other Comprehensive Income (Loss), Net of Tax, Portion Attributable to Parent",803000000.0,usd,-6,duration,2024-09-29,2025-06-28,9.0,9M ended 2025-06-28,1,us-gaap:StatementEquityComponentsAxis=us-gaap:AccumulatedOtherComprehensiveIncomeMember,1
AAPL_10Q_20260627,0000320193-26-000020,10-Q,StockholdersEquity,us-gaap,"Equity, Attributable to Parent",-4508000000.0,usd,-6,instant,,2026-06-27,,2026-06-27,1,us-gaap:StatementEquityComponentsAxis=us-gaap:AccumulatedOtherComprehensiveIncomeMember,2
AAPL_10Q_20260627,0000320193-26-000020,10-Q,StockholdersEquity,us-gaap,"Equity, Attributable to Parent",-6369000000.0,usd,-6,instant,,2025-06-28,,2025-06-28,1,us-gaap:StatementEquityComponentsAxis=us-gaap:AccumulatedOtherComprehensiveIncomeMember,2
AAPL_10Q_20260627,0000320193-26-000020,10-Q,StockholdersEquity,us-gaap,"Equity, Attributable to Parent",65830000000.0,usd,-6,instant,,2025-06-28,,2025-06-28,0,,2
AAPL_10Q_20260627,0000320193-26-000020,10-Q,CommonStockDividendsPerShareDeclared,us-gaap,"Common Stock, Dividends, Per Share, Declared",0.27,usdPerShare,INF,duration,2026-03-29,2026-06-27,3.0,3M ended 2026-06-27,0,,1
AAPL_10Q_20260627,0000320193-26-000020,10-Q,CommonStockDividendsPerShareDeclared,us-gaap,"Common Stock, Dividends, Per Share, Declared",0.26,usdPerShare,INF,duration,2025-03-30,2025-06-28,3.0,3M ended 2025-06-28,0,,1
AAPL_10Q_20260627,0000320193-26-000020,10-Q,CommonStockDividendsPerShareDeclared,us-gaap,"Common Stock, Dividends, Per Share, Declared",0.79,usdPerShare,INF,duration,2025-09-28,2026-06-27,9.0,9M ended 2026-06-27,0,,1
AAPL_10Q_20260627,0000320193-26-000020,10-Q,CommonStockDividendsPerShareDeclared,us-gaap,"Common Stock, Dividends, Per Share, Declared",0.76,usdPerShare,INF,duration,2024-09-29,2025-06-28,9.0,9M ended 2025-06-28,0,,1
AAPL_10Q_20260627,0000320193-26-000020,10-Q,CashCashEquivalentsRestrictedCashAndRestrictedCashEquivalents,us-gaap,"Cash, Cash Equivalent, Restricted Cash, and Restricted Cash Equivalent, Continuing Operation",35934000000.0,usd,-6,instant,,2025-09-27,,2025-09-27,0,,1
AAPL_10Q_20260627,0000320193-26-000020,10-Q,CashCashEquivalentsRestrictedCashAndRestrictedCashEquivalents,us-gaap,"Cash, Cash Equivalent, Restricted Cash, and Restricted Cash Equivalent, Continuing Operation",29943000000.0,usd,-6,instant,,2024-09-28,,2024-09-28,0,,1
AAPL_10Q_20260627,0000320193-26-000020,10-Q,DepreciationDepletionAndAmortization,us-gaap,"Depreciation, Depletion and Amortization",9973000000.0,usd,-6,duration,2025-09-28,2026-06-27,9.0,9M ended 2026-06-27,0,,1
AAPL_10Q_20260627,0000320193-26-000020,10-Q,DepreciationDepletionAndAmortization,us-gaap,"Depreciation, Depletion and Amortization",8571000000.0,usd,-6,duration,2024-09-29,2025-06-28,9.0,9M ended 2025-06-28,0,,1
AAPL_10Q_20260627,0000320193-26-000020,10-Q,ShareBasedCompensation,us-gaap,"Share-Based Payment Arrangement, Noncash Expense",10523000000.0,usd,-6,duration,2025-09-28,2026-06-27,9.0,9M ended 2026-06-27,0,,1
AAPL_10Q_20260627,0000320193-26-000020,10-Q,ShareBasedCompensation,us-gaap,"Share-Based Payment Arrangement, Noncash Expense",9680000000.0,usd,-6,duration,2024-09-29,2025-06-28,9.0,9M ended 2025-06-28,0,,1
AAPL_10Q_20260627,0000320193-26-000020,10-Q,OtherNoncashIncomeExpense,us-gaap,Other Noncash Income (Expense),2037000000.0,usd,-6,duration,2025-09-28,2026-06-27,9.0,9M ended 2026-06-27,0,,1
AAPL_10Q_20260627,0000320193-26-000020,10-Q,OtherNoncashIncomeExpense,us-gaap,Other Noncash Income (Expense),1748000000.0,usd,-6,duration,2024-09-29,2025-06-28,9.0,9M ended 2025-06-28,0,,1
AAPL_10Q_20260627,0000320193-26-000020,10-Q,IncreaseDecreaseInAccountsReceivable,us-gaap,Increase (Decrease) in Accounts Receivable,-8316000000.0,usd,-6,duration,2025-09-28,2026-06-27,9.0,9M ended 2026-06-27,0,,1
AAPL_10Q_20260627,0000320193-26-000020,10-Q,IncreaseDecreaseInAccountsReceivable,us-gaap,Increase (Decrease) in Accounts Receivable,-5685000000.0,usd,-6,duration,2024-09-29,2025-06-28,9.0,9M ended 2025-06-28,0,,1
AAPL_10Q_20260627,0000320193-26-000020,10-Q,IncreaseDecreaseInOtherReceivables,us-gaap,Increase (Decrease) in Other Receivables,-5671000000.0,usd,-6,duration,2025-09-28,2026-06-27,9.0,9M ended 2026-06-27,0,,1
AAPL_10Q_20260627,0000320193-26-000020,10-Q,IncreaseDecreaseInOtherReceivables,us-gaap,Increase (Decrease) in Other Receivables,-13555000000.0,usd,-6,duration,2024-09-29,2025-06-28,9.0,9M ended 2025-06-28,0,,1
AAPL_10Q_20260627,0000320193-26-000020,10-Q,IncreaseDecreaseInInventories,us-gaap,Increase (Decrease) in Inventories,5461000000.0,usd,-6,duration,2025-09-28,2026-06-27,9.0,9M ended 2026-06-27,0,,1
AAPL_10Q_20260627,0000320193-26-000020,10-Q,IncreaseDecreaseInInventories,us-gaap,Increase (Decrease) in Inventories,-1223000000.0,usd,-6,duration,2024-09-29,2025-06-28,9.0,9M ended 2025-06-28,0,,1
AAPL_10Q_20260627,0000320193-26-000020,10-Q,IncreaseDecreaseInOtherOperatingAssets,us-gaap,Increase (Decrease) in Other Operating Assets,16266000000.0,usd,-6,duration,2025-09-28,2026-06-27,9.0,9M ended 2026-06-27,0,,1
AAPL_10Q_20260627,0000320193-26-000020,10-Q,IncreaseDecreaseInOtherOperatingAssets,us-gaap,Increase (Decrease) in Other Operating Assets,6116000000.0,usd,-6,duration,2024-09-29,2025-06-28,9.0,9M ended 2025-06-28,0,,1
AAPL_10Q_20260627,0000320193-26-000020,10-Q,IncreaseDecreaseInAccountsPayable,us-gaap,Increase (Decrease) in Accounts Payable,-5203000000.0,usd,-6,duration,2025-09-28,2026-06-27,9.0,9M ended 2026-06-27,0,,1
AAPL_10Q_20260627,0000320193-26-000020,10-Q,IncreaseDecreaseInAccountsPayable,us-gaap,Increase (Decrease) in Accounts Payable,-18479000000.0,usd,-6,duration,2024-09-29,2025-06-28,9.0,9M ended 2025-06-28,0,,1
AAPL_10Q_20260627,0000320193-26-000020,10-Q,IncreaseDecreaseInOtherOperatingLiabilities,us-gaap,Increase (Decrease) in Other Operating Liabilities,10016000000.0,usd,-6,duration,2025-09-28,2026-06-27,9.0,9M ended 2026-06-27,0,,1
AAPL_10Q_20260627,0000320193-26-000020,10-Q,IncreaseDecreaseInOtherOperatingLiabilities,us-gaap,Increase (Decrease) in Other Operating Liabilities,-15161000000.0,usd,-6,duration,2024-09-29,2025-06-28,9.0,9M ended 2025-06-28,0,,1
AAPL_10Q_20260627,0000320193-26-000020,10-Q,NetCashProvidedByUsedInOperatingActivities,us-gaap,"Cash Provided by (Used in) Operating Activity, Including Discontinued Operation",116996000000.0,usd,-6,duration,2025-09-28,2026-06-27,9.0,9M ended 2026-06-27,0,,1
AAPL_10Q_20260627,0000320193-26-000020,10-Q,NetCashProvidedByUsedInOperatingActivities,us-gaap,"Cash Provided by (Used in) Operating Activity, Including Discontinued Operation",81754000000.0,usd,-6,duration,2024-09-29,2025-06-28,9.0,9M ended 2025-06-28,0,,1
AAPL_10Q_20260627,0000320193-26-000020,10-Q,PaymentsToAcquireAvailableForSaleSecuritiesDebt,us-gaap,"Payments to Acquire Debt Securities, Available-for-Sale",48752000000.0,usd,-6,duration,2025-09-28,2026-06-27,9.0,9M ended 2026-06-27,0,,1
AAPL_10Q_20260627,0000320193-26-000020,10-Q,PaymentsToAcquireAvailableForSaleSecuritiesDebt,us-gaap,"Payments to Acquire Debt Securities, Available-for-Sale",17591000000.0,usd,-6,duration,2024-09-29,2025-06-28,9.0,9M ended 2025-06-28,0,,1
AAPL_10Q_20260627,0000320193-26-000020,10-Q,ProceedsFromMaturitiesPrepaymentsAndCallsOfAvailableForSaleSecurities,us-gaap,"Proceeds from Maturities, Prepayments and Calls of Debt Securities, Available-for-Sale",26504000000.0,usd,-6,duration,2025-09-28,2026-06-27,9.0,9M ended 2026-06-27,0,,1
AAPL_10Q_20260627,0000320193-26-000020,10-Q,ProceedsFromMaturitiesPrepaymentsAndCallsOfAvailableForSaleSecurities,us-gaap,"Proceeds from Maturities, Prepayments and Calls of Debt Securities, Available-for-Sale",35036000000.0,usd,-6,duration,2024-09-29,2025-06-28,9.0,9M ended 2025-06-28,0,,1
AAPL_10Q_20260627,0000320193-26-000020,10-Q,ProceedsFromSaleOfAvailableForSaleSecuritiesDebt,us-gaap,"Proceeds from Sale of Debt Securities, Available-for-Sale",12016000000.0,usd,-6,duration,2025-09-28,2026-06-27,9.0,9M ended 2026-06-27,0,,1
AAPL_10Q_20260627,0000320193-26-000020,10-Q,ProceedsFromSaleOfAvailableForSaleSecuritiesDebt,us-gaap,"Proceeds from Sale of Debt Securities, Available-for-Sale",10785000000.0,usd,-6,duration,2024-09-29,2025-06-28,9.0,9M ended 2025-06-28,0,,1
AAPL_10Q_20260627,0000320193-26-000020,10-Q,PaymentsToAcquirePropertyPlantAndEquipment,us-gaap,"Payments to Acquire Property, Plant, and Equipment",6799000000.0,usd,-6,duration,2025-09-28,2026-06-27,9.0,9M ended 2026-06-27,0,,1
AAPL_10Q_20260627,0000320193-26-000020,10-Q,PaymentsToAcquirePropertyPlantAndEquipment,us-gaap,"Payments to Acquire Property, Plant, and Equipment",9473000000.0,usd,-6,duration,2024-09-29,2025-06-28,9.0,9M ended 2025-06-28,0,,1
AAPL_10Q_20260627,0000320193-26-000020,10-Q,PaymentsForProceedsFromOtherInvestingActivities,us-gaap,Payment for (Proceeds from) Other Investing Activity,1780000000.0,usd,-6,duration,2025-09-28,2026-06-27,9.0,9M ended 2026-06-27,0,,1
AAPL_10Q_20260627,0000320193-26-000020,10-Q,PaymentsForProceedsFromOtherInvestingActivities,us-gaap,Payment for (Proceeds from) Other Investing Activity,975000000.0,usd,-6,duration,2024-09-29,2025-06-28,9.0,9M ended 2025-06-28,0,,1
AAPL_10Q_20260627,0000320193-26-000020,10-Q,NetCashProvidedByUsedInInvestingActivities,us-gaap,"Cash Provided by (Used in) Investing Activity, Including Discontinued Operation",-18811000000.0,usd,-6,duration,2025-09-28,2026-06-27,9.0,9M ended 2026-06-27,0,,1
AAPL_10Q_20260627,0000320193-26-000020,10-Q,NetCashProvidedByUsedInInvestingActivities,us-gaap,"Cash Provided by (Used in) Investing Activity, Including Discontinued Operation",17782000000.0,usd,-6,duration,2024-09-29,2025-06-28,9.0,9M ended 2025-06-28,0,,1
AAPL_10Q_20260627,0000320193-26-000020,10-Q,PaymentsRelatedToTaxWithholdingForShareBasedCompensation,us-gaap,"Payment, Tax Withholding, Share-Based Payment Arrangement",6462000000.0,usd,-6,duration,2025-09-28,2026-06-27,9.0,9M ended 2026-06-27,0,,1
AAPL_10Q_20260627,0000320193-26-000020,10-Q,PaymentsRelatedToTaxWithholdingForShareBasedCompensation,us-gaap,"Payment, Tax Withholding, Share-Based Payment Arrangement",5719000000.0,usd,-6,duration,2024-09-29,2025-06-28,9.0,9M ended 2025-06-28,0,,1
AAPL_10Q_20260627,0000320193-26-000020,10-Q,PaymentsOfDividends,us-gaap,Payments of Dividends,11778000000.0,usd,-6,duration,2025-09-28,2026-06-27,9.0,9M ended 2026-06-27,0,,1
AAPL_10Q_20260627,0000320193-26-000020,10-Q,PaymentsOfDividends,us-gaap,Payments of Dividends,11559000000.0,usd,-6,duration,2024-09-29,2025-06-28,9.0,9M ended 2025-06-28,0,,1
AAPL_10Q_20260627,0000320193-26-000020,10-Q,PaymentsForRepurchaseOfCommonStock,us-gaap,Payments for Repurchase of Common Stock,62094000000.0,usd,-6,duration,2025-09-28,2026-06-27,9.0,9M ended 2026-06-27,0,,1
AAPL_10Q_20260627,0000320193-26-000020,10-Q,PaymentsForRepurchaseOfCommonStock,us-gaap,Payments for Repurchase of Common Stock,70579000000.0,usd,-6,duration,2024-09-29,2025-06-28,9.0,9M ended 2025-06-28,0,,1
AAPL_10Q_20260627,0000320193-26-000020,10-Q,ProceedsFromIssuanceOfLongTermDebt,us-gaap,Proceeds from Issuance of Long-Term Debt,0.0,usd,-6,duration,2025-09-28,2026-06-27,9.0,9M ended 2026-06-27,0,,1
AAPL_10Q_20260627,0000320193-26-000020,10-Q,ProceedsFromIssuanceOfLongTermDebt,us-gaap,Proceeds from Issuance of Long-Term Debt,4481000000.0,usd,-6,duration,2024-09-29,2025-06-28,9.0,9M ended 2025-06-28,0,,1
AAPL_10Q_20260627,0000320193-26-000020,10-Q,RepaymentsOfLongTermDebt,us-gaap,Repayments of Long-Term Debt,8146000000.0,usd,-6,duration,2025-09-28,2026-06-27,9.0,9M ended 2026-06-27,0,,1
AAPL_10Q_20260627,0000320193-26-000020,10-Q,RepaymentsOfLongTermDebt,us-gaap,Repayments of Long-Term Debt,9682000000.0,usd,-6,duration,2024-09-29,2025-06-28,9.0,9M ended 2025-06-28,0,,1
AAPL_10Q_20260627,0000320193-26-000020,10-Q,ProceedsFromRepaymentsOfCommercialPaper,us-gaap,Proceeds from (Repayments of) Commercial Paper,-5911000000.0,usd,-6,duration,2025-09-28,2026-06-27,9.0,9M ended 2026-06-27,0,,2
AAPL_10Q_20260627,0000320193-26-000020,10-Q,ProceedsFromRepaymentsOfCommercialPaper,us-gaap,Proceeds from (Repayments of) Commercial Paper,-65000000.0,usd,-6,duration,2024-09-29,2025-06-28,9.0,9M ended 2025-06-28,0,,2
AAPL_10Q_20260627,0000320193-26-000020,10-Q,ProceedsFromPaymentsForOtherFinancingActivities,us-gaap,Proceeds from (Payment for) Other Financing Activity,-184000000.0,usd,-6,duration,2025-09-28,2026-06-27,9.0,9M ended 2026-06-27,0,,1
AAPL_10Q_20260627,0000320193-26-000020,10-Q,ProceedsFromPaymentsForOtherFinancingActivities,us-gaap,Proceeds from (Payment for) Other Financing Activity,-87000000.0,usd,-6,duration,2024-09-29,2025-06-28,9.0,9M ended 2025-06-28,0,,1
AAPL_10Q_20260627,0000320193-26-000020,10-Q,NetCashProvidedByUsedInFinancingActivities,us-gaap,"Cash Provided by (Used in) Financing Activity, Including Discontinued Operation",-94575000000.0,usd,-6,duration,2025-09-28,2026-06-27,9.0,9M ended 2026-06-27,0,,1
AAPL_10Q_20260627,0000320193-26-000020,10-Q,NetCashProvidedByUsedInFinancingActivities,us-gaap,"Cash Provided by (Used in) Financing Activity, Including Discontinued Operation",-93210000000.0,usd,-6,duration,2024-09-29,2025-06-28,9.0,9M ended 2025-06-28,0,,1
AAPL_10Q_20260627,0000320193-26-000020,10-Q,CashCashEquivalentsRestrictedCashAndRestrictedCashEquivalentsPeriodIncreaseDecreaseIncludingExchangeRateEffect,us-gaap,"Cash, Cash Equivalent, Restricted Cash, and Restricted Cash Equivalent, Period Increase (Decrease), Including Exchange Rate Effect and Discontinued Operation",3610000000.0,usd,-6,duration,2025-09-28,2026-06-27,9.0,9M ended 2026-06-27,0,,1
AAPL_10Q_20260627,0000320193-26-000020,10-Q,CashCashEquivalentsRestrictedCashAndRestrictedCashEquivalentsPeriodIncreaseDecreaseIncludingExchangeRateEffect,us-gaap,"Cash, Cash Equivalent, Restricted Cash, and Restricted Cash Equivalent, Period Increase (Decrease), Including Exchange Rate Effect and Discontinued Operation",6326000000.0,usd,-6,duration,2024-09-29,2025-06-28,9.0,9M ended 2025-06-28,0,,1
AAPL_10Q_20260627,0000320193-26-000020,10-Q,CashCashEquivalentsRestrictedCashAndRestrictedCashEquivalents,us-gaap,"Cash, Cash Equivalent, Restricted Cash, and Restricted Cash Equivalent, Continuing Operation",39544000000.0,usd,-6,instant,,2026-06-27,,2026-06-27,0,,1
AAPL_10Q_20260627,0000320193-26-000020,10-Q,CashCashEquivalentsRestrictedCashAndRestrictedCashEquivalents,us-gaap,"Cash, Cash Equivalent, Restricted Cash, and Restricted Cash Equivalent, Continuing Operation",36269000000.0,usd,-6,instant,,2025-06-28,,2025-06-28,0,,1
AAPL_10Q_20260627,0000320193-26-000020,10-Q,IncomeTaxesPaidNet,us-gaap,"Income Taxes Paid, Net",26555000000.0,usd,-6,duration,2025-09-28,2026-06-27,9.0,9M ended 2026-06-27,0,,1
AAPL_10Q_20260627,0000320193-26-000020,10-Q,IncomeTaxesPaidNet,us-gaap,"Income Taxes Paid, Net",37332000000.0,usd,-6,duration,2024-09-29,2025-06-28,9.0,9M ended 2025-06-28,0,,1
AAPL_10Q_20260627,0000320193-26-000020,10-Q,RevenueFromContractWithCustomerExcludingAssessedTax,us-gaap,"Revenue from Contract with Customer, Excluding Assessed Tax",54252000000.0,usd,-6,duration,2026-03-29,2026-06-27,3.0,3M ended 2026-06-27,1,srt:ProductOrServiceAxis=aapl:IPhoneMember,1
AAPL_10Q_20260627,0000320193-26-000020,10-Q,RevenueFromContractWithCustomerExcludingAssessedTax,us-gaap,"Revenue from Contract with Customer, Excluding Assessed Tax",44582000000.0,usd,-6,duration,2025-03-30,2025-06-28,3.0,3M ended 2025-06-28,1,srt:ProductOrServiceAxis=aapl:IPhoneMember,1
AAPL_10Q_20260627,0000320193-26-000020,10-Q,RevenueFromContractWithCustomerExcludingAssessedTax,us-gaap,"Revenue from Contract with Customer, Excluding Assessed Tax",196515000000.0,usd,-6,duration,2025-09-28,2026-06-27,9.0,9M ended 2026-06-27,1,srt:ProductOrServiceAxis=aapl:IPhoneMember,1
AAPL_10Q_20260627,0000320193-26-000020,10-Q,RevenueFromContractWithCustomerExcludingAssessedTax,us-gaap,"Revenue from Contract with Customer, Excluding Assessed Tax",160561000000.0,usd,-6,duration,2024-09-29,2025-06-28,9.0,9M ended 2025-06-28,1,srt:ProductOrServiceAxis=aapl:IPhoneMember,1
AAPL_10Q_20260627,0000320193-26-000020,10-Q,RevenueFromContractWithCustomerExcludingAssessedTax,us-gaap,"Revenue from Contract with Customer, Excluding Assessed Tax",10352000000.0,usd,-6,duration,2026-03-29,2026-06-27,3.0,3M ended 2026-06-27,1,srt:ProductOrServiceAxis=aapl:MacMember,1
AAPL_10Q_20260627,0000320193-26-000020,10-Q,RevenueFromContractWithCustomerExcludingAssessedTax,us-gaap,"Revenue from Contract with Customer, Excluding Assessed Tax",8046000000.0,usd,-6,duration,2025-03-30,2025-06-28,3.0,3M ended 2025-06-28,1,srt:ProductOrServiceAxis=aapl:MacMember,1
AAPL_10Q_20260627,0000320193-26-000020,10-Q,RevenueFromContractWithCustomerExcludingAssessedTax,us-gaap,"Revenue from Contract with Customer, Excluding Assessed Tax",27137000000.0,usd,-6,duration,2025-09-28,2026-06-27,9.0,9M ended 2026-06-27,1,srt:ProductOrServiceAxis=aapl:MacMember,1
AAPL_10Q_20260627,0000320193-26-000020,10-Q,RevenueFromContractWithCustomerExcludingAssessedTax,us-gaap,"Revenue from Contract with Customer, Excluding Assessed Tax",24982000000.0,usd,-6,duration,2024-09-29,2025-06-28,9.0,9M ended 2025-06-28,1,srt:ProductOrServiceAxis=aapl:MacMember,1
AAPL_10Q_20260627,0000320193-26-000020,10-Q,RevenueFromContractWithCustomerExcludingAssessedTax,us-gaap,"Revenue from Contract with Customer, Excluding Assessed Tax",6191000000.0,usd,-6,duration,2026-03-29,2026-06-27,3.0,3M ended 2026-06-27,1,srt:ProductOrServiceAxis=aapl:IPadMember,1
AAPL_10Q_20260627,0000320193-26-000020,10-Q,RevenueFromContractWithCustomerExcludingAssessedTax,us-gaap,"Revenue from Contract with Customer, Excluding Assessed Tax",6581000000.0,usd,-6,duration,2025-03-30,2025-06-28,3.0,3M ended 2025-06-28,1,srt:ProductOrServiceAxis=aapl:IPadMember,1
AAPL_10Q_20260627,0000320193-26-000020,10-Q,RevenueFromContractWithCustomerExcludingAssessedTax,us-gaap,"Revenue from Contract with Customer, Excluding Assessed Tax",21700000000.0,usd,-6,duration,2025-09-28,2026-06-27,9.0,9M ended 2026-06-27,1,srt:ProductOrServiceAxis=aapl:IPadMember,1
AAPL_10Q_20260627,0000320193-26-000020,10-Q,RevenueFromContractWithCustomerExcludingAssessedTax,us-gaap,"Revenue from Contract with Customer, Excluding Assessed Tax",21071000000.0,usd,-6,duration,2024-09-29,2025-06-28,9.0,9M ended 2025-06-28,1,srt:ProductOrServiceAxis=aapl:IPadMember,1
AAPL_10Q_20260627,0000320193-26-000020,10-Q,RevenueFromContractWithCustomerExcludingAssessedTax,us-gaap,"Revenue from Contract with Customer, Excluding Assessed Tax",7883000000.0,usd,-6,duration,2026-03-29,2026-06-27,3.0,3M ended 2026-06-27,1,srt:ProductOrServiceAxis=aapl:WearablesHomeandAccessoriesMember,1
AAPL_10Q_20260627,0000320193-26-000020,10-Q,RevenueFromContractWithCustomerExcludingAssessedTax,us-gaap,"Revenue from Contract with Customer, Excluding Assessed Tax",7404000000.0,usd,-6,duration,2025-03-30,2025-06-28,3.0,3M ended 2025-06-28,1,srt:ProductOrServiceAxis=aapl:WearablesHomeandAccessoriesMember,1
AAPL_10Q_20260627,0000320193-26-000020,10-Q,RevenueFromContractWithCustomerExcludingAssessedTax,us-gaap,"Revenue from Contract with Customer, Excluding Assessed Tax",27277000000.0,usd,-6,duration,2025-09-28,2026-06-27,9.0,9M ended 2026-06-27,1,srt:ProductOrServiceAxis=aapl:WearablesHomeandAccessoriesMember,1
AAPL_10Q_20260627,0000320193-26-000020,10-Q,RevenueFromContractWithCustomerExcludingAssessedTax,us-gaap,"Revenue from Contract with Customer, Excluding Assessed Tax",26673000000.0,usd,-6,duration,2024-09-29,2025-06-28,9.0,9M ended 2025-06-28,1,srt:ProductOrServiceAxis=aapl:WearablesHomeandAccessoriesMember,1
AAPL_10Q_20260627,0000320193-26-000020,10-Q,ContractWithCustomerLiabilityRevenueRecognized,us-gaap,"Contract with Customer, Liability, Revenue Recognized",4086000000.0,usd,-6,duration,2026-03-29,2026-06-27,3.0,3M ended 2026-06-27,0,,1
AAPL_10Q_20260627,0000320193-26-000020,10-Q,ContractWithCustomerLiabilityRevenueRecognized,us-gaap,"Contract with Customer, Liability, Revenue Recognized",4015000000.0,usd,-6,duration,2025-03-30,2025-06-28,3.0,3M ended 2025-06-28,0,,1
AAPL_10Q_20260627,0000320193-26-000020,10-Q,ContractWithCustomerLiabilityRevenueRecognized,us-gaap,"Contract with Customer, Liability, Revenue Recognized",7260000000.0,usd,-6,duration,2025-09-28,2026-06-27,9.0,9M ended 2026-06-27,0,,1
AAPL_10Q_20260627,0000320193-26-000020,10-Q,ContractWithCustomerLiabilityRevenueRecognized,us-gaap,"Contract with Customer, Liability, Revenue Recognized",6958000000.0,usd,-6,duration,2024-09-29,2025-06-28,9.0,9M ended 2025-06-28,0,,1
AAPL_10Q_20260627,0000320193-26-000020,10-Q,ContractWithCustomerLiability,us-gaap,"Contract with Customer, Liability",14900000000.0,usd,-8,instant,,2026-06-27,,2026-06-27,0,,1
AAPL_10Q_20260627,0000320193-26-000020,10-Q,ContractWithCustomerLiability,us-gaap,"Contract with Customer, Liability",13700000000.0,usd,-8,instant,,2025-09-27,,2025-09-27,0,,1
AAPL_10Q_20260627,0000320193-26-000020,10-Q,RevenueRemainingPerformanceObligationPercentage,us-gaap,"Revenue, Remaining Performance Obligation, Percentage",0.64,number,2,instant,,2026-06-27,,2026-06-27,1,us-gaap:RevenueRemainingPerformanceObligationExpectedTimingOfSatisfactionStartDateAxis=2026-06-28,1
AAPL_10Q_20260627,0000320193-26-000020,10-Q,RevenueRemainingPerformanceObligationPercentage,us-gaap,"Revenue, Remaining Performance Obligation, Percentage",0.23,number,2,instant,,2026-06-27,,2026-06-27,1,us-gaap:RevenueRemainingPerformanceObligationExpectedTimingOfSatisfactionStartDateAxis=2027-06-27,1
AAPL_10Q_20260627,0000320193-26-000020,10-Q,RevenueRemainingPerformanceObligationPercentage,us-gaap,"Revenue, Remaining Performance Obligation, Percentage",0.11,number,2,instant,,2026-06-27,,2026-06-27,1,us-gaap:RevenueRemainingPerformanceObligationExpectedTimingOfSatisfactionStartDateAxis=2028-07-02,1
AAPL_10Q_20260627,0000320193-26-000020,10-Q,RevenueRemainingPerformanceObligationPercentage,us-gaap,"Revenue, Remaining Performance Obligation, Percentage",0.02,number,2,instant,,2026-06-27,,2026-06-27,1,us-gaap:RevenueRemainingPerformanceObligationExpectedTimingOfSatisfactionStartDateAxis=2029-07-01,1
AAPL_10Q_20260627,0000320193-26-000020,10-Q,IncrementalCommonSharesAttributableToShareBasedPaymentArrangements,us-gaap,Incremental Common Shares Attributable to Dilutive Effect of Share-Based Payment Arrangements,58566000.0,shares,-3,duration,2026-03-29,2026-06-27,3.0,3M ended 2026-06-27,0,,1
AAPL_10Q_20260627,0000320193-26-000020,10-Q,IncrementalCommonSharesAttributableToShareBasedPaymentArrangements,us-gaap,Incremental Common Shares Attributable to Dilutive Effect of Share-Based Payment Arrangements,45293000.0,shares,-3,duration,2025-03-30,2025-06-28,3.0,3M ended 2025-06-28,0,,1
AAPL_10Q_20260627,0000320193-26-000020,10-Q,IncrementalCommonSharesAttributableToShareBasedPaymentArrangements,us-gaap,Incremental Common Shares Attributable to Dilutive Effect of Share-Based Payment Arrangements,57787000.0,shares,-3,duration,2025-09-28,2026-06-27,9.0,9M ended 2026-06-27,0,,1
AAPL_10Q_20260627,0000320193-26-000020,10-Q,IncrementalCommonSharesAttributableToShareBasedPaymentArrangements,us-gaap,Incremental Common Shares Attributable to Dilutive Effect of Share-Based Payment Arrangements,58828000.0,shares,-3,duration,2024-09-29,2025-06-28,9.0,9M ended 2025-06-28,0,,1
AAPL_10Q_20260627,0000320193-26-000020,10-Q,Cash,us-gaap,Cash,26777000000.0,usd,-6,instant,,2026-06-27,,2026-06-27,1,us-gaap:FinancialInstrumentAxis=us-gaap:CashMember,2
AAPL_10Q_20260627,0000320193-26-000020,10-Q,CashAndCashEquivalentsAtCarryingValue,us-gaap,Cash and Cash Equivalent,26777000000.0,usd,-6,instant,,2026-06-27,,2026-06-27,1,us-gaap:FinancialInstrumentAxis=us-gaap:CashMember,1
AAPL_10Q_20260627,0000320193-26-000020,10-Q,EquitySecuritiesFvNiCost,us-gaap,"Equity Securities, FV-NI, Cost",7840000000.0,usd,-6,instant,,2026-06-27,,2026-06-27,2,us-gaap:FairValueByFairValueHierarchyLevelAxis=us-gaap:FairValueInputsLevel1Member;us-gaap:FinancialInstrumentAxis=us-gaap:MoneyMarketFundsMember,1
AAPL_10Q_20260627,0000320193-26-000020,10-Q,EquitySecuritiesFVNIAccumulatedGrossUnrealizedGainBeforeTax,aapl,"Equity Securities, FV-NI, Accumulated Gross Unrealized Gain, before Tax",0.0,usd,-6,instant,,2026-06-27,,2026-06-27,2,us-gaap:FairValueByFairValueHierarchyLevelAxis=us-gaap:FairValueInputsLevel1Member;us-gaap:FinancialInstrumentAxis=us-gaap:MoneyMarketFundsMember,1
AAPL_10Q_20260627,0000320193-26-000020,10-Q,EquitySecuritiesFVNIAccumulatedGrossUnrealizedLossBeforeTax,aapl,"Equity Securities, FV-NI, Accumulated Gross Unrealized Loss, before Tax",0.0,usd,-6,instant,,2026-06-27,,2026-06-27,2,us-gaap:FairValueByFairValueHierarchyLevelAxis=us-gaap:FairValueInputsLevel1Member;us-gaap:FinancialInstrumentAxis=us-gaap:MoneyMarketFundsMember,1
AAPL_10Q_20260627,0000320193-26-000020,10-Q,EquitySecuritiesFvNiCurrentAndNoncurrent,us-gaap,"Equity Securities, FV-NI",7840000000.0,usd,-6,instant,,2026-06-27,,2026-06-27,2,us-gaap:FairValueByFairValueHierarchyLevelAxis=us-gaap:FairValueInputsLevel1Member;us-gaap:FinancialInstrumentAxis=us-gaap:MoneyMarketFundsMember,1
AAPL_10Q_20260627,0000320193-26-000020,10-Q,CashAndCashEquivalentsAtCarryingValue,us-gaap,Cash and Cash Equivalent,7840000000.0,usd,-6,instant,,2026-06-27,,2026-06-27,2,us-gaap:FairValueByFairValueHierarchyLevelAxis=us-gaap:FairValueInputsLevel1Member;us-gaap:FinancialInstrumentAxis=us-gaap:MoneyMarketFundsMember,1
AAPL_10Q_20260627,0000320193-26-000020,10-Q,MarketableSecuritiesCurrent,us-gaap,"Marketable Securities, Current",0.0,usd,-6,instant,,2026-06-27,,2026-06-27,2,us-gaap:FairValueByFairValueHierarchyLevelAxis=us-gaap:FairValueInputsLevel1Member;us-gaap:FinancialInstrumentAxis=us-gaap:MoneyMarketFundsMember,1
AAPL_10Q_20260627,0000320193-26-000020,10-Q,MarketableSecuritiesNoncurrent,us-gaap,"Marketable Securities, Noncurrent",0.0,usd,-6,instant,,2026-06-27,,2026-06-27,2,us-gaap:FairValueByFairValueHierarchyLevelAxis=us-gaap:FairValueInputsLevel1Member;us-gaap:FinancialInstrumentAxis=us-gaap:MoneyMarketFundsMember,1
AAPL_10Q_20260627,0000320193-26-000020,10-Q,EquitySecuritiesFvNiCost,us-gaap,"Equity Securities, FV-NI, Cost",873000000.0,usd,-6,instant,,2026-06-27,,2026-06-27,2,us-gaap:FairValueByFairValueHierarchyLevelAxis=us-gaap:FairValueInputsLevel1Member;us-gaap:FinancialInstrumentAxis=us-gaap:MutualFundMember,1
AAPL_10Q_20260627,0000320193-26-000020,10-Q,EquitySecuritiesFVNIAccumulatedGrossUnrealizedGainBeforeTax,aapl,"Equity Securities, FV-NI, Accumulated Gross Unrealized Gain, before Tax",222000000.0,usd,-6,instant,,2026-06-27,,2026-06-27,2,us-gaap:FairValueByFairValueHierarchyLevelAxis=us-gaap:FairValueInputsLevel1Member;us-gaap:FinancialInstrumentAxis=us-gaap:MutualFundMember,1
AAPL_10Q_20260627,0000320193-26-000020,10-Q,EquitySecuritiesFVNIAccumulatedGrossUnrealizedLossBeforeTax,aapl,"Equity Securities, FV-NI, Accumulated Gross Unrealized Loss, before Tax",1000000.0,usd,-6,instant,,2026-06-27,,2026-06-27,2,us-gaap:FairValueByFairValueHierarchyLevelAxis=us-gaap:FairValueInputsLevel1Member;us-gaap:FinancialInstrumentAxis=us-gaap:MutualFundMember,1
AAPL_10Q_20260627,0000320193-26-000020,10-Q,EquitySecuritiesFvNiCurrentAndNoncurrent,us-gaap,"Equity Securities, FV-NI",1094000000.0,usd,-6,instant,,2026-06-27,,2026-06-27,2,us-gaap:FairValueByFairValueHierarchyLevelAxis=us-gaap:FairValueInputsLevel1Member;us-gaap:FinancialInstrumentAxis=us-gaap:MutualFundMember,1
AAPL_10Q_20260627,0000320193-26-000020,10-Q,CashAndCashEquivalentsAtCarryingValue,us-gaap,Cash and Cash Equivalent,0.0,usd,-6,instant,,2026-06-27,,2026-06-27,2,us-gaap:FairValueByFairValueHierarchyLevelAxis=us-gaap:FairValueInputsLevel1Member;us-gaap:FinancialInstrumentAxis=us-gaap:MutualFundMember,1
AAPL_10Q_20260627,0000320193-26-000020,10-Q,MarketableSecuritiesCurrent,us-gaap,"Marketable Securities, Current",1094000000.0,usd,-6,instant,,2026-06-27,,2026-06-27,2,us-gaap:FairValueByFairValueHierarchyLevelAxis=us-gaap:FairValueInputsLevel1Member;us-gaap:FinancialInstrumentAxis=us-gaap:MutualFundMember,1
AAPL_10Q_20260627,0000320193-26-000020,10-Q,MarketableSecuritiesNoncurrent,us-gaap,"Marketable Securities, Noncurrent",0.0,usd,-6,instant,,2026-06-27,,2026-06-27,2,us-gaap:FairValueByFairValueHierarchyLevelAxis=us-gaap:FairValueInputsLevel1Member;us-gaap:FinancialInstrumentAxis=us-gaap:MutualFundMember,1
AAPL_10Q_20260627,0000320193-26-000020,10-Q,EquitySecuritiesFvNiCost,us-gaap,"Equity Securities, FV-NI, Cost",8713000000.0,usd,-6,instant,,2026-06-27,,2026-06-27,1,us-gaap:FairValueByFairValueHierarchyLevelAxis=us-gaap:FairValueInputsLevel1Member,1
AAPL_10Q_20260627,0000320193-26-000020,10-Q,EquitySecuritiesFVNIAccumulatedGrossUnrealizedGainBeforeTax,aapl,"Equity Securities, FV-NI, Accumulated Gross Unrealized Gain, before Tax",222000000.0,usd,-6,instant,,2026-06-27,,2026-06-27,1,us-gaap:FairValueByFairValueHierarchyLevelAxis=us-gaap:FairValueInputsLevel1Member,1
AAPL_10Q_20260627,0000320193-26-000020,10-Q,EquitySecuritiesFVNIAccumulatedGrossUnrealizedLossBeforeTax,aapl,"Equity Securities, FV-NI, Accumulated Gross Unrealized Loss, before Tax",1000000.0,usd,-6,instant,,2026-06-27,,2026-06-27,1,us-gaap:FairValueByFairValueHierarchyLevelAxis=us-gaap:FairValueInputsLevel1Member,1
AAPL_10Q_20260627,0000320193-26-000020,10-Q,EquitySecuritiesFvNiCurrentAndNoncurrent,us-gaap,"Equity Securities, FV-NI",8934000000.0,usd,-6,instant,,2026-06-27,,2026-06-27,1,us-gaap:FairValueByFairValueHierarchyLevelAxis=us-gaap:FairValueInputsLevel1Member,1
AAPL_10Q_20260627,0000320193-26-000020,10-Q,CashAndCashEquivalentsAtCarryingValue,us-gaap,Cash and Cash Equivalent,7840000000.0,usd,-6,instant,,2026-06-27,,2026-06-27,1,us-gaap:FairValueByFairValueHierarchyLevelAxis=us-gaap:FairValueInputsLevel1Member,1
AAPL_10Q_20260627,0000320193-26-000020,10-Q,MarketableSecuritiesCurrent,us-gaap,"Marketable Securities, Current",1094000000.0,usd,-6,instant,,2026-06-27,,2026-06-27,1,us-gaap:FairValueByFairValueHierarchyLevelAxis=us-gaap:FairValueInputsLevel1Member,1
AAPL_10Q_20260627,0000320193-26-000020,10-Q,MarketableSecuritiesNoncurrent,us-gaap,"Marketable Securities, Noncurrent",0.0,usd,-6,instant,,2026-06-27,,2026-06-27,1,us-gaap:FairValueByFairValueHierarchyLevelAxis=us-gaap:FairValueInputsLevel1Member,1
AAPL_10Q_20260627,0000320193-26-000020,10-Q,AvailableForSaleDebtSecuritiesAmortizedCostBasis,us-gaap,"Debt Securities, Available-for-Sale, Amortized Cost",20398000000.0,usd,-6,instant,,2026-06-27,,2026-06-27,2,us-gaap:FairValueByFairValueHierarchyLevelAxis=us-gaap:FairValueInputsLevel2Member;us-gaap:FinancialInstrumentAxis=us-gaap:USTreasurySecuritiesMember,1
AAPL_10Q_20260627,0000320193-26-000020,10-Q,AvailableForSaleDebtSecuritiesAccumulatedGrossUnrealizedGainBeforeTax,us-gaap,"Debt Securities, Available-for-Sale, Accumulated Gross Unrealized Gain, before Tax",11000000.0,usd,-6,instant,,2026-06-27,,2026-06-27,2,us-gaap:FairValueByFairValueHierarchyLevelAxis=us-gaap:FairValueInputsLevel2Member;us-gaap:FinancialInstrumentAxis=us-gaap:USTreasurySecuritiesMember,1
AAPL_10Q_20260627,0000320193-26-000020,10-Q,AvailableForSaleDebtSecuritiesAccumulatedGrossUnrealizedLossBeforeTax,us-gaap,"Debt Securities, Available-for-Sale, Accumulated Gross Unrealized Loss, before Tax",253000000.0,usd,-6,instant,,2026-06-27,,2026-06-27,2,us-gaap:FairValueByFairValueHierarchyLevelAxis=us-gaap:FairValueInputsLevel2Member;us-gaap:FinancialInstrumentAxis=us-gaap:USTreasurySecuritiesMember,1
AAPL_10Q_20260627,0000320193-26-000020,10-Q,AvailableForSaleSecuritiesDebtSecurities,us-gaap,"Debt Securities, Available-for-Sale",20156000000.0,usd,-6,instant,,2026-06-27,,2026-06-27,2,us-gaap:FairValueByFairValueHierarchyLevelAxis=us-gaap:FairValueInputsLevel2Member;us-gaap:FinancialInstrumentAxis=us-gaap:USTreasurySecuritiesMember,1
AAPL_10Q_20260627,0000320193-26-000020,10-Q,CashAndCashEquivalentsAtCarryingValue,us-gaap,Cash and Cash Equivalent,735000000.0,usd,-6,instant,,2026-06-27,,2026-06-27,2,us-gaap:FairValueByFairValueHierarchyLevelAxis=us-gaap:FairValueInputsLevel2Member;us-gaap:FinancialInstrumentAxis=us-gaap:USTreasurySecuritiesMember,1
AAPL_10Q_20260627,0000320193-26-000020,10-Q,MarketableSecuritiesCurrent,us-gaap,"Marketable Securities, Current",4034000000.0,usd,-6,instant,,2026-06-27,,2026-06-27,2,us-gaap:FairValueByFairValueHierarchyLevelAxis=us-gaap:FairValueInputsLevel2Member;us-gaap:FinancialInstrumentAxis=us-gaap:USTreasurySecuritiesMember,1
AAPL_10Q_20260627,0000320193-26-000020,10-Q,MarketableSecuritiesNoncurrent,us-gaap,"Marketable Securities, Noncurrent",15387000000.0,usd,-6,instant,,2026-06-27,,2026-06-27,2,us-gaap:FairValueByFairValueHierarchyLevelAxis=us-gaap:FairValueInputsLevel2Member;us-gaap:FinancialInstrumentAxis=us-gaap:USTreasurySecuritiesMember,1
AAPL_10Q_20260627,0000320193-26-000020,10-Q,AvailableForSaleDebtSecuritiesAmortizedCostBasis,us-gaap,"Debt Securities, Available-for-Sale, Amortized Cost",6176000000.0,usd,-6,instant,,2026-06-27,,2026-06-27,2,us-gaap:FairValueByFairValueHierarchyLevelAxis=us-gaap:FairValueInputsLevel2Member;us-gaap:FinancialInstrumentAxis=us-gaap:USGovernmentAgenciesDebtSecuritiesMember,1
AAPL_10Q_20260627,0000320193-26-000020,10-Q,AvailableForSaleDebtSecuritiesAccumulatedGrossUnrealizedGainBeforeTax,us-gaap,"Debt Securities, Available-for-Sale, Accumulated Gross Unrealized Gain, before Tax",0.0,usd,-6,instant,,2026-06-27,,2026-06-27,2,us-gaap:FairValueByFairValueHierarchyLevelAxis=us-gaap:FairValueInputsLevel2Member;us-gaap:FinancialInstrumentAxis=us-gaap:USGovernmentAgenciesDebtSecuritiesMember,1
AAPL_10Q_20260627,0000320193-26-000020,10-Q,AvailableForSaleDebtSecuritiesAccumulatedGrossUnrealizedLossBeforeTax,us-gaap,"Debt Securities, Available-for-Sale, Accumulated Gross Unrealized Loss, before Tax",100000000.0,usd,-6,instant,,2026-06-27,,2026-06-27,2,us-gaap:FairValueByFairValueHierarchyLevelAxis=us-gaap:FairValueInputsLevel2Member;us-gaap:FinancialInstrumentAxis=us-gaap:USGovernmentAgenciesDebtSecuritiesMember,1
AAPL_10Q_20260627,0000320193-26-000020,10-Q,AvailableForSaleSecuritiesDebtSecurities,us-gaap,"Debt Securities, Available-for-Sale",6076000000.0,usd,-6,instant,,2026-06-27,,2026-06-27,2,us-gaap:FairValueByFairValueHierarchyLevelAxis=us-gaap:FairValueInputsLevel2Member;us-gaap:FinancialInstrumentAxis=us-gaap:USGovernmentAgenciesDebtSecuritiesMember,1
AAPL_10Q_20260627,0000320193-26-000020,10-Q,CashAndCashEquivalentsAtCarryingValue,us-gaap,Cash and Cash Equivalent,988000000.0,usd,-6,instant,,2026-06-27,,2026-06-27,2,us-gaap:FairValueByFairValueHierarchyLevelAxis=us-gaap:FairValueInputsLevel2Member;us-gaap:FinancialInstrumentAxis=us-gaap:USGovernmentAgenciesDebtSecuritiesMember,1
AAPL_10Q_20260627,0000320193-26-000020,10-Q,MarketableSecuritiesCurrent,us-gaap,"Marketable Securities, Current",2898000000.0,usd,-6,instant,,2026-06-27,,2026-06-27,2,us-gaap:FairValueByFairValueHierarchyLevelAxis=us-gaap:FairValueInputsLevel2Member;us-gaap:FinancialInstrumentAxis=us-gaap:USGovernmentAgenciesDebtSecuritiesMember,1
AAPL_10Q_20260627,0000320193-26-000020,10-Q,MarketableSecuritiesNoncurrent,us-gaap,"Marketable Securities, Noncurrent",2190000000.0,usd,-6,instant,,2026-06-27,,2026-06-27,2,us-gaap:FairValueByFairValueHierarchyLevelAxis=us-gaap:FairValueInputsLevel2Member;us-gaap:FinancialInstrumentAxis=us-gaap:USGovernmentAgenciesDebtSecuritiesMember,1
AAPL_10Q_20260627,0000320193-26-000020,10-Q,AvailableForSaleDebtSecuritiesAmortizedCostBasis,us-gaap,"Debt Securities, Available-for-Sale, Amortized Cost",5207000000.0,usd,-6,instant,,2026-06-27,,2026-06-27,2,us-gaap:FairValueByFairValueHierarchyLevelAxis=us-gaap:FairValueInputsLevel2Member;us-gaap:FinancialInstrumentAxis=us-gaap:ForeignGovernmentDebtSecuritiesMember,1
AAPL_10Q_20260627,0000320193-26-000020,10-Q,AvailableForSaleDebtSecuritiesAccumulatedGrossUnrealizedGainBeforeTax,us-gaap,"Debt Securities, Available-for-Sale, Accumulated Gross Unrealized Gain, before Tax",71000000.0,usd,-6,instant,,2026-06-27,,2026-06-27,2,us-gaap:FairValueByFairValueHierarchyLevelAxis=us-gaap:FairValueInputsLevel2Member;us-gaap:FinancialInstrumentAxis=us-gaap:ForeignGovernmentDebtSecuritiesMember,1
AAPL_10Q_20260627,0000320193-26-000020,10-Q,AvailableForSaleDebtSecuritiesAccumulatedGrossUnrealizedLossBeforeTax,us-gaap,"Debt Securities, Available-for-Sale, Accumulated Gross Unrealized Loss, before Tax",349000000.0,usd,-6,instant,,2026-06-27,,2026-06-27,2,us-gaap:FairValueByFairValueHierarchyLevelAxis=us-gaap:FairValueInputsLevel2Member;us-gaap:FinancialInstrumentAxis=us-gaap:ForeignGovernmentDebtSecuritiesMember,1
AAPL_10Q_20260627,0000320193-26-000020,10-Q,AvailableForSaleSecuritiesDebtSecurities,us-gaap,"Debt Securities, Available-for-Sale",4929000000.0,usd,-6,instant,,2026-06-27,,2026-06-27,2,us-gaap:FairValueByFairValueHierarchyLevelAxis=us-gaap:FairValueInputsLevel2Member;us-gaap:FinancialInstrumentAxis=us-gaap:ForeignGovernmentDebtSecuritiesMember,1
AAPL_10Q_20260627,0000320193-26-000020,10-Q,CashAndCashEquivalentsAtCarryingValue,us-gaap,Cash and Cash Equivalent,0.0,usd,-6,instant,,2026-06-27,,2026-06-27,2,us-gaap:FairValueByFairValueHierarchyLevelAxis=us-gaap:FairValueInputsLevel2Member;us-gaap:FinancialInstrumentAxis=us-gaap:ForeignGovernmentDebtSecuritiesMember,1
AAPL_10Q_20260627,0000320193-26-000020,10-Q,MarketableSecuritiesCurrent,us-gaap,"Marketable Securities, Current",299000000.0,usd,-6,instant,,2026-06-27,,2026-06-27,2,us-gaap:FairValueByFairValueHierarchyLevelAxis=us-gaap:FairValueInputsLevel2Member;us-gaap:FinancialInstrumentAxis=us-gaap:ForeignGovernmentDebtSecuritiesMember,1
AAPL_10Q_20260627,0000320193-26-000020,10-Q,MarketableSecuritiesNoncurrent,us-gaap,"Marketable Securities, Noncurrent",4630000000.0,usd,-6,instant,,2026-06-27,,2026-06-27,2,us-gaap:FairValueByFairValueHierarchyLevelAxis=us-gaap:FairValueInputsLevel2Member;us-gaap:FinancialInstrumentAxis=us-gaap:ForeignGovernmentDebtSecuritiesMember,1
AAPL_10Q_20260627,0000320193-26-000020,10-Q,AvailableForSaleDebtSecuritiesAmortizedCostBasis,us-gaap,"Debt Securities, Available-for-Sale, Amortized Cost",3025000000.0,usd,-6,instant,,2026-06-27,,2026-06-27,2,us-gaap:FairValueByFairValueHierarchyLevelAxis=us-gaap:FairValueInputsLevel2Member;us-gaap:FinancialInstrumentAxis=us-gaap:BankTimeDepositsMember,1
AAPL_10Q_20260627,0000320193-26-000020,10-Q,AvailableForSaleDebtSecuritiesAccumulatedGrossUnrealizedGainBeforeTax,us-gaap,"Debt Securities, Available-for-Sale, Accumulated Gross Unrealized Gain, before Tax",0.0,usd,-6,instant,,2026-06-27,,2026-06-27,2,us-gaap:FairValueByFairValueHierarchyLevelAxis=us-gaap:FairValueInputsLevel2Member;us-gaap:FinancialInstrumentAxis=us-gaap:BankTimeDepositsMember,1
AAPL_10Q_20260627,0000320193-26-000020,10-Q,AvailableForSaleDebtSecuritiesAccumulatedGrossUnrealizedLossBeforeTax,us-gaap,"Debt Securities, Available-for-Sale, Accumulated Gross Unrealized Loss, before Tax",0.0,usd,-6,instant,,2026-06-27,,2026-06-27,2,us-gaap:FairValueByFairValueHierarchyLevelAxis=us-gaap:FairValueInputsLevel2Member;us-gaap:FinancialInstrumentAxis=us-gaap:BankTimeDepositsMember,1
AAPL_10Q_20260627,0000320193-26-000020,10-Q,AvailableForSaleSecuritiesDebtSecurities,us-gaap,"Debt Securities, Available-for-Sale",3025000000.0,usd,-6,instant,,2026-06-27,,2026-06-27,2,us-gaap:FairValueByFairValueHierarchyLevelAxis=us-gaap:FairValueInputsLevel2Member;us-gaap:FinancialInstrumentAxis=us-gaap:BankTimeDepositsMember,1
AAPL_10Q_20260627,0000320193-26-000020,10-Q,CashAndCashEquivalentsAtCarryingValue,us-gaap,Cash and Cash Equivalent,2521000000.0,usd,-6,instant,,2026-06-27,,2026-06-27,2,us-gaap:FairValueByFairValueHierarchyLevelAxis=us-gaap:FairValueInputsLevel2Member;us-gaap:FinancialInstrumentAxis=us-gaap:BankTimeDepositsMember,1
AAPL_10Q_20260627,0000320193-26-000020,10-Q,MarketableSecuritiesCurrent,us-gaap,"Marketable Securities, Current",504000000.0,usd,-6,instant,,2026-06-27,,2026-06-27,2,us-gaap:FairValueByFairValueHierarchyLevelAxis=us-gaap:FairValueInputsLevel2Member;us-gaap:FinancialInstrumentAxis=us-gaap:BankTimeDepositsMember,1
AAPL_10Q_20260627,0000320193-26-000020,10-Q,MarketableSecuritiesNoncurrent,us-gaap,"Marketable Securities, Noncurrent",0.0,usd,-6,instant,,2026-06-27,,2026-06-27,2,us-gaap:FairValueByFairValueHierarchyLevelAxis=us-gaap:FairValueInputsLevel2Member;us-gaap:FinancialInstrumentAxis=us-gaap:BankTimeDepositsMember,1
AAPL_10Q_20260627,0000320193-26-000020,10-Q,AvailableForSaleDebtSecuritiesAmortizedCostBasis,us-gaap,"Debt Securities, Available-for-Sale, Amortized Cost",3828000000.0,usd,-6,instant,,2026-06-27,,2026-06-27,2,us-gaap:FairValueByFairValueHierarchyLevelAxis=us-gaap:FairValueInputsLevel2Member;us-gaap:FinancialInstrumentAxis=us-gaap:CommercialPaperMember,1
AAPL_10Q_20260627,0000320193-26-000020,10-Q,AvailableForSaleDebtSecuritiesAccumulatedGrossUnrealizedGainBeforeTax,us-gaap,"Debt Securities, Available-for-Sale, Accumulated Gross Unrealized Gain, before Tax",0.0,usd,-6,instant,,2026-06-27,,2026-06-27,2,us-gaap:FairValueByFairValueHierarchyLevelAxis=us-gaap:FairValueInputsLevel2Member;us-gaap:FinancialInstrumentAxis=us-gaap:CommercialPaperMember,1
AAPL_10Q_20260627,0000320193-26-000020,10-Q,AvailableForSaleDebtSecuritiesAccumulatedGrossUnrealizedLossBeforeTax,us-gaap,"Debt Securities, Available-for-Sale, Accumulated Gross Unrealized Loss, before Tax",0.0,usd,-6,instant,,2026-06-27,,2026-06-27,2,us-gaap:FairValueByFairValueHierarchyLevelAxis=us-gaap:FairValueInputsLevel2Member;us-gaap:FinancialInstrumentAxis=us-gaap:CommercialPaperMember,1
AAPL_10Q_20260627,0000320193-26-000020,10-Q,AvailableForSaleSecuritiesDebtSecurities,us-gaap,"Debt Securities, Available-for-Sale",3828000000.0,usd,-6,instant,,2026-06-27,,2026-06-27,2,us-gaap:FairValueByFairValueHierarchyLevelAxis=us-gaap:FairValueInputsLevel2Member;us-gaap:FinancialInstrumentAxis=us-gaap:CommercialPaperMember,1
AAPL_10Q_20260627,0000320193-26-000020,10-Q,CashAndCashEquivalentsAtCarryingValue,us-gaap,Cash and Cash Equivalent,683000000.0,usd,-6,instant,,2026-06-27,,2026-06-27,2,us-gaap:FairValueByFairValueHierarchyLevelAxis=us-gaap:FairValueInputsLevel2Member;us-gaap:FinancialInstrumentAxis=us-gaap:CommercialPaperMember,1
AAPL_10Q_20260627,0000320193-26-000020,10-Q,MarketableSecuritiesCurrent,us-gaap,"Marketable Securities, Current",3145000000.0,usd,-6,instant,,2026-06-27,,2026-06-27,2,us-gaap:FairValueByFairValueHierarchyLevelAxis=us-gaap:FairValueInputsLevel2Member;us-gaap:FinancialInstrumentAxis=us-gaap:CommercialPaperMember,1
AAPL_10Q_20260627,0000320193-26-000020,10-Q,MarketableSecuritiesNoncurrent,us-gaap,"Marketable Securities, Noncurrent",0.0,usd,-6,instant,,2026-06-27,,2026-06-27,2,us-gaap:FairValueByFairValueHierarchyLevelAxis=us-gaap:FairValueInputsLevel2Member;us-gaap:FinancialInstrumentAxis=us-gaap:CommercialPaperMember,1
AAPL_10Q_20260627,0000320193-26-000020,10-Q,AvailableForSaleDebtSecuritiesAmortizedCostBasis,us-gaap,"Debt Securities, Available-for-Sale, Amortized Cost",49679000000.0,usd,-6,instant,,2026-06-27,,2026-06-27,2,us-gaap:FairValueByFairValueHierarchyLevelAxis=us-gaap:FairValueInputsLevel2Member;us-gaap:FinancialInstrumentAxis=us-gaap:CorporateDebtSecuritiesMember,1
AAPL_10Q_20260627,0000320193-26-000020,10-Q,AvailableForSaleDebtSecuritiesAccumulatedGrossUnrealizedGainBeforeTax,us-gaap,"Debt Securities, Available-for-Sale, Accumulated Gross Unrealized Gain, before Tax",121000000.0,usd,-6,instant,,2026-06-27,,2026-06-27,2,us-gaap:FairValueByFairValueHierarchyLevelAxis=us-gaap:FairValueInputsLevel2Member;us-gaap:FinancialInstrumentAxis=us-gaap:CorporateDebtSecuritiesMember,1
AAPL_10Q_20260627,0000320193-26-000020,10-Q,AvailableForSaleDebtSecuritiesAccumulatedGrossUnrealizedLossBeforeTax,us-gaap,"Debt Securities, Available-for-Sale, Accumulated Gross Unrealized Loss, before Tax",709000000.0,usd,-6,instant,,2026-06-27,,2026-06-27,2,us-gaap:FairValueByFairValueHierarchyLevelAxis=us-gaap:FairValueInputsLevel2Member;us-gaap:FinancialInstrumentAxis=us-gaap:CorporateDebtSecuritiesMember,1
AAPL_10Q_20260627,0000320193-26-000020,10-Q,AvailableForSaleSecuritiesDebtSecurities,us-gaap,"Debt Securities, Available-for-Sale",49091000000.0,usd,-6,instant,,2026-06-27,,2026-06-27,2,us-gaap:FairValueByFairValueHierarchyLevelAxis=us-gaap:FairValueInputsLevel2Member;us-gaap:FinancialInstrumentAxis=us-gaap:CorporateDebtSecuritiesMember,1
AAPL_10Q_20260627,0000320193-26-000020,10-Q,CashAndCashEquivalentsAtCarryingValue,us-gaap,Cash and Cash Equivalent,0.0,usd,-6,instant,,2026-06-27,,2026-06-27,2,us-gaap:FairValueByFairValueHierarchyLevelAxis=us-gaap:FairValueInputsLevel2Member;us-gaap:FinancialInstrumentAxis=us-gaap:CorporateDebtSecuritiesMember,1
AAPL_10Q_20260627,0000320193-26-000020,10-Q,MarketableSecuritiesCurrent,us-gaap,"Marketable Securities, Current",10808000000.0,usd,-6,instant,,2026-06-27,,2026-06-27,2,us-gaap:FairValueByFairValueHierarchyLevelAxis=us-gaap:FairValueInputsLevel2Member;us-gaap:FinancialInstrumentAxis=us-gaap:CorporateDebtSecuritiesMember,1
AAPL_10Q_20260627,0000320193-26-000020,10-Q,MarketableSecuritiesNoncurrent,us-gaap,"Marketable Securities, Noncurrent",38283000000.0,usd,-6,instant,,2026-06-27,,2026-06-27,2,us-gaap:FairValueByFairValueHierarchyLevelAxis=us-gaap:FairValueInputsLevel2Member;us-gaap:FinancialInstrumentAxis=us-gaap:CorporateDebtSecuritiesMember,1
AAPL_10Q_20260627,0000320193-26-000020,10-Q,AvailableForSaleDebtSecuritiesAmortizedCostBasis,us-gaap,"Debt Securities, Available-for-Sale, Amortized Cost",24828000000.0,usd,-6,instant,,2026-06-27,,2026-06-27,2,us-gaap:FairValueByFairValueHierarchyLevelAxis=us-gaap:FairValueInputsLevel2Member;us-gaap:FinancialInstrumentAxis=us-gaap:AssetBackedSecuritiesMember,1
AAPL_10Q_20260627,0000320193-26-000020,10-Q,AvailableForSaleDebtSecuritiesAccumulatedGrossUnrealizedGainBeforeTax,us-gaap,"Debt Securities, Available-for-Sale, Accumulated Gross Unrealized Gain, before Tax",65000000.0,usd,-6,instant,,2026-06-27,,2026-06-27,2,us-gaap:FairValueByFairValueHierarchyLevelAxis=us-gaap:FairValueInputsLevel2Member;us-gaap:FinancialInstrumentAxis=us-gaap:AssetBackedSecuritiesMember,1
AAPL_10Q_20260627,0000320193-26-000020,10-Q,AvailableForSaleDebtSecuritiesAccumulatedGrossUnrealizedLossBeforeTax,us-gaap,"Debt Securities, Available-for-Sale, Accumulated Gross Unrealized Loss, before Tax",1192000000.0,usd,-6,instant,,2026-06-27,,2026-06-27,2,us-gaap:FairValueByFairValueHierarchyLevelAxis=us-gaap:FairValueInputsLevel2Member;us-gaap:FinancialInstrumentAxis=us-gaap:AssetBackedSecuritiesMember,1
AAPL_10Q_20260627,0000320193-26-000020,10-Q,AvailableForSaleSecuritiesDebtSecurities,us-gaap,"Debt Securities, Available-for-Sale",23701000000.0,usd,-6,instant,,2026-06-27,,2026-06-27,2,us-gaap:FairValueByFairValueHierarchyLevelAxis=us-gaap:FairValueInputsLevel2Member;us-gaap:FinancialInstrumentAxis=us-gaap:AssetBackedSecuritiesMember,1
AAPL_10Q_20260627,0000320193-26-000020,10-Q,CashAndCashEquivalentsAtCarryingValue,us-gaap,Cash and Cash Equivalent,0.0,usd,-6,instant,,2026-06-27,,2026-06-27,2,us-gaap:FairValueByFairValueHierarchyLevelAxis=us-gaap:FairValueInputsLevel2Member;us-gaap:FinancialInstrumentAxis=us-gaap:AssetBackedSecuritiesMember,1
AAPL_10Q_20260627,0000320193-26-000020,10-Q,MarketableSecuritiesCurrent,us-gaap,"Marketable Securities, Current",73000000.0,usd,-6,instant,,2026-06-27,,2026-06-27,2,us-gaap:FairValueByFairValueHierarchyLevelAxis=us-gaap:FairValueInputsLevel2Member;us-gaap:FinancialInstrumentAxis=us-gaap:AssetBackedSecuritiesMember,1
AAPL_10Q_20260627,0000320193-26-000020,10-Q,MarketableSecuritiesNoncurrent,us-gaap,"Marketable Securities, Noncurrent",23628000000.0,usd,-6,instant,,2026-06-27,,2026-06-27,2,us-gaap:FairValueByFairValueHierarchyLevelAxis=us-gaap:FairValueInputsLevel2Member;us-gaap:FinancialInstrumentAxis=us-gaap:AssetBackedSecuritiesMember,1
AAPL_10Q_20260627,0000320193-26-000020,10-Q,AvailableForSaleDebtSecuritiesAmortizedCostBasis,us-gaap,"Debt Securities, Available-for-Sale, Amortized Cost",113141000000.0,usd,-6,instant,,2026-06-27,,2026-06-27,1,us-gaap:FairValueByFairValueHierarchyLevelAxis=us-gaap:FairValueInputsLevel2Member,1
AAPL_10Q_20260627,0000320193-26-000020,10-Q,AvailableForSaleDebtSecuritiesAccumulatedGrossUnrealizedGainBeforeTax,us-gaap,"Debt Securities, Available-for-Sale, Accumulated Gross Unrealized Gain, before Tax",268000000.0,usd,-6,instant,,2026-06-27,,2026-06-27,1,us-gaap:FairValueByFairValueHierarchyLevelAxis=us-gaap:FairValueInputsLevel2Member,1
AAPL_10Q_20260627,0000320193-26-000020,10-Q,AvailableForSaleDebtSecuritiesAccumulatedGrossUnrealizedLossBeforeTax,us-gaap,"Debt Securities, Available-for-Sale, Accumulated Gross Unrealized Loss, before Tax",2603000000.0,usd,-6,instant,,2026-06-27,,2026-06-27,1,us-gaap:FairValueByFairValueHierarchyLevelAxis=us-gaap:FairValueInputsLevel2Member,1
AAPL_10Q_20260627,0000320193-26-000020,10-Q,AvailableForSaleSecuritiesDebtSecurities,us-gaap,"Debt Securities, Available-for-Sale",110806000000.0,usd,-6,instant,,2026-06-27,,2026-06-27,1,us-gaap:FairValueByFairValueHierarchyLevelAxis=us-gaap:FairValueInputsLevel2Member,1
AAPL_10Q_20260627,0000320193-26-000020,10-Q,CashAndCashEquivalentsAtCarryingValue,us-gaap,Cash and Cash Equivalent,4927000000.0,usd,-6,instant,,2026-06-27,,2026-06-27,1,us-gaap:FairValueByFairValueHierarchyLevelAxis=us-gaap:FairValueInputsLevel2Member,1
AAPL_10Q_20260627,0000320193-26-000020,10-Q,MarketableSecuritiesCurrent,us-gaap,"Marketable Securities, Current",21761000000.0,usd,-6,instant,,2026-06-27,,2026-06-27,1,us-gaap:FairValueByFairValueHierarchyLevelAxis=us-gaap:FairValueInputsLevel2Member,1
AAPL_10Q_20260627,0000320193-26-000020,10-Q,MarketableSecuritiesNoncurrent,us-gaap,"Marketable Securities, Noncurrent",84118000000.0,usd,-6,instant,,2026-06-27,,2026-06-27,1,us-gaap:FairValueByFairValueHierarchyLevelAxis=us-gaap:FairValueInputsLevel2Member,1
AAPL_10Q_20260627,0000320193-26-000020,10-Q,CashCashEquivalentsAndMarketableSecuritiesCost,aapl,"Cash, Cash Equivalents and Marketable Securities, Cost",148631000000.0,usd,-6,instant,,2026-06-27,,2026-06-27,0,,1
AAPL_10Q_20260627,0000320193-26-000020,10-Q,CashEquivalentsAndMarketableSecuritiesAccumulatedGrossUnrealizedGainBeforeTax,aapl,"Cash Equivalents and Marketable Securities, Accumulated Gross Unrealized Gain, before Tax",490000000.0,usd,-6,instant,,2026-06-27,,2026-06-27,0,,1
AAPL_10Q_20260627,0000320193-26-000020,10-Q,CashEquivalentsAndMarketableSecuritiesAccumulatedGrossUnrealizedLossBeforeTax,aapl,"Cash Equivalents and Marketable Securities, Accumulated Gross Unrealized Loss, before Tax",2604000000.0,usd,-6,instant,,2026-06-27,,2026-06-27,0,,1
AAPL_10Q_20260627,0000320193-26-000020,10-Q,CashCashEquivalentsAndMarketableSecurities,aapl,"Cash, Cash Equivalents and Marketable Securities",146517000000.0,usd,-6,instant,,2026-06-27,,2026-06-27,0,,1
AAPL_10Q_20260627,0000320193-26-000020,10-Q,Cash,us-gaap,Cash,28267000000.0,usd,-6,instant,,2025-09-27,,2025-09-27,1,us-gaap:FinancialInstrumentAxis=us-gaap:CashMember,2
AAPL_10Q_20260627,0000320193-26-000020,10-Q,CashAndCashEquivalentsAtCarryingValue,us-gaap,Cash and Cash Equivalent,28267000000.0,usd,-6,instant,,2025-09-27,,2025-09-27,1,us-gaap:FinancialInstrumentAxis=us-gaap:CashMember,1
AAPL_10Q_20260627,0000320193-26-000020,10-Q,EquitySecuritiesFvNiCost,us-gaap,"Equity Securities, FV-NI, Cost",5272000000.0,usd,-6,instant,,2025-09-27,,2025-09-27,2,us-gaap:FairValueByFairValueHierarchyLevelAxis=us-gaap:FairValueInputsLevel1Member;us-gaap:FinancialInstrumentAxis=us-gaap:MoneyMarketFundsMember,1
AAPL_10Q_20260627,0000320193-26-000020,10-Q,EquitySecuritiesFVNIAccumulatedGrossUnrealizedGainBeforeTax,aapl,"Equity Securities, FV-NI, Accumulated Gross Unrealized Gain, before Tax",0.0,usd,-6,instant,,2025-09-27,,2025-09-27,2,us-gaap:FairValueByFairValueHierarchyLevelAxis=us-gaap:FairValueInputsLevel1Member;us-gaap:FinancialInstrumentAxis=us-gaap:MoneyMarketFundsMember,1
AAPL_10Q_20260627,0000320193-26-000020,10-Q,EquitySecuritiesFVNIAccumulatedGrossUnrealizedLossBeforeTax,aapl,"Equity Securities, FV-NI, Accumulated Gross Unrealized Loss, before Tax",0.0,usd,-6,instant,,2025-09-27,,2025-09-27,2,us-gaap:FairValueByFairValueHierarchyLevelAxis=us-gaap:FairValueInputsLevel1Member;us-gaap:FinancialInstrumentAxis=us-gaap:MoneyMarketFundsMember,1
AAPL_10Q_20260627,0000320193-26-000020,10-Q,EquitySecuritiesFvNiCurrentAndNoncurrent,us-gaap,"Equity Securities, FV-NI",5272000000.0,usd,-6,instant,,2025-09-27,,2025-09-27,2,us-gaap:FairValueByFairValueHierarchyLevelAxis=us-gaap:FairValueInputsLevel1Member;us-gaap:FinancialInstrumentAxis=us-gaap:MoneyMarketFundsMember,1
AAPL_10Q_20260627,0000320193-26-000020,10-Q,CashAndCashEquivalentsAtCarryingValue,us-gaap,Cash and Cash Equivalent,5272000000.0,usd,-6,instant,,2025-09-27,,2025-09-27,2,us-gaap:FairValueByFairValueHierarchyLevelAxis=us-gaap:FairValueInputsLevel1Member;us-gaap:FinancialInstrumentAxis=us-gaap:MoneyMarketFundsMember,1
AAPL_10Q_20260627,0000320193-26-000020,10-Q,MarketableSecuritiesCurrent,us-gaap,"Marketable Securities, Current",0.0,usd,-6,instant,,2025-09-27,,2025-09-27,2,us-gaap:FairValueByFairValueHierarchyLevelAxis=us-gaap:FairValueInputsLevel1Member;us-gaap:FinancialInstrumentAxis=us-gaap:MoneyMarketFundsMember,1
AAPL_10Q_20260627,0000320193-26-000020,10-Q,MarketableSecuritiesNoncurrent,us-gaap,"Marketable Securities, Noncurrent",0.0,usd,-6,instant,,2025-09-27,,2025-09-27,2,us-gaap:FairValueByFairValueHierarchyLevelAxis=us-gaap:FairValueInputsLevel1Member;us-gaap:FinancialInstrumentAxis=us-gaap:MoneyMarketFundsMember,1
AAPL_10Q_20260627,0000320193-26-000020,10-Q,EquitySecuritiesFvNiCost,us-gaap,"Equity Securities, FV-NI, Cost",679000000.0,usd,-6,instant,,2025-09-27,,2025-09-27,2,us-gaap:FairValueByFairValueHierarchyLevelAxis=us-gaap:FairValueInputsLevel1Member;us-gaap:FinancialInstrumentAxis=us-gaap:MutualFundMember,1
AAPL_10Q_20260627,0000320193-26-000020,10-Q,EquitySecuritiesFVNIAccumulatedGrossUnrealizedGainBeforeTax,aapl,"Equity Securities, FV-NI, Accumulated Gross Unrealized Gain, before Tax",177000000.0,usd,-6,instant,,2025-09-27,,2025-09-27,2,us-gaap:FairValueByFairValueHierarchyLevelAxis=us-gaap:FairValueInputsLevel1Member;us-gaap:FinancialInstrumentAxis=us-gaap:MutualFundMember,1
AAPL_10Q_20260627,0000320193-26-000020,10-Q,EquitySecuritiesFVNIAccumulatedGrossUnrealizedLossBeforeTax,aapl,"Equity Securities, FV-NI, Accumulated Gross Unrealized Loss, before Tax",2000000.0,usd,-6,instant,,2025-09-27,,2025-09-27,2,us-gaap:FairValueByFairValueHierarchyLevelAxis=us-gaap:FairValueInputsLevel1Member;us-gaap:FinancialInstrumentAxis=us-gaap:MutualFundMember,1
AAPL_10Q_20260627,0000320193-26-000020,10-Q,EquitySecuritiesFvNiCurrentAndNoncurrent,us-gaap,"Equity Securities, FV-NI",854000000.0,usd,-6,instant,,2025-09-27,,2025-09-27,2,us-gaap:FairValueByFairValueHierarchyLevelAxis=us-gaap:FairValueInputsLevel1Member;us-gaap:FinancialInstrumentAxis=us-gaap:MutualFundMember,1
AAPL_10Q_20260627,0000320193-26-000020,10-Q,CashAndCashEquivalentsAtCarryingValue,us-gaap,Cash and Cash Equivalent,0.0,usd,-6,instant,,2025-09-27,,2025-09-27,2,us-gaap:FairValueByFairValueHierarchyLevelAxis=us-gaap:FairValueInputsLevel1Member;us-gaap:FinancialInstrumentAxis=us-gaap:MutualFundMember,1
AAPL_10Q_20260627,0000320193-26-000020,10-Q,MarketableSecuritiesCurrent,us-gaap,"Marketable Securities, Current",854000000.0,usd,-6,instant,,2025-09-27,,2025-09-27,2,us-gaap:FairValueByFairValueHierarchyLevelAxis=us-gaap:FairValueInputsLevel1Member;us-gaap:FinancialInstrumentAxis=us-gaap:MutualFundMember,1
AAPL_10Q_20260627,0000320193-26-000020,10-Q,MarketableSecuritiesNoncurrent,us-gaap,"Marketable Securities, Noncurrent",0.0,usd,-6,instant,,2025-09-27,,2025-09-27,2,us-gaap:FairValueByFairValueHierarchyLevelAxis=us-gaap:FairValueInputsLevel1Member;us-gaap:FinancialInstrumentAxis=us-gaap:MutualFundMember,1
AAPL_10Q_20260627,0000320193-26-000020,10-Q,EquitySecuritiesFvNiCost,us-gaap,"Equity Securities, FV-NI, Cost",5951000000.0,usd,-6,instant,,2025-09-27,,2025-09-27,1,us-gaap:FairValueByFairValueHierarchyLevelAxis=us-gaap:FairValueInputsLevel1Member,1
AAPL_10Q_20260627,0000320193-26-000020,10-Q,EquitySecuritiesFVNIAccumulatedGrossUnrealizedGainBeforeTax,aapl,"Equity Securities, FV-NI, Accumulated Gross Unrealized Gain, before Tax",177000000.0,usd,-6,instant,,2025-09-27,,2025-09-27,1,us-gaap:FairValueByFairValueHierarchyLevelAxis=us-gaap:FairValueInputsLevel1Member,1
AAPL_10Q_20260627,0000320193-26-000020,10-Q,EquitySecuritiesFVNIAccumulatedGrossUnrealizedLossBeforeTax,aapl,"Equity Securities, FV-NI, Accumulated Gross Unrealized Loss, before Tax",2000000.0,usd,-6,instant,,2025-09-27,,2025-09-27,1,us-gaap:FairValueByFairValueHierarchyLevelAxis=us-gaap:FairValueInputsLevel1Member,1
AAPL_10Q_20260627,0000320193-26-000020,10-Q,EquitySecuritiesFvNiCurrentAndNoncurrent,us-gaap,"Equity Securities, FV-NI",6126000000.0,usd,-6,instant,,2025-09-27,,2025-09-27,1,us-gaap:FairValueByFairValueHierarchyLevelAxis=us-gaap:FairValueInputsLevel1Member,1
AAPL_10Q_20260627,0000320193-26-000020,10-Q,CashAndCashEquivalentsAtCarryingValue,us-gaap,Cash and Cash Equivalent,5272000000.0,usd,-6,instant,,2025-09-27,,2025-09-27,1,us-gaap:FairValueByFairValueHierarchyLevelAxis=us-gaap:FairValueInputsLevel1Member,1
AAPL_10Q_20260627,0000320193-26-000020,10-Q,MarketableSecuritiesCurrent,us-gaap,"Marketable Securities, Current",854000000.0,usd,-6,instant,,2025-09-27,,2025-09-27,1,us-gaap:FairValueByFairValueHierarchyLevelAxis=us-gaap:FairValueInputsLevel1Member,1
AAPL_10Q_20260627,0000320193-26-000020,10-Q,MarketableSecuritiesNoncurrent,us-gaap,"Marketable Securities, Noncurrent",0.0,usd,-6,instant,,2025-09-27,,2025-09-27,1,us-gaap:FairValueByFairValueHierarchyLevelAxis=us-gaap:FairValueInputsLevel1Member,1
AAPL_10Q_20260627,0000320193-26-000020,10-Q,AvailableForSaleDebtSecuritiesAmortizedCostBasis,us-gaap,"Debt Securities, Available-for-Sale, Amortized Cost",16074000000.0,usd,-6,instant,,2025-09-27,,2025-09-27,2,us-gaap:FairValueByFairValueHierarchyLevelAxis=us-gaap:FairValueInputsLevel2Member;us-gaap:FinancialInstrumentAxis=us-gaap:USTreasurySecuritiesMember,1
AAPL_10Q_20260627,0000320193-26-000020,10-Q,AvailableForSaleDebtSecuritiesAccumulatedGrossUnrealizedGainBeforeTax,us-gaap,"Debt Securities, Available-for-Sale, Accumulated Gross Unrealized Gain, before Tax",56000000.0,usd,-6,instant,,2025-09-27,,2025-09-27,2,us-gaap:FairValueByFairValueHierarchyLevelAxis=us-gaap:FairValueInputsLevel2Member;us-gaap:FinancialInstrumentAxis=us-gaap:USTreasurySecuritiesMember,1
AAPL_10Q_20260627,0000320193-26-000020,10-Q,AvailableForSaleDebtSecuritiesAccumulatedGrossUnrealizedLossBeforeTax,us-gaap,"Debt Securities, Available-for-Sale, Accumulated Gross Unrealized Loss, before Tax",282000000.0,usd,-6,instant,,2025-09-27,,2025-09-27,2,us-gaap:FairValueByFairValueHierarchyLevelAxis=us-gaap:FairValueInputsLevel2Member;us-gaap:FinancialInstrumentAxis=us-gaap:USTreasurySecuritiesMember,1
AAPL_10Q_20260627,0000320193-26-000020,10-Q,AvailableForSaleSecuritiesDebtSecurities,us-gaap,"Debt Securities, Available-for-Sale",15848000000.0,usd,-6,instant,,2025-09-27,,2025-09-27,2,us-gaap:FairValueByFairValueHierarchyLevelAxis=us-gaap:FairValueInputsLevel2Member;us-gaap:FinancialInstrumentAxis=us-gaap:USTreasurySecuritiesMember,1
AAPL_10Q_20260627,0000320193-26-000020,10-Q,CashAndCashEquivalentsAtCarryingValue,us-gaap,Cash and Cash Equivalent,1190000000.0,usd,-6,instant,,2025-09-27,,2025-09-27,2,us-gaap:FairValueByFairValueHierarchyLevelAxis=us-gaap:FairValueInputsLevel2Member;us-gaap:FinancialInstrumentAxis=us-gaap:USTreasurySecuritiesMember,1
AAPL_10Q_20260627,0000320193-26-000020,10-Q,MarketableSecuritiesCurrent,us-gaap,"Marketable Securities, Current",3712000000.0,usd,-6,instant,,2025-09-27,,2025-09-27,2,us-gaap:FairValueByFairValueHierarchyLevelAxis=us-gaap:FairValueInputsLevel2Member;us-gaap:FinancialInstrumentAxis=us-gaap:USTreasurySecuritiesMember,1
AAPL_10Q_20260627,0000320193-26-000020,10-Q,MarketableSecuritiesNoncurrent,us-gaap,"Marketable Securities, Noncurrent",10946000000.0,usd,-6,instant,,2025-09-27,,2025-09-27,2,us-gaap:FairValueByFairValueHierarchyLevelAxis=us-gaap:FairValueInputsLevel2Member;us-gaap:FinancialInstrumentAxis=us-gaap:USTreasurySecuritiesMember,1
AAPL_10Q_20260627,0000320193-26-000020,10-Q,AvailableForSaleDebtSecuritiesAmortizedCostBasis,us-gaap,"Debt Securities, Available-for-Sale, Amortized Cost",5269000000.0,usd,-6,instant,,2025-09-27,,2025-09-27,2,us-gaap:FairValueByFairValueHierarchyLevelAxis=us-gaap:FairValueInputsLevel2Member;us-gaap:FinancialInstrumentAxis=us-gaap:USGovernmentAgenciesDebtSecuritiesMember,1
AAPL_10Q_20260627,0000320193-26-000020,10-Q,AvailableForSaleDebtSecuritiesAccumulatedGrossUnrealizedGainBeforeTax,us-gaap,"Debt Securities, Available-for-Sale, Accumulated Gross Unrealized Gain, before Tax",0.0,usd,-6,instant,,2025-09-27,,2025-09-27,2,us-gaap:FairValueByFairValueHierarchyLevelAxis=us-gaap:FairValueInputsLevel2Member;us-gaap:FinancialInstrumentAxis=us-gaap:USGovernmentAgenciesDebtSecuritiesMember,1
AAPL_10Q_20260627,0000320193-26-000020,10-Q,AvailableForSaleDebtSecuritiesAccumulatedGrossUnrealizedLossBeforeTax,us-gaap,"Debt Securities, Available-for-Sale, Accumulated Gross Unrealized Loss, before Tax",149000000.0,usd,-6,instant,,2025-09-27,,2025-09-27,2,us-gaap:FairValueByFairValueHierarchyLevelAxis=us-gaap:FairValueInputsLevel2Member;us-gaap:FinancialInstrumentAxis=us-gaap:USGovernmentAgenciesDebtSecuritiesMember,1
AAPL_10Q_20260627,0000320193-26-000020,10-Q,AvailableForSaleSecuritiesDebtSecurities,us-gaap,"Debt Securities, Available-for-Sale",5120000000.0,usd,-6,instant,,2025-09-27,,2025-09-27,2,us-gaap:FairValueByFairValueHierarchyLevelAxis=us-gaap:FairValueInputsLevel2Member;us-gaap:FinancialInstrumentAxis=us-gaap:USGovernmentAgenciesDebtSecuritiesMember,1
AAPL_10Q_20260627,0000320193-26-000020,10-Q,CashAndCashEquivalentsAtCarryingValue,us-gaap,Cash and Cash Equivalent,251000000.0,usd,-6,instant,,2025-09-27,,2025-09-27,2,us-gaap:FairValueByFairValueHierarchyLevelAxis=us-gaap:FairValueInputsLevel2Member;us-gaap:FinancialInstrumentAxis=us-gaap:USGovernmentAgenciesDebtSecuritiesMember,1
AAPL_10Q_20260627,0000320193-26-000020,10-Q,MarketableSecuritiesCurrent,us-gaap,"Marketable Securities, Current",2456000000.0,usd,-6,instant,,2025-09-27,,2025-09-27,2,us-gaap:FairValueByFairValueHierarchyLevelAxis=us-gaap:FairValueInputsLevel2Member;us-gaap:FinancialInstrumentAxis=us-gaap:USGovernmentAgenciesDebtSecuritiesMember,1
AAPL_10Q_20260627,0000320193-26-000020,10-Q,MarketableSecuritiesNoncurrent,us-gaap,"Marketable Securities, Noncurrent",2413000000.0,usd,-6,instant,,2025-09-27,,2025-09-27,2,us-gaap:FairValueByFairValueHierarchyLevelAxis=us-gaap:FairValueInputsLevel2Member;us-gaap:FinancialInstrumentAxis=us-gaap:USGovernmentAgenciesDebtSecuritiesMember,1
AAPL_10Q_20260627,0000320193-26-000020,10-Q,AvailableForSaleDebtSecuritiesAmortizedCostBasis,us-gaap,"Debt Securities, Available-for-Sale, Amortized Cost",6586000000.0,usd,-6,instant,,2025-09-27,,2025-09-27,2,us-gaap:FairValueByFairValueHierarchyLevelAxis=us-gaap:FairValueInputsLevel2Member;us-gaap:FinancialInstrumentAxis=us-gaap:ForeignGovernmentDebtSecuritiesMember,1
AAPL_10Q_20260627,0000320193-26-000020,10-Q,AvailableForSaleDebtSecuritiesAccumulatedGrossUnrealizedGainBeforeTax,us-gaap,"Debt Securities, Available-for-Sale, Accumulated Gross Unrealized Gain, before Tax",111000000.0,usd,-6,instant,,2025-09-27,,2025-09-27,2,us-gaap:FairValueByFairValueHierarchyLevelAxis=us-gaap:FairValueInputsLevel2Member;us-gaap:FinancialInstrumentAxis=us-gaap:ForeignGovernmentDebtSecuritiesMember,1
AAPL_10Q_20260627,0000320193-26-000020,10-Q,AvailableForSaleDebtSecuritiesAccumulatedGrossUnrealizedLossBeforeTax,us-gaap,"Debt Securities, Available-for-Sale, Accumulated Gross Unrealized Loss, before Tax",424000000.0,usd,-6,instant,,2025-09-27,,2025-09-27,2,us-gaap:FairValueByFairValueHierarchyLevelAxis=us-gaap:FairValueInputsLevel2Member;us-gaap:FinancialInstrumentAxis=us-gaap:ForeignGovernmentDebtSecuritiesMember,1
AAPL_10Q_20260627,0000320193-26-000020,10-Q,AvailableForSaleSecuritiesDebtSecurities,us-gaap,"Debt Securities, Available-for-Sale",6273000000.0,usd,-6,instant,,2025-09-27,,2025-09-27,2,us-gaap:FairValueByFairValueHierarchyLevelAxis=us-gaap:FairValueInputsLevel2Member;us-gaap:FinancialInstrumentAxis=us-gaap:ForeignGovernmentDebtSecuritiesMember,1
AAPL_10Q_20260627,0000320193-26-000020,10-Q,CashAndCashEquivalentsAtCarryingValue,us-gaap,Cash and Cash Equivalent,0.0,usd,-6,instant,,2025-09-27,,2025-09-27,2,us-gaap:FairValueByFairValueHierarchyLevelAxis=us-gaap:FairValueInputsLevel2Member;us-gaap:FinancialInstrumentAxis=us-gaap:ForeignGovernmentDebtSecuritiesMember,1
AAPL_10Q_20260627,0000320193-26-000020,10-Q,MarketableSecuritiesCurrent,us-gaap,"Marketable Securities, Current",855000000.0,usd,-6,instant,,2025-09-27,,2025-09-27,2,us-gaap:FairValueByFairValueHierarchyLevelAxis=us-gaap:FairValueInputsLevel2Member;us-gaap:FinancialInstrumentAxis=us-gaap:ForeignGovernmentDebtSecuritiesMember,1
AAPL_10Q_20260627,0000320193-26-000020,10-Q,MarketableSecuritiesNoncurrent,us-gaap,"Marketable Securities, Noncurrent",5418000000.0,usd,-6,instant,,2025-09-27,,2025-09-27,2,us-gaap:FairValueByFairValueHierarchyLevelAxis=us-gaap:FairValueInputsLevel2Member;us-gaap:FinancialInstrumentAxis=us-gaap:ForeignGovernmentDebtSecuritiesMember,1
AAPL_10Q_20260627,0000320193-26-000020,10-Q,AvailableForSaleDebtSecuritiesAmortizedCostBasis,us-gaap,"Debt Securities, Available-for-Sale, Amortized Cost",917000000.0,usd,-6,instant,,2025-09-27,,2025-09-27,2,us-gaap:FairValueByFairValueHierarchyLevelAxis=us-gaap:FairValueInputsLevel2Member;us-gaap:FinancialInstrumentAxis=us-gaap:BankTimeDepositsMember,1
AAPL_10Q_20260627,0000320193-26-000020,10-Q,AvailableForSaleDebtSecuritiesAccumulatedGrossUnrealizedGainBeforeTax,us-gaap,"Debt Securities, Available-for-Sale, Accumulated Gross Unrealized Gain, before Tax",0.0,usd,-6,instant,,2025-09-27,,2025-09-27,2,us-gaap:FairValueByFairValueHierarchyLevelAxis=us-gaap:FairValueInputsLevel2Member;us-gaap:FinancialInstrumentAxis=us-gaap:BankTimeDepositsMember,1
AAPL_10Q_20260627,0000320193-26-000020,10-Q,AvailableForSaleDebtSecuritiesAccumulatedGrossUnrealizedLossBeforeTax,us-gaap,"Debt Securities, Available-for-Sale, Accumulated Gross Unrealized Loss, before Tax",0.0,usd,-6,instant,,2025-09-27,,2025-09-27,2,us-gaap:FairValueByFairValueHierarchyLevelAxis=us-gaap:FairValueInputsLevel2Member;us-gaap:FinancialInstrumentAxis=us-gaap:BankTimeDepositsMember,1
AAPL_10Q_20260627,0000320193-26-000020,10-Q,AvailableForSaleSecuritiesDebtSecurities,us-gaap,"Debt Securities, Available-for-Sale",917000000.0,usd,-6,instant,,2025-09-27,,2025-09-27,2,us-gaap:FairValueByFairValueHierarchyLevelAxis=us-gaap:FairValueInputsLevel2Member;us-gaap:FinancialInstrumentAxis=us-gaap:BankTimeDepositsMember,1
AAPL_10Q_20260627,0000320193-26-000020,10-Q,CashAndCashEquivalentsAtCarryingValue,us-gaap,Cash and Cash Equivalent,904000000.0,usd,-6,instant,,2025-09-27,,2025-09-27,2,us-gaap:FairValueByFairValueHierarchyLevelAxis=us-gaap:FairValueInputsLevel2Member;us-gaap:FinancialInstrumentAxis=us-gaap:BankTimeDepositsMember,1
AAPL_10Q_20260627,0000320193-26-000020,10-Q,MarketableSecuritiesCurrent,us-gaap,"Marketable Securities, Current",0.0,usd,-6,instant,,2025-09-27,,2025-09-27,2,us-gaap:FairValueByFairValueHierarchyLevelAxis=us-gaap:FairValueInputsLevel2Member;us-gaap:FinancialInstrumentAxis=us-gaap:BankTimeDepositsMember,1
AAPL_10Q_20260627,0000320193-26-000020,10-Q,MarketableSecuritiesNoncurrent,us-gaap,"Marketable Securities, Noncurrent",13000000.0,usd,-6,instant,,2025-09-27,,2025-09-27,2,us-gaap:FairValueByFairValueHierarchyLevelAxis=us-gaap:FairValueInputsLevel2Member;us-gaap:FinancialInstrumentAxis=us-gaap:BankTimeDepositsMember,1
AAPL_10Q_20260627,0000320193-26-000020,10-Q,AvailableForSaleDebtSecuritiesAmortizedCostBasis,us-gaap,"Debt Securities, Available-for-Sale, Amortized Cost",100000000.0,usd,-6,instant,,2025-09-27,,2025-09-27,2,us-gaap:FairValueByFairValueHierarchyLevelAxis=us-gaap:FairValueInputsLevel2Member;us-gaap:FinancialInstrumentAxis=us-gaap:CommercialPaperMember,1
AAPL_10Q_20260627,0000320193-26-000020,10-Q,AvailableForSaleDebtSecuritiesAccumulatedGrossUnrealizedGainBeforeTax,us-gaap,"Debt Securities, Available-for-Sale, Accumulated Gross Unrealized Gain, before Tax",0.0,usd,-6,instant,,2025-09-27,,2025-09-27,2,us-gaap:FairValueByFairValueHierarchyLevelAxis=us-gaap:FairValueInputsLevel2Member;us-gaap:FinancialInstrumentAxis=us-gaap:CommercialPaperMember,1
AAPL_10Q_20260627,0000320193-26-000020,10-Q,AvailableForSaleDebtSecuritiesAccumulatedGrossUnrealizedLossBeforeTax,us-gaap,"Debt Securities, Available-for-Sale, Accumulated Gross Unrealized Loss, before Tax",0.0,usd,-6,instant,,2025-09-27,,2025-09-27,2,us-gaap:FairValueByFairValueHierarchyLevelAxis=us-gaap:FairValueInputsLevel2Member;us-gaap:FinancialInstrumentAxis=us-gaap:CommercialPaperMember,1
AAPL_10Q_20260627,0000320193-26-000020,10-Q,AvailableForSaleSecuritiesDebtSecurities,us-gaap,"Debt Securities, Available-for-Sale",100000000.0,usd,-6,instant,,2025-09-27,,2025-09-27,2,us-gaap:FairValueByFairValueHierarchyLevelAxis=us-gaap:FairValueInputsLevel2Member;us-gaap:FinancialInstrumentAxis=us-gaap:CommercialPaperMember,1
AAPL_10Q_20260627,0000320193-26-000020,10-Q,CashAndCashEquivalentsAtCarryingValue,us-gaap,Cash and Cash Equivalent,50000000.0,usd,-6,instant,,2025-09-27,,2025-09-27,2,us-gaap:FairValueByFairValueHierarchyLevelAxis=us-gaap:FairValueInputsLevel2Member;us-gaap:FinancialInstrumentAxis=us-gaap:CommercialPaperMember,1
AAPL_10Q_20260627,0000320193-26-000020,10-Q,MarketableSecuritiesCurrent,us-gaap,"Marketable Securities, Current",50000000.0,usd,-6,instant,,2025-09-27,,2025-09-27,2,us-gaap:FairValueByFairValueHierarchyLevelAxis=us-gaap:FairValueInputsLevel2Member;us-gaap:FinancialInstrumentAxis=us-gaap:CommercialPaperMember,1
AAPL_10Q_20260627,0000320193-26-000020,10-Q,MarketableSecuritiesNoncurrent,us-gaap,"Marketable Securities, Noncurrent",0.0,usd,-6,instant,,2025-09-27,,2025-09-27,2,us-gaap:FairValueByFairValueHierarchyLevelAxis=us-gaap:FairValueInputsLevel2Member;us-gaap:FinancialInstrumentAxis=us-gaap:CommercialPaperMember,1
AAPL_10Q_20260627,0000320193-26-000020,10-Q,AvailableForSaleDebtSecuritiesAmortizedCostBasis,us-gaap,"Debt Securities, Available-for-Sale, Amortized Cost",47210000000.0,usd,-6,instant,,2025-09-27,,2025-09-27,2,us-gaap:FairValueByFairValueHierarchyLevelAxis=us-gaap:FairValueInputsLevel2Member;us-gaap:FinancialInstrumentAxis=us-gaap:CorporateDebtSecuritiesMember,1
AAPL_10Q_20260627,0000320193-26-000020,10-Q,AvailableForSaleDebtSecuritiesAccumulatedGrossUnrealizedGainBeforeTax,us-gaap,"Debt Securities, Available-for-Sale, Accumulated Gross Unrealized Gain, before Tax",266000000.0,usd,-6,instant,,2025-09-27,,2025-09-27,2,us-gaap:FairValueByFairValueHierarchyLevelAxis=us-gaap:FairValueInputsLevel2Member;us-gaap:FinancialInstrumentAxis=us-gaap:CorporateDebtSecuritiesMember,1
AAPL_10Q_20260627,0000320193-26-000020,10-Q,AvailableForSaleDebtSecuritiesAccumulatedGrossUnrealizedLossBeforeTax,us-gaap,"Debt Securities, Available-for-Sale, Accumulated Gross Unrealized Loss, before Tax",916000000.0,usd,-6,instant,,2025-09-27,,2025-09-27,2,us-gaap:FairValueByFairValueHierarchyLevelAxis=us-gaap:FairValueInputsLevel2Member;us-gaap:FinancialInstrumentAxis=us-gaap:CorporateDebtSecuritiesMember,1
AAPL_10Q_20260627,0000320193-26-000020,10-Q,AvailableForSaleSecuritiesDebtSecurities,us-gaap,"Debt Securities, Available-for-Sale",46560000000.0,usd,-6,instant,,2025-09-27,,2025-09-27,2,us-gaap:FairValueByFairValueHierarchyLevelAxis=us-gaap:FairValueInputsLevel2Member;us-gaap:FinancialInstrumentAxis=us-gaap:CorporateDebtSecuritiesMember,1
AAPL_10Q_20260627,0000320193-26-000020,10-Q,CashAndCashEquivalentsAtCarryingValue,us-gaap,Cash and Cash Equivalent,0.0,usd,-6,instant,,2025-09-27,,2025-09-27,2,us-gaap:FairValueByFairValueHierarchyLevelAxis=us-gaap:FairValueInputsLevel2Member;us-gaap:FinancialInstrumentAxis=us-gaap:CorporateDebtSecuritiesMember,1
AAPL_10Q_20260627,0000320193-26-000020,10-Q,MarketableSecuritiesCurrent,us-gaap,"Marketable Securities, Current",10623000000.0,usd,-6,instant,,2025-09-27,,2025-09-27,2,us-gaap:FairValueByFairValueHierarchyLevelAxis=us-gaap:FairValueInputsLevel2Member;us-gaap:FinancialInstrumentAxis=us-gaap:CorporateDebtSecuritiesMember,1
AAPL_10Q_20260627,0000320193-26-000020,10-Q,MarketableSecuritiesNoncurrent,us-gaap,"Marketable Securities, Noncurrent",35937000000.0,usd,-6,instant,,2025-09-27,,2025-09-27,2,us-gaap:FairValueByFairValueHierarchyLevelAxis=us-gaap:FairValueInputsLevel2Member;us-gaap:FinancialInstrumentAxis=us-gaap:CorporateDebtSecuritiesMember,1
AAPL_10Q_20260627,0000320193-26-000020,10-Q,AvailableForSaleDebtSecuritiesAmortizedCostBasis,us-gaap,"Debt Securities, Available-for-Sale, Amortized Cost",207000000.0,usd,-6,instant,,2025-09-27,,2025-09-27,2,us-gaap:FairValueByFairValueHierarchyLevelAxis=us-gaap:FairValueInputsLevel2Member;us-gaap:FinancialInstrumentAxis=us-gaap:USStatesAndPoliticalSubdivisionsMember,1
AAPL_10Q_20260627,0000320193-26-000020,10-Q,AvailableForSaleDebtSecuritiesAccumulatedGrossUnrealizedGainBeforeTax,us-gaap,"Debt Securities, Available-for-Sale, Accumulated Gross Unrealized Gain, before Tax",0.0,usd,-6,instant,,2025-09-27,,2025-09-27,2,us-gaap:FairValueByFairValueHierarchyLevelAxis=us-gaap:FairValueInputsLevel2Member;us-gaap:FinancialInstrumentAxis=us-gaap:USStatesAndPoliticalSubdivisionsMember,1
AAPL_10Q_20260627,0000320193-26-000020,10-Q,AvailableForSaleDebtSecuritiesAccumulatedGrossUnrealizedLossBeforeTax,us-gaap,"Debt Securities, Available-for-Sale, Accumulated Gross Unrealized Loss, before Tax",2000000.0,usd,-6,instant,,2025-09-27,,2025-09-27,2,us-gaap:FairValueByFairValueHierarchyLevelAxis=us-gaap:FairValueInputsLevel2Member;us-gaap:FinancialInstrumentAxis=us-gaap:USStatesAndPoliticalSubdivisionsMember,1
AAPL_10Q_20260627,0000320193-26-000020,10-Q,AvailableForSaleSecuritiesDebtSecurities,us-gaap,"Debt Securities, Available-for-Sale",205000000.0,usd,-6,instant,,2025-09-27,,2025-09-27,2,us-gaap:FairValueByFairValueHierarchyLevelAxis=us-gaap:FairValueInputsLevel2Member;us-gaap:FinancialInstrumentAxis=us-gaap:USStatesAndPoliticalSubdivisionsMember,1
AAPL_10Q_20260627,0000320193-26-000020,10-Q,CashAndCashEquivalentsAtCarryingValue,us-gaap,Cash and Cash Equivalent,0.0,usd,-6,instant,,2025-09-27,,2025-09-27,2,us-gaap:FairValueByFairValueHierarchyLevelAxis=us-gaap:FairValueInputsLevel2Member;us-gaap:FinancialInstrumentAxis=us-gaap:USStatesAndPoliticalSubdivisionsMember,1
AAPL_10Q_20260627,0000320193-26-000020,10-Q,MarketableSecuritiesCurrent,us-gaap,"Marketable Securities, Current",119000000.0,usd,-6,instant,,2025-09-27,,2025-09-27,2,us-gaap:FairValueByFairValueHierarchyLevelAxis=us-gaap:FairValueInputsLevel2Member;us-gaap:FinancialInstrumentAxis=us-gaap:USStatesAndPoliticalSubdivisionsMember,1
AAPL_10Q_20260627,0000320193-26-000020,10-Q,MarketableSecuritiesNoncurrent,us-gaap,"Marketable Securities, Noncurrent",86000000.0,usd,-6,instant,,2025-09-27,,2025-09-27,2,us-gaap:FairValueByFairValueHierarchyLevelAxis=us-gaap:FairValueInputsLevel2Member;us-gaap:FinancialInstrumentAxis=us-gaap:USStatesAndPoliticalSubdivisionsMember,1
AAPL_10Q_20260627,0000320193-26-000020,10-Q,AvailableForSaleDebtSecuritiesAmortizedCostBasis,us-gaap,"Debt Securities, Available-for-Sale, Amortized Cost",24130000000.0,usd,-6,instant,,2025-09-27,,2025-09-27,2,us-gaap:FairValueByFairValueHierarchyLevelAxis=us-gaap:FairValueInputsLevel2Member;us-gaap:FinancialInstrumentAxis=us-gaap:AssetBackedSecuritiesMember,1
AAPL_10Q_20260627,0000320193-26-000020,10-Q,AvailableForSaleDebtSecuritiesAccumulatedGrossUnrealizedGainBeforeTax,us-gaap,"Debt Securities, Available-for-Sale, Accumulated Gross Unrealized Gain, before Tax",126000000.0,usd,-6,instant,,2025-09-27,,2025-09-27,2,us-gaap:FairValueByFairValueHierarchyLevelAxis=us-gaap:FairValueInputsLevel2Member;us-gaap:FinancialInstrumentAxis=us-gaap:AssetBackedSecuritiesMember,1
AAPL_10Q_20260627,0000320193-26-000020,10-Q,AvailableForSaleDebtSecuritiesAccumulatedGrossUnrealizedLossBeforeTax,us-gaap,"Debt Securities, Available-for-Sale, Accumulated Gross Unrealized Loss, before Tax",1252000000.0,usd,-6,instant,,2025-09-27,,2025-09-27,2,us-gaap:FairValueByFairValueHierarchyLevelAxis=us-gaap:FairValueInputsLevel2Member;us-gaap:FinancialInstrumentAxis=us-gaap:AssetBackedSecuritiesMember,1
AAPL_10Q_20260627,0000320193-26-000020,10-Q,AvailableForSaleSecuritiesDebtSecurities,us-gaap,"Debt Securities, Available-for-Sale",23004000000.0,usd,-6,instant,,2025-09-27,,2025-09-27,2,us-gaap:FairValueByFairValueHierarchyLevelAxis=us-gaap:FairValueInputsLevel2Member;us-gaap:FinancialInstrumentAxis=us-gaap:AssetBackedSecuritiesMember,1
AAPL_10Q_20260627,0000320193-26-000020,10-Q,CashAndCashEquivalentsAtCarryingValue,us-gaap,Cash and Cash Equivalent,0.0,usd,-6,instant,,2025-09-27,,2025-09-27,2,us-gaap:FairValueByFairValueHierarchyLevelAxis=us-gaap:FairValueInputsLevel2Member;us-gaap:FinancialInstrumentAxis=us-gaap:AssetBackedSecuritiesMember,1
AAPL_10Q_20260627,0000320193-26-000020,10-Q,MarketableSecuritiesCurrent,us-gaap,"Marketable Securities, Current",94000000.0,usd,-6,instant,,2025-09-27,,2025-09-27,2,us-gaap:FairValueByFairValueHierarchyLevelAxis=us-gaap:FairValueInputsLevel2Member;us-gaap:FinancialInstrumentAxis=us-gaap:AssetBackedSecuritiesMember,1
AAPL_10Q_20260627,0000320193-26-000020,10-Q,MarketableSecuritiesNoncurrent,us-gaap,"Marketable Securities, Noncurrent",22910000000.0,usd,-6,instant,,2025-09-27,,2025-09-27,2,us-gaap:FairValueByFairValueHierarchyLevelAxis=us-gaap:FairValueInputsLevel2Member;us-gaap:FinancialInstrumentAxis=us-gaap:AssetBackedSecuritiesMember,1
AAPL_10Q_20260627,0000320193-26-000020,10-Q,AvailableForSaleDebtSecuritiesAmortizedCostBasis,us-gaap,"Debt Securities, Available-for-Sale, Amortized Cost",100493000000.0,usd,-6,instant,,2025-09-27,,2025-09-27,1,us-gaap:FairValueByFairValueHierarchyLevelAxis=us-gaap:FairValueInputsLevel2Member,1
AAPL_10Q_20260627,0000320193-26-000020,10-Q,AvailableForSaleDebtSecuritiesAccumulatedGrossUnrealizedGainBeforeTax,us-gaap,"Debt Securities, Available-for-Sale, Accumulated Gross Unrealized Gain, before Tax",559000000.0,usd,-6,instant,,2025-09-27,,2025-09-27,1,us-gaap:FairValueByFairValueHierarchyLevelAxis=us-gaap:FairValueInputsLevel2Member,1
AAPL_10Q_20260627,0000320193-26-000020,10-Q,AvailableForSaleDebtSecuritiesAccumulatedGrossUnrealizedLossBeforeTax,us-gaap,"Debt Securities, Available-for-Sale, Accumulated Gross Unrealized Loss, before Tax",3025000000.0,usd,-6,instant,,2025-09-27,,2025-09-27,1,us-gaap:FairValueByFairValueHierarchyLevelAxis=us-gaap:FairValueInputsLevel2Member,1
AAPL_10Q_20260627,0000320193-26-000020,10-Q,AvailableForSaleSecuritiesDebtSecurities,us-gaap,"Debt Securities, Available-for-Sale",98027000000.0,usd,-6,instant,,2025-09-27,,2025-09-27,1,us-gaap:FairValueByFairValueHierarchyLevelAxis=us-gaap:FairValueInputsLevel2Member,1
AAPL_10Q_20260627,0000320193-26-000020,10-Q,CashAndCashEquivalentsAtCarryingValue,us-gaap,Cash and Cash Equivalent,2395000000.0,usd,-6,instant,,2025-09-27,,2025-09-27,1,us-gaap:FairValueByFairValueHierarchyLevelAxis=us-gaap:FairValueInputsLevel2Member,1
AAPL_10Q_20260627,0000320193-26-000020,10-Q,MarketableSecuritiesCurrent,us-gaap,"Marketable Securities, Current",17909000000.0,usd,-6,instant,,2025-09-27,,2025-09-27,1,us-gaap:FairValueByFairValueHierarchyLevelAxis=us-gaap:FairValueInputsLevel2Member,1
AAPL_10Q_20260627,0000320193-26-000020,10-Q,MarketableSecuritiesNoncurrent,us-gaap,"Marketable Securities, Noncurrent",77723000000.0,usd,-6,instant,,2025-09-27,,2025-09-27,1,us-gaap:FairValueByFairValueHierarchyLevelAxis=us-gaap:FairValueInputsLevel2Member,1
AAPL_10Q_20260627,0000320193-26-000020,10-Q,CashCashEquivalentsAndMarketableSecuritiesCost,aapl,"Cash, Cash Equivalents and Marketable Securities, Cost",134711000000.0,usd,-6,instant,,2025-09-27,,2025-09-27,0,,1
AAPL_10Q_20260627,0000320193-26-000020,10-Q,CashEquivalentsAndMarketableSecuritiesAccumulatedGrossUnrealizedGainBeforeTax,aapl,"Cash Equivalents and Marketable Securities, Accumulated Gross Unrealized Gain, before Tax",736000000.0,usd,-6,instant,,2025-09-27,,2025-09-27,0,,1
AAPL_10Q_20260627,0000320193-26-000020,10-Q,CashEquivalentsAndMarketableSecuritiesAccumulatedGrossUnrealizedLossBeforeTax,aapl,"Cash Equivalents and Marketable Securities, Accumulated Gross Unrealized Loss, before Tax",3027000000.0,usd,-6,instant,,2025-09-27,,2025-09-27,0,,1
AAPL_10Q_20260627,0000320193-26-000020,10-Q,CashCashEquivalentsAndMarketableSecurities,aapl,"Cash, Cash Equivalents and Marketable Securities",132420000000.0,usd,-6,instant,,2025-09-27,,2025-09-27,0,,1
AAPL_10Q_20260627,0000320193-26-000020,10-Q,DebtSecuritiesAvailableForSaleMaturityAllocatedAndSingleMaturityDateRollingAfterOneThroughFiveYearsPercentage,aapl,"Debt Securities, Available-for-Sale, Maturity, Allocated and Single Maturity Date, Rolling After One Through Five Years, Percentage",0.81,number,2,instant,,2026-06-27,,2026-06-27,1,us-gaap:FinancialInstrumentAxis=aapl:MarketableDebtSecuritiesOtherThanAssetBackedSecuritiesMember,1
AAPL_10Q_20260627,0000320193-26-000020,10-Q,DebtSecuritiesAvailableForSaleMaturityAllocatedAndSingleMaturityDateRollingAfterFiveThroughTenYearsPercentage,aapl,"Debt Securities, Available-for-Sale, Maturity, Allocated and Single Maturity Date, Rolling After Five Through Ten Years, Percentage",0.16,number,2,instant,,2026-06-27,,2026-06-27,1,us-gaap:FinancialInstrumentAxis=aapl:MarketableDebtSecuritiesOtherThanAssetBackedSecuritiesMember,1
AAPL_10Q_20260627,0000320193-26-000020,10-Q,DebtSecuritiesAvailableForSaleMaturityAllocatedAndSingleMaturityDateRollingAfterTenYearsPercentage,aapl,"Debt Securities, Available-for-Sale, Maturity, Allocated and Single Maturity Date, Rolling After Ten Years, Percentage",0.03,number,2,instant,,2026-06-27,,2026-06-27,1,us-gaap:FinancialInstrumentAxis=aapl:MarketableDebtSecuritiesOtherThanAssetBackedSecuritiesMember,1
AAPL_10Q_20260627,0000320193-26-000020,10-Q,DebtSecuritiesAvailableForSaleMaturityAllocatedAndSingleMaturityDateRollingAfterOneThroughFiveYearsPercentage,aapl,"Debt Securities, Available-for-Sale, Maturity, Allocated and Single Maturity Date, Rolling After One Through Five Years, Percentage",0.14,number,2,instant,,2026-06-27,,2026-06-27,1,us-gaap:FinancialInstrumentAxis=us-gaap:AssetBackedSecuritiesMember,1
AAPL_10Q_20260627,0000320193-26-000020,10-Q,DebtSecuritiesAvailableForSaleMaturityAllocatedAndSingleMaturityDateRollingAfterFiveThroughTenYearsPercentage,aapl,"Debt Securities, Available-for-Sale, Maturity, Allocated and Single Maturity Date, Rolling After Five Through Ten Years, Percentage",0.21,number,2,instant,,2026-06-27,,2026-06-27,1,us-gaap:FinancialInstrumentAxis=us-gaap:AssetBackedSecuritiesMember,1
AAPL_10Q_20260627,0000320193-26-000020,10-Q,DebtSecuritiesAvailableForSaleMaturityAllocatedAndSingleMaturityDateRollingAfterTenYearsPercentage,aapl,"Debt Securities, Available-for-Sale, Maturity, Allocated and Single Maturity Date, Rolling After Ten Years, Percentage",0.65,number,2,instant,,2026-06-27,,2026-06-27,1,us-gaap:FinancialInstrumentAxis=us-gaap:AssetBackedSecuritiesMember,1
AAPL_10Q_20260627,0000320193-26-000020,10-Q,DerivativeNotionalAmount,us-gaap,"Derivative, Notional Amount",61313000000.0,usd,-6,instant,,2026-06-27,,2026-06-27,2,us-gaap:DerivativeInstrumentRiskAxis=us-gaap:ForeignExchangeContractMember;us-gaap:HedgingDesignationAxis=us-gaap:DesignatedAsHedgingInstrumentMember,1
AAPL_10Q_20260627,0000320193-26-000020,10-Q,DerivativeNotionalAmount,us-gaap,"Derivative, Notional Amount",62647000000.0,usd,-6,instant,,2025-09-27,,2025-09-27,2,us-gaap:DerivativeInstrumentRiskAxis=us-gaap:ForeignExchangeContractMember;us-gaap:HedgingDesignationAxis=us-gaap:DesignatedAsHedgingInstrumentMember,1
AAPL_10Q_20260627,0000320193-26-000020,10-Q,DerivativeNotionalAmount,us-gaap,"Derivative, Notional Amount",10625000000.0,usd,-6,instant,,2026-06-27,,2026-06-27,2,us-gaap:DerivativeInstrumentRiskAxis=us-gaap:InterestRateContractMember;us-gaap:HedgingDesignationAxis=us-gaap:DesignatedAsHedgingInstrumentMember,1
AAPL_10Q_20260627,0000320193-26-000020,10-Q,DerivativeNotionalAmount,us-gaap,"Derivative, Notional Amount",12875000000.0,usd,-6,instant,,2025-09-27,,2025-09-27,2,us-gaap:DerivativeInstrumentRiskAxis=us-gaap:InterestRateContractMember;us-gaap:HedgingDesignationAxis=us-gaap:DesignatedAsHedgingInstrumentMember,1
AAPL_10Q_20260627,0000320193-26-000020,10-Q,DerivativeNotionalAmount,us-gaap,"Derivative, Notional Amount",64053000000.0,usd,-6,instant,,2026-06-27,,2026-06-27,2,us-gaap:DerivativeInstrumentRiskAxis=us-gaap:ForeignExchangeContractMember;us-gaap:HedgingDesignationAxis=us-gaap:NondesignatedMember,1
AAPL_10Q_20260627,0000320193-26-000020,10-Q,DerivativeNotionalAmount,us-gaap,"Derivative, Notional Amount",109079000000.0,usd,-6,instant,,2025-09-27,,2025-09-27,2,us-gaap:DerivativeInstrumentRiskAxis=us-gaap:ForeignExchangeContractMember;us-gaap:HedgingDesignationAxis=us-gaap:NondesignatedMember,1
AAPL_10Q_20260627,0000320193-26-000020,10-Q,HedgedLiabilityFairValueHedge,us-gaap,"Hedged Liability, Fair Value Hedge",10400000000.0,usd,-8,instant,,2026-06-27,,2026-06-27,0,,1
AAPL_10Q_20260627,0000320193-26-000020,10-Q,HedgedLiabilityFairValueHedge,us-gaap,"Hedged Liability, Fair Value Hedge",12600000000.0,usd,-8,instant,,2025-09-27,,2025-09-27,0,,1
AAPL_10Q_20260627,0000320193-26-000020,10-Q,ConcentrationRiskPercentage1,us-gaap,"Concentration Risk, Percentage",0.18,number,2,duration,2025-09-28,2026-06-27,9.0,9M ended 2026-06-27,3,srt:MajorCustomersAxis=aapl:CustomerOneMember;us-gaap:ConcentrationRiskByBenchmarkAxis=us-gaap:TradeAccountsReceivableMember;us-gaap:ConcentrationRiskByTypeAxis=us-gaap:CreditConcentrationRiskMember,1
AAPL_10Q_20260627,0000320193-26-000020,10-Q,ConcentrationRiskPercentage1,us-gaap,"Concentration Risk, Percentage",0.12,number,2,duration,2024-09-29,2025-09-27,12.0,FY ended 2025-09-27,3,srt:MajorCustomersAxis=aapl:CustomerOneMember;us-gaap:ConcentrationRiskByBenchmarkAxis=us-gaap:TradeAccountsReceivableMember;us-gaap:ConcentrationRiskByTypeAxis=us-gaap:CreditConcentrationRiskMember,1
AAPL_10Q_20260627,0000320193-26-000020,10-Q,ConcentrationRiskPercentage1,us-gaap,"Concentration Risk, Percentage",0.27,number,2,duration,2025-09-28,2026-06-27,9.0,9M ended 2026-06-27,3,srt:MajorCustomersAxis=aapl:CellularNetworkCarriersMember;us-gaap:ConcentrationRiskByBenchmarkAxis=us-gaap:TradeAccountsReceivableMember;us-gaap:ConcentrationRiskByTypeAxis=us-gaap:CreditConcentrationRiskMember,1
AAPL_10Q_20260627,0000320193-26-000020,10-Q,ConcentrationRiskPercentage1,us-gaap,"Concentration Risk, Percentage",0.34,number,2,duration,2024-09-29,2025-09-27,12.0,FY ended 2025-09-27,3,srt:MajorCustomersAxis=aapl:CellularNetworkCarriersMember;us-gaap:ConcentrationRiskByBenchmarkAxis=us-gaap:TradeAccountsReceivableMember;us-gaap:ConcentrationRiskByTypeAxis=us-gaap:CreditConcentrationRiskMember,1
AAPL_10Q_20260627,0000320193-26-000020,10-Q,ConcentrationRiskPercentage1,us-gaap,"Concentration Risk, Percentage",0.47,number,2,duration,2025-09-28,2026-06-27,9.0,9M ended 2026-06-27,3,srt:MajorCustomersAxis=aapl:VendorOneMember;us-gaap:ConcentrationRiskByBenchmarkAxis=aapl:NonTradeReceivableMember;us-gaap:ConcentrationRiskByTypeAxis=us-gaap:CreditConcentrationRiskMember,1
AAPL_10Q_20260627,0000320193-26-000020,10-Q,ConcentrationRiskPercentage1,us-gaap,"Concentration Risk, Percentage",0.22,number,2,duration,2025-09-28,2026-06-27,9.0,9M ended 2026-06-27,3,srt:MajorCustomersAxis=aapl:VendorTwoMember;us-gaap:ConcentrationRiskByBenchmarkAxis=aapl:NonTradeReceivableMember;us-gaap:ConcentrationRiskByTypeAxis=us-gaap:CreditConcentrationRiskMember,1
AAPL_10Q_20260627,0000320193-26-000020,10-Q,ConcentrationRiskPercentage1,us-gaap,"Concentration Risk, Percentage",0.46,number,2,duration,2024-09-29,2025-09-27,12.0,FY ended 2025-09-27,3,srt:MajorCustomersAxis=aapl:VendorOneMember;us-gaap:ConcentrationRiskByBenchmarkAxis=aapl:NonTradeReceivableMember;us-gaap:ConcentrationRiskByTypeAxis=us-gaap:CreditConcentrationRiskMember,1
AAPL_10Q_20260627,0000320193-26-000020,10-Q,ConcentrationRiskPercentage1,us-gaap,"Concentration Risk, Percentage",0.23,number,2,duration,2024-09-29,2025-09-27,12.0,FY ended 2025-09-27,3,srt:MajorCustomersAxis=aapl:VendorTwoMember;us-gaap:ConcentrationRiskByBenchmarkAxis=aapl:NonTradeReceivableMember;us-gaap:ConcentrationRiskByTypeAxis=us-gaap:CreditConcentrationRiskMember,1
AAPL_10Q_20260627,0000320193-26-000020,10-Q,InventoryRawMaterialsAndPurchasedPartsNetOfReserves,us-gaap,"Inventory, Raw Materials and Purchased Parts, Net of Reserves",7645000000.0,usd,-6,instant,,2026-06-27,,2026-06-27,0,,1
AAPL_10Q_20260627,0000320193-26-000020,10-Q,InventoryRawMaterialsAndPurchasedPartsNetOfReserves,us-gaap,"Inventory, Raw Materials and Purchased Parts, Net of Reserves",2124000000.0,usd,-6,instant,,2025-09-27,,2025-09-27,0,,1
AAPL_10Q_20260627,0000320193-26-000020,10-Q,InventoryFinishedGoodsNetOfReserves,us-gaap,"Inventory, Finished Goods, Net of Reserves",3447000000.0,usd,-6,instant,,2026-06-27,,2026-06-27,0,,1
AAPL_10Q_20260627,0000320193-26-000020,10-Q,InventoryFinishedGoodsNetOfReserves,us-gaap,"Inventory, Finished Goods, Net of Reserves",3594000000.0,usd,-6,instant,,2025-09-27,,2025-09-27,0,,1
AAPL_10Q_20260627,0000320193-26-000020,10-Q,PropertyPlantAndEquipmentGross,us-gaap,"Property, Plant and Equipment, Gross",128175000000.0,usd,-6,instant,,2026-06-27,,2026-06-27,0,,1
AAPL_10Q_20260627,0000320193-26-000020,10-Q,PropertyPlantAndEquipmentGross,us-gaap,"Property, Plant and Equipment, Gross",125848000000.0,usd,-6,instant,,2025-09-27,,2025-09-27,0,,1
AAPL_10Q_20260627,0000320193-26-000020,10-Q,AccumulatedDepreciationDepletionAndAmortizationPropertyPlantAndEquipment,us-gaap,"Accumulated Depreciation, Depletion and Amortization, Property, Plant, and Equipment",76744000000.0,usd,-6,instant,,2026-06-27,,2026-06-27,0,,1
AAPL_10Q_20260627,0000320193-26-000020,10-Q,AccumulatedDepreciationDepletionAndAmortizationPropertyPlantAndEquipment,us-gaap,"Accumulated Depreciation, Depletion and Amortization, Property, Plant, and Equipment",76014000000.0,usd,-6,instant,,2025-09-27,,2025-09-27,0,,1
AAPL_10Q_20260627,0000320193-26-000020,10-Q,IntangibleAssetsGrossExcludingGoodwill,us-gaap,"Intangible Assets, Gross (Excluding Goodwill)",38220000000.0,usd,-6,instant,,2026-06-27,,2026-06-27,0,,1
AAPL_10Q_20260627,0000320193-26-000020,10-Q,IntangibleAssetsGrossExcludingGoodwill,us-gaap,"Intangible Assets, Gross (Excluding Goodwill)",24950000000.0,usd,-6,instant,,2025-09-27,,2025-09-27,0,,1
AAPL_10Q_20260627,0000320193-26-000020,10-Q,FiniteLivedIntangibleAssetsAccumulatedAmortization,us-gaap,"Finite-Lived Intangible Assets, Accumulated Amortization",12803000000.0,usd,-6,instant,,2026-06-27,,2026-06-27,0,,1
AAPL_10Q_20260627,0000320193-26-000020,10-Q,FiniteLivedIntangibleAssetsAccumulatedAmortization,us-gaap,"Finite-Lived Intangible Assets, Accumulated Amortization",11649000000.0,usd,-6,instant,,2025-09-27,,2025-09-27,0,,1
AAPL_10Q_20260627,0000320193-26-000020,10-Q,IntangibleAssetsNetExcludingGoodwill,us-gaap,"Intangible Assets, Net (Excluding Goodwill)",25417000000.0,usd,-6,instant,,2026-06-27,,2026-06-27,0,,1
AAPL_10Q_20260627,0000320193-26-000020,10-Q,IntangibleAssetsNetExcludingGoodwill,us-gaap,"Intangible Assets, Net (Excluding Goodwill)",13301000000.0,usd,-6,instant,,2025-09-27,,2025-09-27,0,,1
AAPL_10Q_20260627,0000320193-26-000020,10-Q,IntangibleAssetsNetExcludingGoodwillCurrent,aapl,"Intangible Assets, Net (Excluding Goodwill), Current",5075000000.0,usd,-6,instant,,2026-06-27,,2026-06-27,0,,1
AAPL_10Q_20260627,0000320193-26-000020,10-Q,IntangibleAssetsNetExcludingGoodwillCurrent,aapl,"Intangible Assets, Net (Excluding Goodwill), Current",2208000000.0,usd,-6,instant,,2025-09-27,,2025-09-27,0,,1
AAPL_10Q_20260627,0000320193-26-000020,10-Q,CommercialPaper,us-gaap,Commercial Paper,2000000000.0,usd,-8,instant,,2026-06-27,,2026-06-27,1,us-gaap:ShortTermDebtTypeAxis=us-gaap:CommercialPaperMember,1
AAPL_10Q_20260627,0000320193-26-000020,10-Q,CommercialPaper,us-gaap,Commercial Paper,8000000000.0,usd,-8,instant,,2025-09-27,,2025-09-27,1,us-gaap:ShortTermDebtTypeAxis=us-gaap:CommercialPaperMember,1
AAPL_10Q_20260627,0000320193-26-000020,10-Q,ProceedsFromRepaymentsOfShortTermDebtMaturingInThreeMonthsOrLess,us-gaap,"Proceeds from (Repayments of) Short-Term Debt, Maturing in Three Months or Less",-2123000000.0,usd,-6,duration,2025-09-28,2026-06-27,9.0,9M ended 2026-06-27,0,,1
AAPL_10Q_20260627,0000320193-26-000020,10-Q,ProceedsFromRepaymentsOfShortTermDebtMaturingInThreeMonthsOrLess,us-gaap,"Proceeds from (Repayments of) Short-Term Debt, Maturing in Three Months or Less",-5690000000.0,usd,-6,duration,2024-09-29,2025-06-28,9.0,9M ended 2025-06-28,0,,1
AAPL_10Q_20260627,0000320193-26-000020,10-Q,ProceedsFromShortTermDebtMaturingInMoreThanThreeMonths,us-gaap,"Proceeds from Short-Term Debt, Maturing in More than Three Months",0.0,usd,-6,duration,2025-09-28,2026-06-27,9.0,9M ended 2026-06-27,0,,1
AAPL_10Q_20260627,0000320193-26-000020,10-Q,ProceedsFromShortTermDebtMaturingInMoreThanThreeMonths,us-gaap,"Proceeds from Short-Term Debt, Maturing in More than Three Months",5625000000.0,usd,-6,duration,2024-09-29,2025-06-28,9.0,9M ended 2025-06-28,0,,1
AAPL_10Q_20260627,0000320193-26-000020,10-Q,RepaymentsOfShortTermDebtMaturingInMoreThanThreeMonths,us-gaap,"Repayments of Short-Term Debt, Maturing in More than Three Months",3788000000.0,usd,-6,duration,2025-09-28,2026-06-27,9.0,9M ended 2026-06-27,0,,1
AAPL_10Q_20260627,0000320193-26-000020,10-Q,RepaymentsOfShortTermDebtMaturingInMoreThanThreeMonths,us-gaap,"Repayments of Short-Term Debt, Maturing in More than Three Months",0.0,usd,-6,duration,2024-09-29,2025-06-28,9.0,9M ended 2025-06-28,0,,1
AAPL_10Q_20260627,0000320193-26-000020,10-Q,ProceedsFromRepaymentsOfShortTermDebtMaturingInMoreThanThreeMonths,us-gaap,"Proceeds from (Repayments of) Short-Term Debt, Maturing in More than Three Months",-3788000000.0,usd,-6,duration,2025-09-28,2026-06-27,9.0,9M ended 2026-06-27,0,,1
AAPL_10Q_20260627,0000320193-26-000020,10-Q,ProceedsFromRepaymentsOfShortTermDebtMaturingInMoreThanThreeMonths,us-gaap,"Proceeds from (Repayments of) Short-Term Debt, Maturing in More than Three Months",5625000000.0,usd,-6,duration,2024-09-29,2025-06-28,9.0,9M ended 2025-06-28,0,,1
AAPL_10Q_20260627,0000320193-26-000020,10-Q,LongTermDebt,us-gaap,Long-Term Debt,82300000000.0,usd,-8,instant,,2026-06-27,,2026-06-27,0,,1
AAPL_10Q_20260627,0000320193-26-000020,10-Q,LongTermDebt,us-gaap,Long-Term Debt,90700000000.0,usd,-8,instant,,2025-09-27,,2025-09-27,0,,1
AAPL_10Q_20260627,0000320193-26-000020,10-Q,LongTermDebtFairValue,us-gaap,"Long-Term Debt, Fair Value",71200000000.0,usd,-8,instant,,2026-06-27,,2026-06-27,1,us-gaap:FairValueByFairValueHierarchyLevelAxis=us-gaap:FairValueInputsLevel2Member,1
AAPL_10Q_20260627,0000320193-26-000020,10-Q,LongTermDebtFairValue,us-gaap,"Long-Term Debt, Fair Value",80400000000.0,usd,-8,instant,,2025-09-27,,2025-09-27,1,us-gaap:FairValueByFairValueHierarchyLevelAxis=us-gaap:FairValueInputsLevel2Member,1
AAPL_10Q_20260627,0000320193-26-000020,10-Q,StockRepurchasedAndRetiredDuringPeriodShares,us-gaap,"Stock Repurchased and Retired During Period, Shares",215000000.0,shares,-6,duration,2025-09-28,2026-06-27,9.0,9M ended 2026-06-27,0,,1
AAPL_10Q_20260627,0000320193-26-000020,10-Q,StockRepurchasedAndRetiredDuringPeriodValue,us-gaap,"Stock Repurchased and Retired During Period, Value",61800000000.0,usd,-8,duration,2025-09-28,2026-06-27,9.0,9M ended 2026-06-27,0,,1
AAPL_10Q_20260627,0000320193-26-000020,10-Q,ShareBasedCompensationArrangementByShareBasedPaymentAwardEquityInstrumentsOtherThanOptionsNonvestedNumber,us-gaap,"Share-Based Compensation Arrangement by Share-Based Payment Award, Equity Instruments Other than Options, Nonvested, Number",151574000.0,shares,-3,instant,,2025-09-27,,2025-09-27,1,us-gaap:AwardTypeAxis=us-gaap:RestrictedStockUnitsRSUMember,1
AAPL_10Q_20260627,0000320193-26-000020,10-Q,ShareBasedCompensationArrangementByShareBasedPaymentAwardEquityInstrumentsOtherThanOptionsNonvestedWeightedAverageGrantDateFairValue,us-gaap,"Share-Based Compensation Arrangement by Share-Based Payment Award, Equity Instruments Other than Options, Nonvested, Weighted Average Grant Date Fair Value",189.75,usdPerShare,2,instant,,2025-09-27,,2025-09-27,1,us-gaap:AwardTypeAxis=us-gaap:RestrictedStockUnitsRSUMember,1
AAPL_10Q_20260627,0000320193-26-000020,10-Q,ShareBasedCompensationArrangementByShareBasedPaymentAwardEquityInstrumentsOtherThanOptionsGrantsInPeriod,us-gaap,"Share-Based Compensation Arrangement by Share-Based Payment Award, Equity Instruments Other than Options, Grants in Period",72400000.0,shares,-3,duration,2025-09-28,2026-06-27,9.0,9M ended 2026-06-27,1,us-gaap:AwardTypeAxis=us-gaap:RestrictedStockUnitsRSUMember,1
AAPL_10Q_20260627,0000320193-26-000020,10-Q,ShareBasedCompensationArrangementByShareBasedPaymentAwardEquityInstrumentsOtherThanOptionsGrantsInPeriodWeightedAverageGrantDateFairValue,us-gaap,"Share-Based Compensation Arrangement by Share-Based Payment Award, Equity Instruments Other than Options, Grants in Period, Weighted Average Grant Date Fair Value",258.16,usdPerShare,2,duration,2025-09-28,2026-06-27,9.0,9M ended 2026-06-27,1,us-gaap:AwardTypeAxis=us-gaap:RestrictedStockUnitsRSUMember,1
AAPL_10Q_20260627,0000320193-26-000020,10-Q,ShareBasedCompensationArrangementByShareBasedPaymentAwardEquityInstrumentsOtherThanOptionsVestedInPeriod,us-gaap,"Share-Based Compensation Arrangement by Share-Based Payment Award, Equity Instruments Other than Options, Vested in Period",70594000.0,shares,-3,duration,2025-09-28,2026-06-27,9.0,9M ended 2026-06-27,1,us-gaap:AwardTypeAxis=us-gaap:RestrictedStockUnitsRSUMember,1
AAPL_10Q_20260627,0000320193-26-000020,10-Q,ShareBasedCompensationArrangementByShareBasedPaymentAwardEquityInstrumentsOtherThanOptionsVestedInPeriodWeightedAverageGrantDateFairValue,us-gaap,"Share-Based Compensation Arrangement by Share-Based Payment Award, Equity Instruments Other than Options, Vested in Period, Weighted Average Grant Date Fair Value",184.72,usdPerShare,2,duration,2025-09-28,2026-06-27,9.0,9M ended 2026-06-27,1,us-gaap:AwardTypeAxis=us-gaap:RestrictedStockUnitsRSUMember,1
AAPL_10Q_20260627,0000320193-26-000020,10-Q,ShareBasedCompensationArrangementByShareBasedPaymentAwardEquityInstrumentsOtherThanOptionsForfeitedInPeriod,us-gaap,"Share-Based Compensation Arrangement by Share-Based Payment Award, Equity Instruments Other than Options, Forfeited in Period",9418000.0,shares,-3,duration,2025-09-28,2026-06-27,9.0,9M ended 2026-06-27,1,us-gaap:AwardTypeAxis=us-gaap:RestrictedStockUnitsRSUMember,1
AAPL_10Q_20260627,0000320193-26-000020,10-Q,ShareBasedCompensationArrangementByShareBasedPaymentAwardEquityInstrumentsOtherThanOptionsForfeituresWeightedAverageGrantDateFairValue,us-gaap,"Share-Based Compensation Arrangement by Share-Based Payment Award, Equity Instruments Other than Options, Forfeitures, Weighted Average Grant Date Fair Value",213.67,usdPerShare,2,duration,2025-09-28,2026-06-27,9.0,9M ended 2026-06-27,1,us-gaap:AwardTypeAxis=us-gaap:RestrictedStockUnitsRSUMember,1
AAPL_10Q_20260627,0000320193-26-000020,10-Q,ShareBasedCompensationArrangementByShareBasedPaymentAwardEquityInstrumentsOtherThanOptionsNonvestedNumber,us-gaap,"Share-Based Compensation Arrangement by Share-Based Payment Award, Equity Instruments Other than Options, Nonvested, Number",143962000.0,shares,-3,instant,,2026-06-27,,2026-06-27,1,us-gaap:AwardTypeAxis=us-gaap:RestrictedStockUnitsRSUMember,1
AAPL_10Q_20260627,0000320193-26-000020,10-Q,ShareBasedCompensationArrangementByShareBasedPaymentAwardEquityInstrumentsOtherThanOptionsNonvestedWeightedAverageGrantDateFairValue,us-gaap,"Share-Based Compensation Arrangement by Share-Based Payment Award, Equity Instruments Other than Options, Nonvested, Weighted Average Grant Date Fair Value",225.06,usdPerShare,2,instant,,2026-06-27,,2026-06-27,1,us-gaap:AwardTypeAxis=us-gaap:RestrictedStockUnitsRSUMember,1
AAPL_10Q_20260627,0000320193-26-000020,10-Q,ShareBasedCompensationArrangementByShareBasedPaymentAwardEquityInstrumentsOtherThanOptionsVestedInPeriodTotalFairValue,us-gaap,"Share-Based Compensation Arrangement by Share-Based Payment Award, Equity Instruments Other than Options, Vested in Period, Fair Value",8900000000.0,usd,-8,duration,2026-03-29,2026-06-27,3.0,3M ended 2026-06-27,1,us-gaap:AwardTypeAxis=us-gaap:RestrictedStockUnitsRSUMember,1
AAPL_10Q_20260627,0000320193-26-000020,10-Q,ShareBasedCompensationArrangementByShareBasedPaymentAwardEquityInstrumentsOtherThanOptionsVestedInPeriodTotalFairValue,us-gaap,"Share-Based Compensation Arrangement by Share-Based Payment Award, Equity Instruments Other than Options, Vested in Period, Fair Value",7000000000.0,usd,-8,duration,2025-03-30,2025-06-28,3.0,3M ended 2025-06-28,1,us-gaap:AwardTypeAxis=us-gaap:RestrictedStockUnitsRSUMember,1
AAPL_10Q_20260627,0000320193-26-000020,10-Q,ShareBasedCompensationArrangementByShareBasedPaymentAwardEquityInstrumentsOtherThanOptionsVestedInPeriodTotalFairValue,us-gaap,"Share-Based Compensation Arrangement by Share-Based Payment Award, Equity Instruments Other than Options, Vested in Period, Fair Value",18400000000.0,usd,-8,duration,2025-09-28,2026-06-27,9.0,9M ended 2026-06-27,1,us-gaap:AwardTypeAxis=us-gaap:RestrictedStockUnitsRSUMember,1
AAPL_10Q_20260627,0000320193-26-000020,10-Q,ShareBasedCompensationArrangementByShareBasedPaymentAwardEquityInstrumentsOtherThanOptionsVestedInPeriodTotalFairValue,us-gaap,"Share-Based Compensation Arrangement by Share-Based Payment Award, Equity Instruments Other than Options, Vested in Period, Fair Value",16300000000.0,usd,-8,duration,2024-09-29,2025-06-28,9.0,9M ended 2025-06-28,1,us-gaap:AwardTypeAxis=us-gaap:RestrictedStockUnitsRSUMember,1
AAPL_10Q_20260627,0000320193-26-000020,10-Q,AllocatedShareBasedCompensationExpense,us-gaap,"Share-Based Payment Arrangement, Expense",3401000000.0,usd,-6,duration,2026-03-29,2026-06-27,3.0,3M ended 2026-06-27,0,,1
AAPL_10Q_20260627,0000320193-26-000020,10-Q,AllocatedShareBasedCompensationExpense,us-gaap,"Share-Based Payment Arrangement, Expense",3168000000.0,usd,-6,duration,2025-03-30,2025-06-28,3.0,3M ended 2025-06-28,0,,1
AAPL_10Q_20260627,0000320193-26-000020,10-Q,AllocatedShareBasedCompensationExpense,us-gaap,"Share-Based Payment Arrangement, Expense",10523000000.0,usd,-6,duration,2025-09-28,2026-06-27,9.0,9M ended 2026-06-27,0,,1
AAPL_10Q_20260627,0000320193-26-000020,10-Q,AllocatedShareBasedCompensationExpense,us-gaap,"Share-Based Payment Arrangement, Expense",9680000000.0,usd,-6,duration,2024-09-29,2025-06-28,9.0,9M ended 2025-06-28,0,,1
AAPL_10Q_20260627,0000320193-26-000020,10-Q,EmployeeServiceShareBasedCompensationTaxBenefitFromCompensationExpense,us-gaap,"Share-Based Payment Arrangement, Expense, Tax Benefit",1122000000.0,usd,-6,duration,2026-03-29,2026-06-27,3.0,3M ended 2026-06-27,0,,1
AAPL_10Q_20260627,0000320193-26-000020,10-Q,EmployeeServiceShareBasedCompensationTaxBenefitFromCompensationExpense,us-gaap,"Share-Based Payment Arrangement, Expense, Tax Benefit",795000000.0,usd,-6,duration,2025-03-30,2025-06-28,3.0,3M ended 2025-06-28,0,,1
AAPL_10Q_20260627,0000320193-26-000020,10-Q,EmployeeServiceShareBasedCompensationTaxBenefitFromCompensationExpense,us-gaap,"Share-Based Payment Arrangement, Expense, Tax Benefit",3217000000.0,usd,-6,duration,2025-09-28,2026-06-27,9.0,9M ended 2026-06-27,0,,1
AAPL_10Q_20260627,0000320193-26-000020,10-Q,EmployeeServiceShareBasedCompensationTaxBenefitFromCompensationExpense,us-gaap,"Share-Based Payment Arrangement, Expense, Tax Benefit",2870000000.0,usd,-6,duration,2024-09-29,2025-06-28,9.0,9M ended 2025-06-28,0,,1
AAPL_10Q_20260627,0000320193-26-000020,10-Q,EmployeeServiceShareBasedCompensationNonvestedAwardsTotalCompensationCostNotYetRecognized,us-gaap,"Share-Based Payment Arrangement, Nonvested Award, Cost Not yet Recognized, Amount",26700000000.0,usd,-8,instant,,2026-06-27,,2026-06-27,1,us-gaap:AwardTypeAxis=us-gaap:RestrictedStockUnitsRSUMember,1
AAPL_10Q_20260627,0000320193-26-000020,10-Q,UnrecordedUnconditionalPurchaseObligationDueInRemainderOfFiscalYear,us-gaap,"Unrecorded Unconditional Purchase Obligation, to be Paid, Remainder of Fiscal Year",2053000000.0,usd,-6,instant,,2026-06-27,,2026-06-27,0,,1
AAPL_10Q_20260627,0000320193-26-000020,10-Q,UnrecordedUnconditionalPurchaseObligationBalanceOnFirstAnniversary,us-gaap,"Unrecorded Unconditional Purchase Obligation, to be Paid, Year One",7652000000.0,usd,-6,instant,,2026-06-27,,2026-06-27,0,,1
AAPL_10Q_20260627,0000320193-26-000020,10-Q,UnrecordedUnconditionalPurchaseObligationBalanceOnSecondAnniversary,us-gaap,"Unrecorded Unconditional Purchase Obligation, to be Paid, Year Two",6406000000.0,usd,-6,instant,,2026-06-27,,2026-06-27,0,,1
AAPL_10Q_20260627,0000320193-26-000020,10-Q,UnrecordedUnconditionalPurchaseObligationBalanceOnThirdAnniversary,us-gaap,"Unrecorded Unconditional Purchase Obligation, to be Paid, Year Three",5421000000.0,usd,-6,instant,,2026-06-27,,2026-06-27,0,,1
AAPL_10Q_20260627,0000320193-26-000020,10-Q,UnrecordedUnconditionalPurchaseObligationBalanceOnFourthAnniversary,us-gaap,"Unrecorded Unconditional Purchase Obligation, to be Paid, Year Four",5481000000.0,usd,-6,instant,,2026-06-27,,2026-06-27,0,,1
AAPL_10Q_20260627,0000320193-26-000020,10-Q,UnrecordedUnconditionalPurchaseObligationToBePaidAfterYearFour,aapl,"Unrecorded Unconditional Purchase Obligation, to be Paid, after Year Four",615000000.0,usd,-6,instant,,2026-06-27,,2026-06-27,0,,1
AAPL_10Q_20260627,0000320193-26-000020,10-Q,UnrecordedUnconditionalPurchaseObligationBalanceSheetAmount,us-gaap,Unrecorded Unconditional Purchase Obligation,27628000000.0,usd,-6,instant,,2026-06-27,,2026-06-27,0,,1
AAPL_10Q_20260627,0000320193-26-000020,10-Q,RevenueFromContractWithCustomerExcludingAssessedTax,us-gaap,"Revenue from Contract with Customer, Excluding Assessed Tax",45781000000.0,usd,-6,duration,2026-03-29,2026-06-27,3.0,3M ended 2026-06-27,2,srt:ConsolidationItemsAxis=us-gaap:OperatingSegmentsMember;us-gaap:StatementBusinessSegmentsAxis=aapl:AmericasSegmentMember,1
AAPL_10Q_20260627,0000320193-26-000020,10-Q,RevenueFromContractWithCustomerExcludingAssessedTax,us-gaap,"Revenue from Contract with Customer, Excluding Assessed Tax",29395000000.0,usd,-6,duration,2026-03-29,2026-06-27,3.0,3M ended 2026-06-27,2,srt:ConsolidationItemsAxis=us-gaap:OperatingSegmentsMember;us-gaap:StatementBusinessSegmentsAxis=aapl:EuropeSegmentMember,1
AAPL_10Q_20260627,0000320193-26-000020,10-Q,RevenueFromContractWithCustomerExcludingAssessedTax,us-gaap,"Revenue from Contract with Customer, Excluding Assessed Tax",18816000000.0,usd,-6,duration,2026-03-29,2026-06-27,3.0,3M ended 2026-06-27,2,srt:ConsolidationItemsAxis=us-gaap:OperatingSegmentsMember;us-gaap:StatementBusinessSegmentsAxis=aapl:GreaterChinaSegmentMember,1
AAPL_10Q_20260627,0000320193-26-000020,10-Q,RevenueFromContractWithCustomerExcludingAssessedTax,us-gaap,"Revenue from Contract with Customer, Excluding Assessed Tax",6554000000.0,usd,-6,duration,2026-03-29,2026-06-27,3.0,3M ended 2026-06-27,2,srt:ConsolidationItemsAxis=us-gaap:OperatingSegmentsMember;us-gaap:StatementBusinessSegmentsAxis=aapl:JapanSegmentMember,1
AAPL_10Q_20260627,0000320193-26-000020,10-Q,RevenueFromContractWithCustomerExcludingAssessedTax,us-gaap,"Revenue from Contract with Customer, Excluding Assessed Tax",8871000000.0,usd,-6,duration,2026-03-29,2026-06-27,3.0,3M ended 2026-06-27,2,srt:ConsolidationItemsAxis=us-gaap:OperatingSegmentsMember;us-gaap:StatementBusinessSegmentsAxis=aapl:RestOfAsiaPacificSegmentMember,1
AAPL_10Q_20260627,0000320193-26-000020,10-Q,CostOfGoodsAndServicesSold,us-gaap,Cost of Product and Service Sold,21507000000.0,usd,-6,duration,2026-03-29,2026-06-27,3.0,3M ended 2026-06-27,2,srt:ConsolidationItemsAxis=us-gaap:OperatingSegmentsMember;us-gaap:StatementBusinessSegmentsAxis=aapl:AmericasSegmentMember,1
AAPL_10Q_20260627,0000320193-26-000020,10-Q,CostOfGoodsAndServicesSold,us-gaap,Cost of Product and Service Sold,14732000000.0,usd,-6,duration,2026-03-29,2026-06-27,3.0,3M ended 2026-06-27,2,srt:ConsolidationItemsAxis=us-gaap:OperatingSegmentsMember;us-gaap:StatementBusinessSegmentsAxis=aapl:EuropeSegmentMember,1
AAPL_10Q_20260627,0000320193-26-000020,10-Q,CostOfGoodsAndServicesSold,us-gaap,Cost of Product and Service Sold,10771000000.0,usd,-6,duration,2026-03-29,2026-06-27,3.0,3M ended 2026-06-27,2,srt:ConsolidationItemsAxis=us-gaap:OperatingSegmentsMember;us-gaap:StatementBusinessSegmentsAxis=aapl:GreaterChinaSegmentMember,1
AAPL_10Q_20260627,0000320193-26-000020,10-Q,CostOfGoodsAndServicesSold,us-gaap,Cost of Product and Service Sold,3310000000.0,usd,-6,duration,2026-03-29,2026-06-27,3.0,3M ended 2026-06-27,2,srt:ConsolidationItemsAxis=us-gaap:OperatingSegmentsMember;us-gaap:StatementBusinessSegmentsAxis=aapl:JapanSegmentMember,1
AAPL_10Q_20260627,0000320193-26-000020,10-Q,CostOfGoodsAndServicesSold,us-gaap,Cost of Product and Service Sold,4327000000.0,usd,-6,duration,2026-03-29,2026-06-27,3.0,3M ended 2026-06-27,2,srt:ConsolidationItemsAxis=us-gaap:OperatingSegmentsMember;us-gaap:StatementBusinessSegmentsAxis=aapl:RestOfAsiaPacificSegmentMember,1
AAPL_10Q_20260627,0000320193-26-000020,10-Q,ResearchAndDevelopmentExpense,us-gaap,Research and Development Expense,11729000000.0,usd,-6,duration,2026-03-29,2026-06-27,3.0,3M ended 2026-06-27,1,srt:ConsolidationItemsAxis=us-gaap:CorporateNonSegmentMember,1
AAPL_10Q_20260627,0000320193-26-000020,10-Q,SellingAndMarketingExpense,us-gaap,Selling and Marketing Expense,2573000000.0,usd,-6,duration,2026-03-29,2026-06-27,3.0,3M ended 2026-06-27,2,srt:ConsolidationItemsAxis=us-gaap:OperatingSegmentsMember;us-gaap:StatementBusinessSegmentsAxis=aapl:AmericasSegmentMember,1
AAPL_10Q_20260627,0000320193-26-000020,10-Q,SellingAndMarketingExpense,us-gaap,Selling and Marketing Expense,1220000000.0,usd,-6,duration,2026-03-29,2026-06-27,3.0,3M ended 2026-06-27,2,srt:ConsolidationItemsAxis=us-gaap:OperatingSegmentsMember;us-gaap:StatementBusinessSegmentsAxis=aapl:EuropeSegmentMember,1
AAPL_10Q_20260627,0000320193-26-000020,10-Q,SellingAndMarketingExpense,us-gaap,Selling and Marketing Expense,639000000.0,usd,-6,duration,2026-03-29,2026-06-27,3.0,3M ended 2026-06-27,2,srt:ConsolidationItemsAxis=us-gaap:OperatingSegmentsMember;us-gaap:StatementBusinessSegmentsAxis=aapl:GreaterChinaSegmentMember,1
AAPL_10Q_20260627,0000320193-26-000020,10-Q,SellingAndMarketingExpense,us-gaap,Selling and Marketing Expense,240000000.0,usd,-6,duration,2026-03-29,2026-06-27,3.0,3M ended 2026-06-27,2,srt:ConsolidationItemsAxis=us-gaap:OperatingSegmentsMember;us-gaap:StatementBusinessSegmentsAxis=aapl:JapanSegmentMember,1
AAPL_10Q_20260627,0000320193-26-000020,10-Q,SellingAndMarketingExpense,us-gaap,Selling and Marketing Expense,362000000.0,usd,-6,duration,2026-03-29,2026-06-27,3.0,3M ended 2026-06-27,2,srt:ConsolidationItemsAxis=us-gaap:OperatingSegmentsMember;us-gaap:StatementBusinessSegmentsAxis=aapl:RestOfAsiaPacificSegmentMember,1
AAPL_10Q_20260627,0000320193-26-000020,10-Q,SellingAndMarketingExpense,us-gaap,Selling and Marketing Expense,5034000000.0,usd,-6,duration,2026-03-29,2026-06-27,3.0,3M ended 2026-06-27,0,,1
AAPL_10Q_20260627,0000320193-26-000020,10-Q,GeneralAndAdministrativeExpense,us-gaap,General and Administrative Expense,2312000000.0,usd,-6,duration,2026-03-29,2026-06-27,3.0,3M ended 2026-06-27,1,srt:ConsolidationItemsAxis=us-gaap:CorporateNonSegmentMember,1
AAPL_10Q_20260627,0000320193-26-000020,10-Q,GeneralAndAdministrativeExpense,us-gaap,General and Administrative Expense,2312000000.0,usd,-6,duration,2026-03-29,2026-06-27,3.0,3M ended 2026-06-27,0,,1
AAPL_10Q_20260627,0000320193-26-000020,10-Q,OperatingIncomeLoss,us-gaap,Operating Income (Loss),21701000000.0,usd,-6,duration,2026-03-29,2026-06-27,3.0,3M ended 2026-06-27,2,srt:ConsolidationItemsAxis=us-gaap:OperatingSegmentsMember;us-gaap:StatementBusinessSegmentsAxis=aapl:AmericasSegmentMember,1
AAPL_10Q_20260627,0000320193-26-000020,10-Q,OperatingIncomeLoss,us-gaap,Operating Income (Loss),13443000000.0,usd,-6,duration,2026-03-29,2026-06-27,3.0,3M ended 2026-06-27,2,srt:ConsolidationItemsAxis=us-gaap:OperatingSegmentsMember;us-gaap:StatementBusinessSegmentsAxis=aapl:EuropeSegmentMember,1
AAPL_10Q_20260627,0000320193-26-000020,10-Q,OperatingIncomeLoss,us-gaap,Operating Income (Loss),7406000000.0,usd,-6,duration,2026-03-29,2026-06-27,3.0,3M ended 2026-06-27,2,srt:ConsolidationItemsAxis=us-gaap:OperatingSegmentsMember;us-gaap:StatementBusinessSegmentsAxis=aapl:GreaterChinaSegmentMember,1
AAPL_10Q_20260627,0000320193-26-000020,10-Q,OperatingIncomeLoss,us-gaap,Operating Income (Loss),3004000000.0,usd,-6,duration,2026-03-29,2026-06-27,3.0,3M ended 2026-06-27,2,srt:ConsolidationItemsAxis=us-gaap:OperatingSegmentsMember;us-gaap:StatementBusinessSegmentsAxis=aapl:JapanSegmentMember,1
AAPL_10Q_20260627,0000320193-26-000020,10-Q,OperatingIncomeLoss,us-gaap,Operating Income (Loss),4182000000.0,usd,-6,duration,2026-03-29,2026-06-27,3.0,3M ended 2026-06-27,2,srt:ConsolidationItemsAxis=us-gaap:OperatingSegmentsMember;us-gaap:StatementBusinessSegmentsAxis=aapl:RestOfAsiaPacificSegmentMember,1
AAPL_10Q_20260627,0000320193-26-000020,10-Q,OperatingIncomeLoss,us-gaap,Operating Income (Loss),-14041000000.0,usd,-6,duration,2026-03-29,2026-06-27,3.0,3M ended 2026-06-27,1,srt:ConsolidationItemsAxis=us-gaap:CorporateNonSegmentMember,1
AAPL_10Q_20260627,0000320193-26-000020,10-Q,RevenueFromContractWithCustomerExcludingAssessedTax,us-gaap,"Revenue from Contract with Customer, Excluding Assessed Tax",41198000000.0,usd,-6,duration,2025-03-30,2025-06-28,3.0,3M ended 2025-06-28,2,srt:ConsolidationItemsAxis=us-gaap:OperatingSegmentsMember;us-gaap:StatementBusinessSegmentsAxis=aapl:AmericasSegmentMember,1
AAPL_10Q_20260627,0000320193-26-000020,10-Q,RevenueFromContractWithCustomerExcludingAssessedTax,us-gaap,"Revenue from Contract with Customer, Excluding Assessed Tax",24014000000.0,usd,-6,duration,2025-03-30,2025-06-28,3.0,3M ended 2025-06-28,2,srt:ConsolidationItemsAxis=us-gaap:OperatingSegmentsMember;us-gaap:StatementBusinessSegmentsAxis=aapl:EuropeSegmentMember,1
AAPL_10Q_20260627,0000320193-26-000020,10-Q,RevenueFromContractWithCustomerExcludingAssessedTax,us-gaap,"Revenue from Contract with Customer, Excluding Assessed Tax",15369000000.0,usd,-6,duration,2025-03-30,2025-06-28,3.0,3M ended 2025-06-28,2,srt:ConsolidationItemsAxis=us-gaap:OperatingSegmentsMember;us-gaap:StatementBusinessSegmentsAxis=aapl:GreaterChinaSegmentMember,1
AAPL_10Q_20260627,0000320193-26-000020,10-Q,RevenueFromContractWithCustomerExcludingAssessedTax,us-gaap,"Revenue from Contract with Customer, Excluding Assessed Tax",5782000000.0,usd,-6,duration,2025-03-30,2025-06-28,3.0,3M ended 2025-06-28,2,srt:ConsolidationItemsAxis=us-gaap:OperatingSegmentsMember;us-gaap:StatementBusinessSegmentsAxis=aapl:JapanSegmentMember,1
AAPL_10Q_20260627,0000320193-26-000020,10-Q,RevenueFromContractWithCustomerExcludingAssessedTax,us-gaap,"Revenue from Contract with Customer, Excluding Assessed Tax",7673000000.0,usd,-6,duration,2025-03-30,2025-06-28,3.0,3M ended 2025-06-28,2,srt:ConsolidationItemsAxis=us-gaap:OperatingSegmentsMember;us-gaap:StatementBusinessSegmentsAxis=aapl:RestOfAsiaPacificSegmentMember,1
AAPL_10Q_20260627,0000320193-26-000020,10-Q,CostOfGoodsAndServicesSold,us-gaap,Cost of Product and Service Sold,22174000000.0,usd,-6,duration,2025-03-30,2025-06-28,3.0,3M ended 2025-06-28,2,srt:ConsolidationItemsAxis=us-gaap:OperatingSegmentsMember;us-gaap:StatementBusinessSegmentsAxis=aapl:AmericasSegmentMember,1
AAPL_10Q_20260627,0000320193-26-000020,10-Q,CostOfGoodsAndServicesSold,us-gaap,Cost of Product and Service Sold,12379000000.0,usd,-6,duration,2025-03-30,2025-06-28,3.0,3M ended 2025-06-28,2,srt:ConsolidationItemsAxis=us-gaap:OperatingSegmentsMember;us-gaap:StatementBusinessSegmentsAxis=aapl:EuropeSegmentMember,1
AAPL_10Q_20260627,0000320193-26-000020,10-Q,CostOfGoodsAndServicesSold,us-gaap,Cost of Product and Service Sold,8970000000.0,usd,-6,duration,2025-03-30,2025-06-28,3.0,3M ended 2025-06-28,2,srt:ConsolidationItemsAxis=us-gaap:OperatingSegmentsMember;us-gaap:StatementBusinessSegmentsAxis=aapl:GreaterChinaSegmentMember,1
AAPL_10Q_20260627,0000320193-26-000020,10-Q,CostOfGoodsAndServicesSold,us-gaap,Cost of Product and Service Sold,2695000000.0,usd,-6,duration,2025-03-30,2025-06-28,3.0,3M ended 2025-06-28,2,srt:ConsolidationItemsAxis=us-gaap:OperatingSegmentsMember;us-gaap:StatementBusinessSegmentsAxis=aapl:JapanSegmentMember,1
AAPL_10Q_20260627,0000320193-26-000020,10-Q,CostOfGoodsAndServicesSold,us-gaap,Cost of Product and Service Sold,4100000000.0,usd,-6,duration,2025-03-30,2025-06-28,3.0,3M ended 2025-06-28,2,srt:ConsolidationItemsAxis=us-gaap:OperatingSegmentsMember;us-gaap:StatementBusinessSegmentsAxis=aapl:RestOfAsiaPacificSegmentMember,1
AAPL_10Q_20260627,0000320193-26-000020,10-Q,ResearchAndDevelopmentExpense,us-gaap,Research and Development Expense,8866000000.0,usd,-6,duration,2025-03-30,2025-06-28,3.0,3M ended 2025-06-28,1,srt:ConsolidationItemsAxis=us-gaap:CorporateNonSegmentMember,1
AAPL_10Q_20260627,0000320193-26-000020,10-Q,SellingAndMarketingExpense,us-gaap,Selling and Marketing Expense,2513000000.0,usd,-6,duration,2025-03-30,2025-06-28,3.0,3M ended 2025-06-28,2,srt:ConsolidationItemsAxis=us-gaap:OperatingSegmentsMember;us-gaap:StatementBusinessSegmentsAxis=aapl:AmericasSegmentMember,1
AAPL_10Q_20260627,0000320193-26-000020,10-Q,SellingAndMarketingExpense,us-gaap,Selling and Marketing Expense,1134000000.0,usd,-6,duration,2025-03-30,2025-06-28,3.0,3M ended 2025-06-28,2,srt:ConsolidationItemsAxis=us-gaap:OperatingSegmentsMember;us-gaap:StatementBusinessSegmentsAxis=aapl:EuropeSegmentMember,1
AAPL_10Q_20260627,0000320193-26-000020,10-Q,SellingAndMarketingExpense,us-gaap,Selling and Marketing Expense,577000000.0,usd,-6,duration,2025-03-30,2025-06-28,3.0,3M ended 2025-06-28,2,srt:ConsolidationItemsAxis=us-gaap:OperatingSegmentsMember;us-gaap:StatementBusinessSegmentsAxis=aapl:GreaterChinaSegmentMember,1
AAPL_10Q_20260627,0000320193-26-000020,10-Q,SellingAndMarketingExpense,us-gaap,Selling and Marketing Expense,215000000.0,usd,-6,duration,2025-03-30,2025-06-28,3.0,3M ended 2025-06-28,2,srt:ConsolidationItemsAxis=us-gaap:OperatingSegmentsMember;us-gaap:StatementBusinessSegmentsAxis=aapl:JapanSegmentMember,1
AAPL_10Q_20260627,0000320193-26-000020,10-Q,SellingAndMarketingExpense,us-gaap,Selling and Marketing Expense,330000000.0,usd,-6,duration,2025-03-30,2025-06-28,3.0,3M ended 2025-06-28,2,srt:ConsolidationItemsAxis=us-gaap:OperatingSegmentsMember;us-gaap:StatementBusinessSegmentsAxis=aapl:RestOfAsiaPacificSegmentMember,1
AAPL_10Q_20260627,0000320193-26-000020,10-Q,SellingAndMarketingExpense,us-gaap,Selling and Marketing Expense,4769000000.0,usd,-6,duration,2025-03-30,2025-06-28,3.0,3M ended 2025-06-28,0,,1
AAPL_10Q_20260627,0000320193-26-000020,10-Q,GeneralAndAdministrativeExpense,us-gaap,General and Administrative Expense,1881000000.0,usd,-6,duration,2025-03-30,2025-06-28,3.0,3M ended 2025-06-28,1,srt:ConsolidationItemsAxis=us-gaap:CorporateNonSegmentMember,1
AAPL_10Q_20260627,0000320193-26-000020,10-Q,GeneralAndAdministrativeExpense,us-gaap,General and Administrative Expense,1881000000.0,usd,-6,duration,2025-03-30,2025-06-28,3.0,3M ended 2025-06-28,0,,1
AAPL_10Q_20260627,0000320193-26-000020,10-Q,OperatingIncomeLoss,us-gaap,Operating Income (Loss),16511000000.0,usd,-6,duration,2025-03-30,2025-06-28,3.0,3M ended 2025-06-28,2,srt:ConsolidationItemsAxis=us-gaap:OperatingSegmentsMember;us-gaap:StatementBusinessSegmentsAxis=aapl:AmericasSegmentMember,1
AAPL_10Q_20260627,0000320193-26-000020,10-Q,OperatingIncomeLoss,us-gaap,Operating Income (Loss),10501000000.0,usd,-6,duration,2025-03-30,2025-06-28,3.0,3M ended 2025-06-28,2,srt:ConsolidationItemsAxis=us-gaap:OperatingSegmentsMember;us-gaap:StatementBusinessSegmentsAxis=aapl:EuropeSegmentMember,1
AAPL_10Q_20260627,0000320193-26-000020,10-Q,OperatingIncomeLoss,us-gaap,Operating Income (Loss),5822000000.0,usd,-6,duration,2025-03-30,2025-06-28,3.0,3M ended 2025-06-28,2,srt:ConsolidationItemsAxis=us-gaap:OperatingSegmentsMember;us-gaap:StatementBusinessSegmentsAxis=aapl:GreaterChinaSegmentMember,1
AAPL_10Q_20260627,0000320193-26-000020,10-Q,OperatingIncomeLoss,us-gaap,Operating Income (Loss),2872000000.0,usd,-6,duration,2025-03-30,2025-06-28,3.0,3M ended 2025-06-28,2,srt:ConsolidationItemsAxis=us-gaap:OperatingSegmentsMember;us-gaap:StatementBusinessSegmentsAxis=aapl:JapanSegmentMember,1
AAPL_10Q_20260627,0000320193-26-000020,10-Q,OperatingIncomeLoss,us-gaap,Operating Income (Loss),3243000000.0,usd,-6,duration,2025-03-30,2025-06-28,3.0,3M ended 2025-06-28,2,srt:ConsolidationItemsAxis=us-gaap:OperatingSegmentsMember;us-gaap:StatementBusinessSegmentsAxis=aapl:RestOfAsiaPacificSegmentMember,1
AAPL_10Q_20260627,0000320193-26-000020,10-Q,OperatingIncomeLoss,us-gaap,Operating Income (Loss),-10747000000.0,usd,-6,duration,2025-03-30,2025-06-28,3.0,3M ended 2025-06-28,1,srt:ConsolidationItemsAxis=us-gaap:CorporateNonSegmentMember,1
AAPL_10Q_20260627,0000320193-26-000020,10-Q,RevenueFromContractWithCustomerExcludingAssessedTax,us-gaap,"Revenue from Contract with Customer, Excluding Assessed Tax",149403000000.0,usd,-6,duration,2025-09-28,2026-06-27,9.0,9M ended 2026-06-27,2,srt:ConsolidationItemsAxis=us-gaap:OperatingSegmentsMember;us-gaap:StatementBusinessSegmentsAxis=aapl:AmericasSegmentMember,1
AAPL_10Q_20260627,0000320193-26-000020,10-Q,RevenueFromContractWithCustomerExcludingAssessedTax,us-gaap,"Revenue from Contract with Customer, Excluding Assessed Tax",95596000000.0,usd,-6,duration,2025-09-28,2026-06-27,9.0,9M ended 2026-06-27,2,srt:ConsolidationItemsAxis=us-gaap:OperatingSegmentsMember;us-gaap:StatementBusinessSegmentsAxis=aapl:EuropeSegmentMember,1
AAPL_10Q_20260627,0000320193-26-000020,10-Q,RevenueFromContractWithCustomerExcludingAssessedTax,us-gaap,"Revenue from Contract with Customer, Excluding Assessed Tax",64839000000.0,usd,-6,duration,2025-09-28,2026-06-27,9.0,9M ended 2026-06-27,2,srt:ConsolidationItemsAxis=us-gaap:OperatingSegmentsMember;us-gaap:StatementBusinessSegmentsAxis=aapl:GreaterChinaSegmentMember,1
AAPL_10Q_20260627,0000320193-26-000020,10-Q,RevenueFromContractWithCustomerExcludingAssessedTax,us-gaap,"Revenue from Contract with Customer, Excluding Assessed Tax",24368000000.0,usd,-6,duration,2025-09-28,2026-06-27,9.0,9M ended 2026-06-27,2,srt:ConsolidationItemsAxis=us-gaap:OperatingSegmentsMember;us-gaap:StatementBusinessSegmentsAxis=aapl:JapanSegmentMember,1
AAPL_10Q_20260627,0000320193-26-000020,10-Q,RevenueFromContractWithCustomerExcludingAssessedTax,us-gaap,"Revenue from Contract with Customer, Excluding Assessed Tax",30151000000.0,usd,-6,duration,2025-09-28,2026-06-27,9.0,9M ended 2026-06-27,2,srt:ConsolidationItemsAxis=us-gaap:OperatingSegmentsMember;us-gaap:StatementBusinessSegmentsAxis=aapl:RestOfAsiaPacificSegmentMember,1
AAPL_10Q_20260627,0000320193-26-000020,10-Q,CostOfGoodsAndServicesSold,us-gaap,Cost of Product and Service Sold,76470000000.0,usd,-6,duration,2025-09-28,2026-06-27,9.0,9M ended 2026-06-27,2,srt:ConsolidationItemsAxis=us-gaap:OperatingSegmentsMember;us-gaap:StatementBusinessSegmentsAxis=aapl:AmericasSegmentMember,1
AAPL_10Q_20260627,0000320193-26-000020,10-Q,CostOfGoodsAndServicesSold,us-gaap,Cost of Product and Service Sold,47549000000.0,usd,-6,duration,2025-09-28,2026-06-27,9.0,9M ended 2026-06-27,2,srt:ConsolidationItemsAxis=us-gaap:OperatingSegmentsMember;us-gaap:StatementBusinessSegmentsAxis=aapl:EuropeSegmentMember,1
AAPL_10Q_20260627,0000320193-26-000020,10-Q,CostOfGoodsAndServicesSold,us-gaap,Cost of Product and Service Sold,34434000000.0,usd,-6,duration,2025-09-28,2026-06-27,9.0,9M ended 2026-06-27,2,srt:ConsolidationItemsAxis=us-gaap:OperatingSegmentsMember;us-gaap:StatementBusinessSegmentsAxis=aapl:GreaterChinaSegmentMember,1
AAPL_10Q_20260627,0000320193-26-000020,10-Q,CostOfGoodsAndServicesSold,us-gaap,Cost of Product and Service Sold,12088000000.0,usd,-6,duration,2025-09-28,2026-06-27,9.0,9M ended 2026-06-27,2,srt:ConsolidationItemsAxis=us-gaap:OperatingSegmentsMember;us-gaap:StatementBusinessSegmentsAxis=aapl:JapanSegmentMember,1
AAPL_10Q_20260627,0000320193-26-000020,10-Q,CostOfGoodsAndServicesSold,us-gaap,Cost of Product and Service Sold,15034000000.0,usd,-6,duration,2025-09-28,2026-06-27,9.0,9M ended 2026-06-27,2,srt:ConsolidationItemsAxis=us-gaap:OperatingSegmentsMember;us-gaap:StatementBusinessSegmentsAxis=aapl:RestOfAsiaPacificSegmentMember,1
AAPL_10Q_20260627,0000320193-26-000020,10-Q,ResearchAndDevelopmentExpense,us-gaap,Research and Development Expense,34035000000.0,usd,-6,duration,2025-09-28,2026-06-27,9.0,9M ended 2026-06-27,1,srt:ConsolidationItemsAxis=us-gaap:CorporateNonSegmentMember,1
AAPL_10Q_20260627,0000320193-26-000020,10-Q,SellingAndMarketingExpense,us-gaap,Selling and Marketing Expense,7906000000.0,usd,-6,duration,2025-09-28,2026-06-27,9.0,9M ended 2026-06-27,2,srt:ConsolidationItemsAxis=us-gaap:OperatingSegmentsMember;us-gaap:StatementBusinessSegmentsAxis=aapl:AmericasSegmentMember,1
AAPL_10Q_20260627,0000320193-26-000020,10-Q,SellingAndMarketingExpense,us-gaap,Selling and Marketing Expense,3762000000.0,usd,-6,duration,2025-09-28,2026-06-27,9.0,9M ended 2026-06-27,2,srt:ConsolidationItemsAxis=us-gaap:OperatingSegmentsMember;us-gaap:StatementBusinessSegmentsAxis=aapl:EuropeSegmentMember,1
AAPL_10Q_20260627,0000320193-26-000020,10-Q,SellingAndMarketingExpense,us-gaap,Selling and Marketing Expense,2018000000.0,usd,-6,duration,2025-09-28,2026-06-27,9.0,9M ended 2026-06-27,2,srt:ConsolidationItemsAxis=us-gaap:OperatingSegmentsMember;us-gaap:StatementBusinessSegmentsAxis=aapl:GreaterChinaSegmentMember,1
AAPL_10Q_20260627,0000320193-26-000020,10-Q,SellingAndMarketingExpense,us-gaap,Selling and Marketing Expense,824000000.0,usd,-6,duration,2025-09-28,2026-06-27,9.0,9M ended 2026-06-27,2,srt:ConsolidationItemsAxis=us-gaap:OperatingSegmentsMember;us-gaap:StatementBusinessSegmentsAxis=aapl:JapanSegmentMember,1
AAPL_10Q_20260627,0000320193-26-000020,10-Q,SellingAndMarketingExpense,us-gaap,Selling and Marketing Expense,1122000000.0,usd,-6,duration,2025-09-28,2026-06-27,9.0,9M ended 2026-06-27,2,srt:ConsolidationItemsAxis=us-gaap:OperatingSegmentsMember;us-gaap:StatementBusinessSegmentsAxis=aapl:RestOfAsiaPacificSegmentMember,1
AAPL_10Q_20260627,0000320193-26-000020,10-Q,SellingAndMarketingExpense,us-gaap,Selling and Marketing Expense,15632000000.0,usd,-6,duration,2025-09-28,2026-06-27,9.0,9M ended 2026-06-27,0,,1
AAPL_10Q_20260627,0000320193-26-000020,10-Q,GeneralAndAdministrativeExpense,us-gaap,General and Administrative Expense,6683000000.0,usd,-6,duration,2025-09-28,2026-06-27,9.0,9M ended 2026-06-27,1,srt:ConsolidationItemsAxis=us-gaap:CorporateNonSegmentMember,1
AAPL_10Q_20260627,0000320193-26-000020,10-Q,GeneralAndAdministrativeExpense,us-gaap,General and Administrative Expense,6683000000.0,usd,-6,duration,2025-09-28,2026-06-27,9.0,9M ended 2026-06-27,0,,1
AAPL_10Q_20260627,0000320193-26-000020,10-Q,OperatingIncomeLoss,us-gaap,Operating Income (Loss),65027000000.0,usd,-6,duration,2025-09-28,2026-06-27,9.0,9M ended 2026-06-27,2,srt:ConsolidationItemsAxis=us-gaap:OperatingSegmentsMember;us-gaap:StatementBusinessSegmentsAxis=aapl:AmericasSegmentMember,1
AAPL_10Q_20260627,0000320193-26-000020,10-Q,OperatingIncomeLoss,us-gaap,Operating Income (Loss),44285000000.0,usd,-6,duration,2025-09-28,2026-06-27,9.0,9M ended 2026-06-27,2,srt:ConsolidationItemsAxis=us-gaap:OperatingSegmentsMember;us-gaap:StatementBusinessSegmentsAxis=aapl:EuropeSegmentMember,1
AAPL_10Q_20260627,0000320193-26-000020,10-Q,OperatingIncomeLoss,us-gaap,Operating Income (Loss),28387000000.0,usd,-6,duration,2025-09-28,2026-06-27,9.0,9M ended 2026-06-27,2,srt:ConsolidationItemsAxis=us-gaap:OperatingSegmentsMember;us-gaap:StatementBusinessSegmentsAxis=aapl:GreaterChinaSegmentMember,1
AAPL_10Q_20260627,0000320193-26-000020,10-Q,OperatingIncomeLoss,us-gaap,Operating Income (Loss),11456000000.0,usd,-6,duration,2025-09-28,2026-06-27,9.0,9M ended 2026-06-27,2,srt:ConsolidationItemsAxis=us-gaap:OperatingSegmentsMember;us-gaap:StatementBusinessSegmentsAxis=aapl:JapanSegmentMember,1
AAPL_10Q_20260627,0000320193-26-000020,10-Q,OperatingIncomeLoss,us-gaap,Operating Income (Loss),13995000000.0,usd,-6,duration,2025-09-28,2026-06-27,9.0,9M ended 2026-06-27,2,srt:ConsolidationItemsAxis=us-gaap:OperatingSegmentsMember;us-gaap:StatementBusinessSegmentsAxis=aapl:RestOfAsiaPacificSegmentMember,1
AAPL_10Q_20260627,0000320193-26-000020,10-Q,OperatingIncomeLoss,us-gaap,Operating Income (Loss),-40718000000.0,usd,-6,duration,2025-09-28,2026-06-27,9.0,9M ended 2026-06-27,1,srt:ConsolidationItemsAxis=us-gaap:CorporateNonSegmentMember,1
AAPL_10Q_20260627,0000320193-26-000020,10-Q,RevenueFromContractWithCustomerExcludingAssessedTax,us-gaap,"Revenue from Contract with Customer, Excluding Assessed Tax",134161000000.0,usd,-6,duration,2024-09-29,2025-06-28,9.0,9M ended 2025-06-28,2,srt:ConsolidationItemsAxis=us-gaap:OperatingSegmentsMember;us-gaap:StatementBusinessSegmentsAxis=aapl:AmericasSegmentMember,1
AAPL_10Q_20260627,0000320193-26-000020,10-Q,RevenueFromContractWithCustomerExcludingAssessedTax,us-gaap,"Revenue from Contract with Customer, Excluding Assessed Tax",82329000000.0,usd,-6,duration,2024-09-29,2025-06-28,9.0,9M ended 2025-06-28,2,srt:ConsolidationItemsAxis=us-gaap:OperatingSegmentsMember;us-gaap:StatementBusinessSegmentsAxis=aapl:EuropeSegmentMember,1
AAPL_10Q_20260627,0000320193-26-000020,10-Q,RevenueFromContractWithCustomerExcludingAssessedTax,us-gaap,"Revenue from Contract with Customer, Excluding Assessed Tax",49884000000.0,usd,-6,duration,2024-09-29,2025-06-28,9.0,9M ended 2025-06-28,2,srt:ConsolidationItemsAxis=us-gaap:OperatingSegmentsMember;us-gaap:StatementBusinessSegmentsAxis=aapl:GreaterChinaSegmentMember,1
AAPL_10Q_20260627,0000320193-26-000020,10-Q,RevenueFromContractWithCustomerExcludingAssessedTax,us-gaap,"Revenue from Contract with Customer, Excluding Assessed Tax",22067000000.0,usd,-6,duration,2024-09-29,2025-06-28,9.0,9M ended 2025-06-28,2,srt:ConsolidationItemsAxis=us-gaap:OperatingSegmentsMember;us-gaap:StatementBusinessSegmentsAxis=aapl:JapanSegmentMember,1
AAPL_10Q_20260627,0000320193-26-000020,10-Q,RevenueFromContractWithCustomerExcludingAssessedTax,us-gaap,"Revenue from Contract with Customer, Excluding Assessed Tax",25254000000.0,usd,-6,duration,2024-09-29,2025-06-28,9.0,9M ended 2025-06-28,2,srt:ConsolidationItemsAxis=us-gaap:OperatingSegmentsMember;us-gaap:StatementBusinessSegmentsAxis=aapl:RestOfAsiaPacificSegmentMember,1
AAPL_10Q_20260627,0000320193-26-000020,10-Q,CostOfGoodsAndServicesSold,us-gaap,Cost of Product and Service Sold,71763000000.0,usd,-6,duration,2024-09-29,2025-06-28,9.0,9M ended 2025-06-28,2,srt:ConsolidationItemsAxis=us-gaap:OperatingSegmentsMember;us-gaap:StatementBusinessSegmentsAxis=aapl:AmericasSegmentMember,1
AAPL_10Q_20260627,0000320193-26-000020,10-Q,CostOfGoodsAndServicesSold,us-gaap,Cost of Product and Service Sold,43447000000.0,usd,-6,duration,2024-09-29,2025-06-28,9.0,9M ended 2025-06-28,2,srt:ConsolidationItemsAxis=us-gaap:OperatingSegmentsMember;us-gaap:StatementBusinessSegmentsAxis=aapl:EuropeSegmentMember,1
AAPL_10Q_20260627,0000320193-26-000020,10-Q,CostOfGoodsAndServicesSold,us-gaap,Cost of Product and Service Sold,27523000000.0,usd,-6,duration,2024-09-29,2025-06-28,9.0,9M ended 2025-06-28,2,srt:ConsolidationItemsAxis=us-gaap:OperatingSegmentsMember;us-gaap:StatementBusinessSegmentsAxis=aapl:GreaterChinaSegmentMember,1
AAPL_10Q_20260627,0000320193-26-000020,10-Q,CostOfGoodsAndServicesSold,us-gaap,Cost of Product and Service Sold,10698000000.0,usd,-6,duration,2024-09-29,2025-06-28,9.0,9M ended 2025-06-28,2,srt:ConsolidationItemsAxis=us-gaap:OperatingSegmentsMember;us-gaap:StatementBusinessSegmentsAxis=aapl:JapanSegmentMember,1
AAPL_10Q_20260627,0000320193-26-000020,10-Q,CostOfGoodsAndServicesSold,us-gaap,Cost of Product and Service Sold,13404000000.0,usd,-6,duration,2024-09-29,2025-06-28,9.0,9M ended 2025-06-28,2,srt:ConsolidationItemsAxis=us-gaap:OperatingSegmentsMember;us-gaap:StatementBusinessSegmentsAxis=aapl:RestOfAsiaPacificSegmentMember,1
AAPL_10Q_20260627,0000320193-26-000020,10-Q,ResearchAndDevelopmentExpense,us-gaap,Research and Development Expense,25684000000.0,usd,-6,duration,2024-09-29,2025-06-28,9.0,9M ended 2025-06-28,1,srt:ConsolidationItemsAxis=us-gaap:CorporateNonSegmentMember,1
AAPL_10Q_20260627,0000320193-26-000020,10-Q,SellingAndMarketingExpense,us-gaap,Selling and Marketing Expense,7604000000.0,usd,-6,duration,2024-09-29,2025-06-28,9.0,9M ended 2025-06-28,2,srt:ConsolidationItemsAxis=us-gaap:OperatingSegmentsMember;us-gaap:StatementBusinessSegmentsAxis=aapl:AmericasSegmentMember,1
AAPL_10Q_20260627,0000320193-26-000020,10-Q,SellingAndMarketingExpense,us-gaap,Selling and Marketing Expense,3458000000.0,usd,-6,duration,2024-09-29,2025-06-28,9.0,9M ended 2025-06-28,2,srt:ConsolidationItemsAxis=us-gaap:OperatingSegmentsMember;us-gaap:StatementBusinessSegmentsAxis=aapl:EuropeSegmentMember,1
AAPL_10Q_20260627,0000320193-26-000020,10-Q,SellingAndMarketingExpense,us-gaap,Selling and Marketing Expense,1753000000.0,usd,-6,duration,2024-09-29,2025-06-28,9.0,9M ended 2025-06-28,2,srt:ConsolidationItemsAxis=us-gaap:OperatingSegmentsMember;us-gaap:StatementBusinessSegmentsAxis=aapl:GreaterChinaSegmentMember,1
AAPL_10Q_20260627,0000320193-26-000020,10-Q,SellingAndMarketingExpense,us-gaap,Selling and Marketing Expense,749000000.0,usd,-6,duration,2024-09-29,2025-06-28,9.0,9M ended 2025-06-28,2,srt:ConsolidationItemsAxis=us-gaap:OperatingSegmentsMember;us-gaap:StatementBusinessSegmentsAxis=aapl:JapanSegmentMember,1
AAPL_10Q_20260627,0000320193-26-000020,10-Q,SellingAndMarketingExpense,us-gaap,Selling and Marketing Expense,1037000000.0,usd,-6,duration,2024-09-29,2025-06-28,9.0,9M ended 2025-06-28,2,srt:ConsolidationItemsAxis=us-gaap:OperatingSegmentsMember;us-gaap:StatementBusinessSegmentsAxis=aapl:RestOfAsiaPacificSegmentMember,1
AAPL_10Q_20260627,0000320193-26-000020,10-Q,SellingAndMarketingExpense,us-gaap,Selling and Marketing Expense,14601000000.0,usd,-6,duration,2024-09-29,2025-06-28,9.0,9M ended 2025-06-28,0,,1
AAPL_10Q_20260627,0000320193-26-000020,10-Q,GeneralAndAdministrativeExpense,us-gaap,General and Administrative Expense,5952000000.0,usd,-6,duration,2024-09-29,2025-06-28,9.0,9M ended 2025-06-28,1,srt:ConsolidationItemsAxis=us-gaap:CorporateNonSegmentMember,1
AAPL_10Q_20260627,0000320193-26-000020,10-Q,GeneralAndAdministrativeExpense,us-gaap,General and Administrative Expense,5952000000.0,usd,-6,duration,2024-09-29,2025-06-28,9.0,9M ended 2025-06-28,0,,1
AAPL_10Q_20260627,0000320193-26-000020,10-Q,OperatingIncomeLoss,us-gaap,Operating Income (Loss),54794000000.0,usd,-6,duration,2024-09-29,2025-06-28,9.0,9M ended 2025-06-28,2,srt:ConsolidationItemsAxis=us-gaap:OperatingSegmentsMember;us-gaap:StatementBusinessSegmentsAxis=aapl:AmericasSegmentMember,1
AAPL_10Q_20260627,0000320193-26-000020,10-Q,OperatingIncomeLoss,us-gaap,Operating Income (Loss),35424000000.0,usd,-6,duration,2024-09-29,2025-06-28,9.0,9M ended 2025-06-28,2,srt:ConsolidationItemsAxis=us-gaap:OperatingSegmentsMember;us-gaap:StatementBusinessSegmentsAxis=aapl:EuropeSegmentMember,1
AAPL_10Q_20260627,0000320193-26-000020,10-Q,OperatingIncomeLoss,us-gaap,Operating Income (Loss),20608000000.0,usd,-6,duration,2024-09-29,2025-06-28,9.0,9M ended 2025-06-28,2,srt:ConsolidationItemsAxis=us-gaap:OperatingSegmentsMember;us-gaap:StatementBusinessSegmentsAxis=aapl:GreaterChinaSegmentMember,1
AAPL_10Q_20260627,0000320193-26-000020,10-Q,OperatingIncomeLoss,us-gaap,Operating Income (Loss),10620000000.0,usd,-6,duration,2024-09-29,2025-06-28,9.0,9M ended 2025-06-28,2,srt:ConsolidationItemsAxis=us-gaap:OperatingSegmentsMember;us-gaap:StatementBusinessSegmentsAxis=aapl:JapanSegmentMember,1
AAPL_10Q_20260627,0000320193-26-000020,10-Q,OperatingIncomeLoss,us-gaap,Operating Income (Loss),10813000000.0,usd,-6,duration,2024-09-29,2025-06-28,9.0,9M ended 2025-06-28,2,srt:ConsolidationItemsAxis=us-gaap:OperatingSegmentsMember;us-gaap:StatementBusinessSegmentsAxis=aapl:RestOfAsiaPacificSegmentMember,1
AAPL_10Q_20260627,0000320193-26-000020,10-Q,OperatingIncomeLoss,us-gaap,Operating Income (Loss),-31636000000.0,usd,-6,duration,2024-09-29,2025-06-28,9.0,9M ended 2025-06-28,1,srt:ConsolidationItemsAxis=us-gaap:CorporateNonSegmentMember,1
AAPL_10Q_20260627,0000320193-26-000020,10-Q,TrdArrSecuritiesAggAvailAmt,ecd,"Trading Arrangement, Securities Aggregate Available Amount",24912.0,shares,0,instant,,2026-06-27,,2026-06-27,1,ecd:IndividualAxis=aapl:JenniferNewsteadMember,1
AAPL_10Q_20260627,0000320193-26-000020,10-Q,TrdArrSecuritiesAggAvailAmt,ecd,"Trading Arrangement, Securities Aggregate Available Amount",16250.0,shares,0,instant,,2026-06-27,,2026-06-27,1,ecd:IndividualAxis=aapl:TimCookMember,1
